time,DXY
2022-01-02 18:00:00,95.64565924018594
2022-01-02 19:00:00,95.68006422910165
2022-01-02 20:00:00,95.75617242007402
2022-01-02 21:00:00,95.76482948946824
2022-01-02 22:00:00,95.88068663315619
2022-01-02 23:00:00,95.85804115994749
2022-01-03 00:00:00,95.89887843603532
2022-01-03 01:00:00,95.91943124898712
2022-01-03 02:00:00,95.88754002614904
2022-01-03 03:00:00,95.85290915692434
2022-01-03 04:00:00,95.83148721590527
2022-01-03 05:00:00,95.80969408609462
2022-01-03 06:00:00,95.79166921702401
2022-01-03 07:00:00,95.79140574333779
2022-01-03 08:00:00,95.78130102189655
2022-01-03 09:00:00,95.87575085927735
2022-01-03 10:00:00,96.18069785617084
2022-01-03 11:00:00,96.29162194480163
2022-01-03 12:00:00,96.27647120729404
2022-01-03 13:00:00,96.30349990625812
2022-01-03 14:00:00,96.22279991100486
2022-01-03 15:00:00,96.21519527094517
2022-01-03 16:00:00,96.23061695078239
2022-01-03 17:00:00,96.22176901488103
2022-01-03 18:00:00,96.23572308427718
2022-01-03 19:00:00,96.19604519145233
2022-01-03 20:00:00,96.1763683427267
2022-01-03 21:00:00,96.17582376341218
2022-01-03 22:00:00,96.22397038290713
2022-01-03 23:00:00,96.26618051568279
2022-01-04 00:00:00,96.24535212235597
2022-01-04 01:00:00,96.21406009133584
2022-01-04 02:00:00,96.29608742930857
2022-01-04 03:00:00,96.27110927523209
2022-01-04 04:00:00,96.29358194575411
2022-01-04 05:00:00,96.2128605389187
2022-01-04 06:00:00,96.2721393147009
2022-01-04 07:00:00,96.40359086303262
2022-01-04 08:00:00,96.46025235260399
2022-01-04 09:00:00,96.36042293867577
2022-01-04 10:00:00,96.3129638930634
2022-01-04 11:00:00,96.10913443505254
2022-01-04 12:00:00,96.21534462998639
2022-01-04 13:00:00,96.2236430999332
2022-01-04 14:00:00,96.32901099554847
2022-01-04 15:00:00,96.26219763347156
2022-01-04 16:00:00,96.2874766592848
2022-01-04 17:00:00,96.28024157935158
2022-01-04 18:00:00,96.2913274750052
2022-01-04 19:00:00,96.29764535443822
2022-01-04 20:00:00,96.3318326603361
2022-01-04 21:00:00,96.26473193288315
2022-01-04 22:00:00,96.23560195725939
2022-01-04 23:00:00,96.21843607875789
2022-01-05 00:00:00,96.26706767298246
2022-01-05 01:00:00,96.23822387164927
2022-01-05 02:00:00,96.20997104558181
2022-01-05 03:00:00,96.19416474384838
2022-01-05 04:00:00,96.1538425279746
2022-01-05 05:00:00,96.13911387626523
2022-01-05 06:00:00,96.11639025226359
2022-01-05 07:00:00,96.03950948244514
2022-01-05 08:00:00,96.1252729213888
2022-01-05 09:00:00,96.02416333464038
2022-01-05 10:00:00,95.94910633088172
2022-01-05 11:00:00,95.93642186848864
2022-01-05 12:00:00,95.9629616013422
2022-01-05 13:00:00,95.92454832260134
2022-01-05 14:00:00,95.95340692403173
2022-01-05 15:00:00,96.17447524405516
2022-01-05 16:00:00,96.1890992029584
2022-01-05 17:00:00,96.16284678524063
2022-01-05 18:00:00,96.18560349660162
2022-01-05 19:00:00,96.18572965771163
2022-01-05 20:00:00,96.20686286087225
2022-01-05 21:00:00,96.1384099296505
2022-01-05 22:00:00,96.131285838416
2022-01-05 23:00:00,96.16797752610596
2022-01-06 00:00:00,96.20789069057108
2022-01-06 01:00:00,96.21728364825623
2022-01-06 02:00:00,96.30819091603658
2022-01-06 03:00:00,96.36072388399627
2022-01-06 04:00:00,96.33312539104104
2022-01-06 05:00:00,96.23535270900226
2022-01-06 06:00:00,96.18459417884988
2022-01-06 07:00:00,96.17290933269764
2022-01-06 08:00:00,96.16361750348143
2022-01-06 09:00:00,96.17083098093744
2022-01-06 10:00:00,96.1204987999178
2022-01-06 11:00:00,96.25388369316445
2022-01-06 12:00:00,96.17146386483861
2022-01-06 13:00:00,96.23771410779139
2022-01-06 14:00:00,96.27689568542367
2022-01-06 15:00:00,96.3212850769003
2022-01-06 16:00:00,96.28700681535425
2022-01-06 17:00:00,96.23209581374421
2022-01-06 18:00:00,96.25016396626332
2022-01-06 19:00:00,96.26122821323185
2022-01-06 20:00:00,96.25290828872693
2022-01-06 21:00:00,96.20050100210314
2022-01-06 22:00:00,96.24030344269923
2022-01-06 23:00:00,96.21503992795937
2022-01-07 00:00:00,96.21325137169728
2022-01-07 01:00:00,96.20490130224307
2022-01-07 02:00:00,96.22721092430102
2022-01-07 03:00:00,96.18836631721037
2022-01-07 04:00:00,96.13414916264995
2022-01-07 05:00:00,96.11671918248402
2022-01-07 06:00:00,96.1649179288722
2022-01-07 07:00:00,96.1695910653904
2022-01-07 08:00:00,96.21864841994412
2022-01-07 09:00:00,96.2069020380022
2022-01-07 10:00:00,95.98003202587354
2022-01-07 11:00:00,95.87359037091073
2022-01-07 12:00:00,95.78417345938189
2022-01-07 13:00:00,95.78769466073581
2022-01-07 14:00:00,95.76773436116052
2022-01-07 15:00:00,95.72032461149418
2022-01-07 16:00:00,95.73491112036021
2022-01-07 17:00:00,95.73781131154003
2022-01-09 18:00:00,95.77553927134693
2022-01-09 19:00:00,95.79120643479706
2022-01-09 20:00:00,95.77323333009839
2022-01-09 21:00:00,95.80108364817823
2022-01-09 22:00:00,95.88705707217778
2022-01-09 23:00:00,95.90352225211713
2022-01-10 00:00:00,95.92140144289154
2022-01-10 01:00:00,95.91524941726914
2022-01-10 02:00:00,95.92460537532054
2022-01-10 03:00:00,95.935524019912
2022-01-10 04:00:00,95.89378861629676
2022-01-10 05:00:00,95.94191910860644
2022-01-10 06:00:00,95.9093431264527
2022-01-10 07:00:00,95.91486695179997
2022-01-10 08:00:00,95.99829729954979
2022-01-10 09:00:00,96.13918931880825
2022-01-10 10:00:00,96.16900044058222
2022-01-10 11:00:00,96.0071607703614
2022-01-10 12:00:00,95.9531330816036
2022-01-10 13:00:00,95.96119365861287
2022-01-10 14:00:00,95.99713501865585
2022-01-10 15:00:00,95.98880610889985
2022-01-10 16:00:00,95.96618714484744
2022-01-10 17:00:00,95.95114805392136
2022-01-10 18:00:00,95.96130801854741
2022-01-10 19:00:00,95.94054294244214
2022-01-10 20:00:00,95.91949699989216
2022-01-10 21:00:00,95.91250279772646
2022-01-10 22:00:00,95.88903314206267
2022-01-10 23:00:00,95.86636780553589
2022-01-11 00:00:00,95.85828963314766
2022-01-11 01:00:00,95.86230021900789
2022-01-11 02:00:00,95.88705354357123
2022-01-11 03:00:00,95.83678888223467
2022-01-11 04:00:00,95.78851536005506
2022-01-11 05:00:00,95.88471301344178
2022-01-11 06:00:00,95.9105284092208
2022-01-11 07:00:00,95.87639367648471
2022-01-11 08:00:00,95.93890059940986
2022-01-11 09:00:00,95.9863211742749
2022-01-11 10:00:00,95.99048031325106
2022-01-11 11:00:00,95.84961702025828
2022-01-11 12:00:00,95.68345201293471
2022-01-11 13:00:00,95.72751079378095
2022-01-11 14:00:00,95.63293496719523
2022-01-11 15:00:00,95.6322955756287
2022-01-11 16:00:00,95.62274614370693
2022-01-11 17:00:00,95.59662648069116
2022-01-11 18:00:00,95.61038079459232
2022-01-11 19:00:00,95.62397077188446
2022-01-11 20:00:00,95.57806842859961
2022-01-11 21:00:00,95.5917749416781
2022-01-11 22:00:00,95.57040817279065
2022-01-11 23:00:00,95.55615457593196
2022-01-12 00:00:00,95.57309527484509
2022-01-12 01:00:00,95.5625373970193
2022-01-12 02:00:00,95.62323613775116
2022-01-12 03:00:00,95.6701952111705
2022-01-12 04:00:00,95.61420064669619
2022-01-12 05:00:00,95.60533375912473
2022-01-12 06:00:00,95.66218226142713
2022-01-12 07:00:00,95.63271518478115
2022-01-12 08:00:00,95.61571478307984
2022-01-12 09:00:00,95.28089155245974
2022-01-12 10:00:00,95.22676242169779
2022-01-12 11:00:00,95.14927063442585
2022-01-12 12:00:00,95.05610702400391
2022-01-12 13:00:00,94.96026739295542
2022-01-12 14:00:00,95.00706459137865
2022-01-12 15:00:00,94.91132614722584
2022-01-12 16:00:00,94.93441971123751
2022-01-12 17:00:00,94.99904125363706
2022-01-12 18:00:00,95.0025180488255
2022-01-12 19:00:00,95.00765836425187
2022-01-12 20:00:00,94.99660907123238
2022-01-12 21:00:00,95.00061297827781
2022-01-12 22:00:00,94.97996033953898
2022-01-12 23:00:00,94.9743250406897
2022-01-13 00:00:00,94.97476343949603
2022-01-13 01:00:00,94.99213754410857
2022-01-13 02:00:00,95.00427957828624
2022-01-13 03:00:00,94.80574521626144
2022-01-13 04:00:00,94.80914541413281
2022-01-13 05:00:00,94.78425028023652
2022-01-13 06:00:00,94.83198155772615
2022-01-13 07:00:00,94.83222431937206
2022-01-13 08:00:00,94.84955039339226
2022-01-13 09:00:00,94.72169579836594
2022-01-13 10:00:00,94.7062108916321
2022-01-13 11:00:00,94.7836010299624
2022-01-13 12:00:00,94.75935966309916
2022-01-13 13:00:00,94.79993408626262
2022-01-13 14:00:00,94.81860490720987
2022-01-13 15:00:00,94.78888907133219
2022-01-13 16:00:00,94.8843882323249
2022-01-13 17:00:00,94.87727606755197
2022-01-13 18:00:00,94.8556128650136
2022-01-13 19:00:00,94.84386361780328
2022-01-13 20:00:00,94.83114746134348
2022-01-13 21:00:00,94.77141926202361
2022-01-13 22:00:00,94.72494386755199
2022-01-13 23:00:00,94.69785439741402
2022-01-14 00:00:00,94.69480670912252
2022-01-14 01:00:00,94.64909100583614
2022-01-14 02:00:00,94.70513012658463
2022-01-14 03:00:00,94.7413878050114
2022-01-14 04:00:00,94.71567869180713
2022-01-14 05:00:00,94.7873100809014
2022-01-14 06:00:00,94.7956392245765
2022-01-14 07:00:00,94.83088078626429
2022-01-14 08:00:00,94.88473368161576
2022-01-14 09:00:00,94.91590781272167
2022-01-14 10:00:00,94.90248467446546
2022-01-14 11:00:00,94.99872726602229
2022-01-14 12:00:00,95.12827569164618
2022-01-14 13:00:00,95.24848074445742
2022-01-14 14:00:00,95.19512876669573
2022-01-14 15:00:00,95.16460267613353
2022-01-14 16:00:00,95.16167202844628
2022-01-14 17:00:00,95.15243513649845
2022-01-16 18:00:00,95.15632214257062
2022-01-16 19:00:00,95.19339603747032
2022-01-16 20:00:00,95.21973269668777
2022-01-16 21:00:00,95.25980971361842
2022-01-16 22:00:00,95.18130703466264
2022-01-16 23:00:00,95.1646777802736
2022-01-17 00:00:00,95.16049354516898
2022-01-17 01:00:00,95.17593614271865
2022-01-17 02:00:00,95.21623334624827
2022-01-17 03:00:00,95.11183287729622
2022-01-17 04:00:00,95.08324826268324
2022-01-17 05:00:00,95.12508048312525
2022-01-17 06:00:00,95.1341260594835
2022-01-17 07:00:00,95.18861643266227
2022-01-17 08:00:00,95.32528748206458
2022-01-17 09:00:00,95.27054189595421
2022-01-17 10:00:00,95.2086402061489
2022-01-17 11:00:00,95.2580198152858
2022-01-17 12:00:00,95.21467060676959
2022-01-17 13:00:00,95.21670989313169
2022-01-17 14:00:00,95.24330229238541
2022-01-17 15:00:00,95.25737432535284
2022-01-17 16:00:00,95.25722308206838
2022-01-17 17:00:00,95.25464001026234
2022-01-17 18:00:00,95.24230482317394
2022-01-17 19:00:00,95.22955857248297
2022-01-17 20:00:00,95.15348486177766
2022-01-17 21:00:00,95.13861744219206
2022-01-17 22:00:00,95.17780120379996
2022-01-17 23:00:00,95.39774261231307
2022-01-18 00:00:00,95.31631591491774
2022-01-18 01:00:00,95.34247755510296
2022-01-18 02:00:00,95.30794168072111
2022-01-18 03:00:00,95.32532551059641
2022-01-18 04:00:00,95.33566861355654
2022-01-18 05:00:00,95.3554220400892
2022-01-18 06:00:00,95.38864066971752
2022-01-18 07:00:00,95.40162180826042
2022-01-18 08:00:00,95.43751342570263
2022-01-18 09:00:00,95.44615071262027
2022-01-18 10:00:00,95.51495337186782
2022-01-18 11:00:00,95.65897840640206
2022-01-18 12:00:00,95.71788073801447
2022-01-18 13:00:00,95.80454656471811
2022-01-18 14:00:00,95.76600526724894
2022-01-18 15:00:00,95.72925378726339
2022-01-18 16:00:00,95.8002730046559
2022-01-18 17:00:00,95.73364555931586
2022-01-18 18:00:00,95.72875033312474
2022-01-18 19:00:00,95.71016447039582
2022-01-18 20:00:00,95.73553862723759
2022-01-18 21:00:00,95.75648381094595
2022-01-18 22:00:00,95.7570838403324
2022-01-18 23:00:00,95.72201471584964
2022-01-19 00:00:00,95.68046260176386
2022-01-19 01:00:00,95.66286577283415
2022-01-19 02:00:00,95.64938246208682
2022-01-19 03:00:00,95.7081823610637
2022-01-19 04:00:00,95.67590452440574
2022-01-19 05:00:00,95.61981690541587
2022-01-19 06:00:00,95.55735175028428
2022-01-19 07:00:00,95.60590219332599
2022-01-19 08:00:00,95.64040293164604
2022-01-19 09:00:00,95.58012202830639
2022-01-19 10:00:00,95.5586451340788
2022-01-19 11:00:00,95.5839253251369
2022-01-19 12:00:00,95.5637572510007
2022-01-19 13:00:00,95.55738137374509
2022-01-19 14:00:00,95.53444396620277
2022-01-19 15:00:00,95.51236386236783
2022-01-19 16:00:00,95.56638139594988
2022-01-19 17:00:00,95.60555725763746
2022-01-19 18:00:00,95.60864498047505
2022-01-19 19:00:00,95.6026530807221
2022-01-19 20:00:00,95.52992219113976
2022-01-19 21:00:00,95.47289119188625
2022-01-19 22:00:00,95.5085693466351
2022-01-19 23:00:00,95.52497127925048
2022-01-20 00:00:00,95.54296933157964
2022-01-20 01:00:00,95.55372399513615
2022-01-20 02:00:00,95.54175044678243
2022-01-20 03:00:00,95.48473825335667
2022-01-20 04:00:00,95.50432834607234
2022-01-20 05:00:00,95.53972251537152
2022-01-20 06:00:00,95.56171573909586
2022-01-20 07:00:00,95.6019159193784
2022-01-20 08:00:00,95.60845125279008
2022-01-20 09:00:00,95.48408022348977
2022-01-20 10:00:00,95.50554520006686
2022-01-20 11:00:00,95.45219568382203
2022-01-20 12:00:00,95.55257726685655
2022-01-20 13:00:00,95.62375576057387
2022-01-20 14:00:00,95.68933733447435
2022-01-20 15:00:00,95.73555648425268
2022-01-20 16:00:00,95.84972448508846
2022-01-20 17:00:00,95.79995685604385
2022-01-20 18:00:00,95.78039797801239
2022-01-20 19:00:00,95.76546677811749
2022-01-20 20:00:00,95.81498893894432
2022-01-20 21:00:00,95.73448832005889
2022-01-20 22:00:00,95.61942440280518
2022-01-20 23:00:00,95.68662692649175
2022-01-21 00:00:00,95.69651413473096
2022-01-21 01:00:00,95.69555720217085
2022-01-21 02:00:00,95.67106346394996
2022-01-21 03:00:00,95.67893740896201
2022-01-21 04:00:00,95.65932225051183
2022-01-21 05:00:00,95.63118640955179
2022-01-21 06:00:00,95.61746592380572
2022-01-21 07:00:00,95.68697135903106
2022-01-21 08:00:00,95.62317968975874
2022-01-21 09:00:00,95.53782370399308
2022-01-21 10:00:00,95.55416150230315
2022-01-21 11:00:00,95.58293292615267
2022-01-21 12:00:00,95.60059979257713
2022-01-21 13:00:00,95.60077779451932
2022-01-21 14:00:00,95.60618187895379
2022-01-21 15:00:00,95.6410327558914
2022-01-21 16:00:00,95.65246604948376
2022-01-21 17:00:00,95.6403172205632
2022-01-23 18:00:00,95.64168803270864
2022-01-23 19:00:00,95.65128418051421
2022-01-23 20:00:00,95.67862091806816
2022-01-23 21:00:00,95.683227555371
2022-01-23 22:00:00,95.70331789842506
2022-01-23 23:00:00,95.72791677470862
2022-01-24 00:00:00,95.72273578068054
2022-01-24 01:00:00,95.78668237663291
2022-01-24 02:00:00,95.76523734455347
2022-01-24 03:00:00,95.75892315525525
2022-01-24 04:00:00,95.76584380060913
2022-01-24 05:00:00,95.75921331455474
2022-01-24 06:00:00,95.85117854974067
2022-01-24 07:00:00,95.95533923776487
2022-01-24 08:00:00,96.00618052379107
2022-01-24 09:00:00,96.05099785658248
2022-01-24 10:00:00,96.05429428308378
2022-01-24 11:00:00,96.0236301128361
2022-01-24 12:00:00,96.05002641562525
2022-01-24 13:00:00,95.92196127448226
2022-01-24 14:00:00,95.87955795196302
2022-01-24 15:00:00,95.92287987687331
2022-01-24 16:00:00,95.926934332623
2022-01-24 17:00:00,95.89438243856058
2022-01-24 18:00:00,95.88796528728307
2022-01-24 19:00:00,95.89789114201133
2022-01-24 20:00:00,95.93347091143515
2022-01-24 21:00:00,95.9348112282773
2022-01-24 22:00:00,95.96146621538806
2022-01-24 23:00:00,95.96225059810655
2022-01-25 00:00:00,95.96759173956168
2022-01-25 01:00:00,95.97659507082132
2022-01-25 02:00:00,96.00095882510873
2022-01-25 03:00:00,96.01083026493798
2022-01-25 04:00:00,96.04490841718238
2022-01-25 05:00:00,96.11773074370018
2022-01-25 06:00:00,96.18688013085685
2022-01-25 07:00:00,96.24388610004266
2022-01-25 08:00:00,96.26120543315926
2022-01-25 09:00:00,96.18370051978478
2022-01-25 10:00:00,96.20064801520614
2022-01-25 11:00:00,96.17479949249174
2022-01-25 12:00:00,96.1086020815497
2022-01-25 13:00:00,96.07176489685445
2022-01-25 14:00:00,95.99869016606677
2022-01-25 15:00:00,95.95012703138914
2022-01-25 16:00:00,95.96903577765951
2022-01-25 17:00:00,95.99702508501987
2022-01-25 18:00:00,95.98284935028695
2022-01-25 19:00:00,95.97449802022359
2022-01-25 20:00:00,95.97345338615077
2022-01-25 21:00:00,95.9552939125903
2022-01-25 22:00:00,95.94932899426894
2022-01-25 23:00:00,95.94912580726734
2022-01-26 00:00:00,95.97270088816816
2022-01-26 01:00:00,95.95897082661008
2022-01-26 02:00:00,96.0316474388247
2022-01-26 03:00:00,96.04469542955917
2022-01-26 04:00:00,96.08451103189769
2022-01-26 05:00:00,96.0559252825602
2022-01-26 06:00:00,96.08005002277852
2022-01-26 07:00:00,96.09679631758848
2022-01-26 08:00:00,96.10995963031769
2022-01-26 09:00:00,96.10873120151041
2022-01-26 10:00:00,96.10546027506524
2022-01-26 11:00:00,96.15721954455498
2022-01-26 12:00:00,96.14038799208716
2022-01-26 13:00:00,96.07444843034249
2022-01-26 14:00:00,96.12141816955915
2022-01-26 15:00:00,96.40893313836317
2022-01-26 16:00:00,96.48937278335063
2022-01-26 17:00:00,96.48321918717808
2022-01-26 18:00:00,96.48579500576783
2022-01-26 19:00:00,96.48186608974967
2022-01-26 20:00:00,96.54567436948392
2022-01-26 21:00:00,96.55521521453358
2022-01-26 22:00:00,96.59837209119134
2022-01-26 23:00:00,96.64715537507004
2022-01-27 00:00:00,96.6443718704065
2022-01-27 01:00:00,96.65928972108887
2022-01-27 02:00:00,96.67798776905322
2022-01-27 03:00:00,96.82526014505613
2022-01-27 04:00:00,96.77729489715364
2022-01-27 05:00:00,96.80521862446032
2022-01-27 06:00:00,96.91138454647125
2022-01-27 07:00:00,97.09005647788732
2022-01-27 08:00:00,97.10962933728281
2022-01-27 09:00:00,97.14935280445998
2022-01-27 10:00:00,97.04986735925115
2022-01-27 11:00:00,97.17589608963135
2022-01-27 12:00:00,97.22705611421046
2022-01-27 13:00:00,97.26182995789222
2022-01-27 14:00:00,97.19758816512486
2022-01-27 15:00:00,97.2585349883582
2022-01-27 16:00:00,97.24681001838381
2022-01-27 17:00:00,97.23369101848283
2022-01-27 18:00:00,97.22126502317502
2022-01-27 19:00:00,97.22973889752899
2022-01-27 20:00:00,97.21150257705351
2022-01-27 21:00:00,97.2051710199104
2022-01-27 22:00:00,97.15424488080467
2022-01-27 23:00:00,97.14787611614065
2022-01-28 00:00:00,97.16153074707948
2022-01-28 01:00:00,97.13355029437352
2022-01-28 02:00:00,97.194672150656
2022-01-28 03:00:00,97.32170037839332
2022-01-28 04:00:00,97.3400554861462
2022-01-28 05:00:00,97.36524669186394
2022-01-28 06:00:00,97.33446349447026
2022-01-28 07:00:00,97.37091247236602
2022-01-28 08:00:00,97.43528500929709
2022-01-28 09:00:00,97.09609545468622
2022-01-28 10:00:00,97.15142846187824
2022-01-28 11:00:00,97.11616626680463
2022-01-28 12:00:00,97.12212903083315
2022-01-28 13:00:00,97.22934816486008
2022-01-28 14:00:00,97.2323959159098
2022-01-28 15:00:00,97.26940936798253
2022-01-28 16:00:00,97.21438818528019
2022-01-28 17:00:00,97.2165976230828
2022-01-30 18:00:00,97.2465096719625
2022-01-30 19:00:00,97.19174171378064
2022-01-30 20:00:00,97.25293977666516
2022-01-30 21:00:00,97.1620991517071
2022-01-30 22:00:00,97.16547448967746
2022-01-30 23:00:00,97.15099960866382
2022-01-31 00:00:00,97.13848882314254
2022-01-31 01:00:00,97.10838729188472
2022-01-31 02:00:00,97.08724678349226
2022-01-31 03:00:00,97.0499409396834
2022-01-31 04:00:00,97.05419754512606
2022-01-31 05:00:00,97.02070915080809
2022-01-31 06:00:00,97.08445223352538
2022-01-31 07:00:00,97.16476326164178
2022-01-31 08:00:00,97.15751097715666
2022-01-31 09:00:00,96.89763857101671
2022-01-31 10:00:00,96.96057124768919
2022-01-31 11:00:00,96.80821879246088
2022-01-31 12:00:00,96.78331716022757
2022-01-31 13:00:00,96.72411444659699
2022-01-31 14:00:00,96.60734485148525
2022-01-31 15:00:00,96.54469547210091
2022-01-31 16:00:00,96.62313169590136
2022-01-31 17:00:00,96.64280893618795
2022-01-31 18:00:00,96.6544945845615
2022-01-31 19:00:00,96.66929899208952
2022-01-31 20:00:00,96.70417564641578
2022-01-31 21:00:00,96.68123762376825
2022-01-31 22:00:00,96.63675776602221
2022-01-31 23:00:00,96.63648167961924
2022-02-01 00:00:00,96.54871551648074
2022-02-01 01:00:00,96.57022574314573
2022-02-01 02:00:00,96.61819079466939
2022-02-01 03:00:00,96.36728521040514
2022-02-01 04:00:00,96.40092483680216
2022-02-01 05:00:00,96.34843055692717
2022-02-01 06:00:00,96.34326783521634
2022-02-01 07:00:00,96.28286080481213
2022-02-01 08:00:00,96.36882471385294
2022-02-01 09:00:00,96.33019234721516
2022-02-01 10:00:00,96.36176556919744
2022-02-01 11:00:00,96.42837054557506
2022-02-01 12:00:00,96.47315084892894
2022-02-01 13:00:00,96.42988170896459
2022-02-01 14:00:00,96.40198676720264
2022-02-01 15:00:00,96.38564017675233
2022-02-01 16:00:00,96.28408723419642
2022-02-01 17:00:00,96.25529024329312
2022-02-01 18:00:00,96.2694905864853
2022-02-01 19:00:00,96.26388144023207
2022-02-01 20:00:00,96.26349014273292
2022-02-01 21:00:00,96.23812711008863
2022-02-01 22:00:00,96.24440105715017
2022-02-01 23:00:00,96.29413794776247
2022-02-02 00:00:00,96.26727990410514
2022-02-02 01:00:00,96.27016946076337
2022-02-02 02:00:00,96.27602643937217
2022-02-02 03:00:00,96.18680955385658
2022-02-02 04:00:00,96.14318112061711
2022-02-02 05:00:00,96.09290874532101
2022-02-02 06:00:00,95.998252258775
2022-02-02 07:00:00,95.9389356130267
2022-02-02 08:00:00,95.84350431903715
2022-02-02 09:00:00,95.96830350964429
2022-02-02 10:00:00,96.00161072346772
2022-02-02 11:00:00,96.0415542639873
2022-02-02 12:00:00,96.02743009687666
2022-02-02 13:00:00,95.94237622692093
2022-02-02 14:00:00,95.95745779103915
2022-02-02 15:00:00,95.93513521968569
2022-02-02 16:00:00,95.98460748826744
2022-02-02 17:00:00,95.98034739002733
2022-02-02 18:00:00,95.99490209249153
2022-02-02 19:00:00,96.02946237802809
2022-02-02 20:00:00,96.05475664579801
2022-02-02 21:00:00,96.02461312233831
2022-02-02 22:00:00,96.04700969080466
2022-02-02 23:00:00,95.99926217246194
2022-02-03 00:00:00,96.0675642453101
2022-02-03 01:00:00,96.05018300081744
2022-02-03 02:00:00,96.11150110984676
2022-02-03 03:00:00,96.07456844274009
2022-02-03 04:00:00,96.10785872296105
2022-02-03 05:00:00,96.18641922815668
2022-02-03 06:00:00,96.22455950932675
2022-02-03 07:00:00,96.19963036020225
2022-02-03 08:00:00,96.12064723498739
2022-02-03 09:00:00,95.7305652066902
2022-02-03 10:00:00,95.57681304681525
2022-02-03 11:00:00,95.43132800759449
2022-02-03 12:00:00,95.40773331990505
2022-02-03 13:00:00,95.29717931807515
2022-02-03 14:00:00,95.30000910061314
2022-02-03 15:00:00,95.37941750362842
2022-02-03 16:00:00,95.40323830738961
2022-02-03 17:00:00,95.339593253643
2022-02-03 18:00:00,95.33381570405213
2022-02-03 19:00:00,95.36024413467891
2022-02-03 20:00:00,95.29291965128093
2022-02-03 21:00:00,95.25608748160653
2022-02-03 22:00:00,95.1981328062421
2022-02-03 23:00:00,95.20053666557885
2022-02-04 00:00:00,95.17663383270019
2022-02-04 01:00:00,95.22710388212656
2022-02-04 02:00:00,95.26376138925211
2022-02-04 03:00:00,95.24882332541681
2022-02-04 04:00:00,95.30165530344505
2022-02-04 05:00:00,95.2850684418233
2022-02-04 06:00:00,95.31212510208415
2022-02-04 07:00:00,95.21476334861559
2022-02-04 08:00:00,95.2873267307961
2022-02-04 09:00:00,95.58526363764999
2022-02-04 10:00:00,95.6606866893856
2022-02-04 11:00:00,95.53001349994135
2022-02-04 12:00:00,95.44960436759834
2022-02-04 13:00:00,95.44862626382654
2022-02-04 14:00:00,95.42787018753022
2022-02-04 15:00:00,95.48478102442719
2022-02-04 16:00:00,95.44244284761217
2022-02-04 17:00:00,95.46681673160782
2022-02-06 18:00:00,95.43785632632043
2022-02-06 19:00:00,95.43847456683858
2022-02-06 20:00:00,95.44873038761192
2022-02-06 21:00:00,95.51256206418039
2022-02-06 22:00:00,95.60262279009544
2022-02-06 23:00:00,95.56796402352886
2022-02-07 00:00:00,95.52116150040057
2022-02-07 01:00:00,95.57625943124998
2022-02-07 02:00:00,95.56033843187898
2022-02-07 03:00:00,95.50768084200219
2022-02-07 04:00:00,95.51069522128643
2022-02-07 05:00:00,95.5734413557568
2022-02-07 06:00:00,95.6075535765791
2022-02-07 07:00:00,95.45674876512989
2022-02-07 08:00:00,95.38027755552476
2022-02-07 09:00:00,95.4683493642157
2022-02-07 10:00:00,95.45445371829159
2022-02-07 11:00:00,95.41328182922582
2022-02-07 12:00:00,95.4757051672879
2022-02-07 13:00:00,95.57730693044016
2022-02-07 14:00:00,95.51453505304129
2022-02-07 15:00:00,95.39908194508841
2022-02-07 16:00:00,95.43828224001332
2022-02-07 17:00:00,95.41353426959624
2022-02-07 18:00:00,95.41535348520152
2022-02-07 19:00:00,95.40921395368781
2022-02-07 20:00:00,95.43130150276122
2022-02-07 21:00:00,95.47107121643569
2022-02-07 22:00:00,95.51935470991815
2022-02-07 23:00:00,95.51496705256127
2022-02-08 00:00:00,95.57086381567885
2022-02-08 01:00:00,95.62213282279305
2022-02-08 02:00:00,95.59686085809253
2022-02-08 03:00:00,95.71091969942367
2022-02-08 04:00:00,95.62854637547092
2022-02-08 05:00:00,95.6191014522105
2022-02-08 06:00:00,95.50107949412138
2022-02-08 07:00:00,95.52999516942492
2022-02-08 08:00:00,95.60769018516979
2022-02-08 09:00:00,95.64707655749861
2022-02-08 10:00:00,95.66889856029353
2022-02-08 11:00:00,95.62080130667255
2022-02-08 12:00:00,95.63412458751884
2022-02-08 13:00:00,95.60328019090889
2022-02-08 14:00:00,95.57360690192091
2022-02-08 15:00:00,95.63824048886259
2022-02-08 16:00:00,95.60076573442323
2022-02-08 17:00:00,95.61146648108333
2022-02-08 18:00:00,95.61243801078433
2022-02-08 19:00:00,95.59416164092656
2022-02-08 20:00:00,95.63905468336802
2022-02-08 21:00:00,95.55940021187983
2022-02-08 22:00:00,95.49125396935845
2022-02-08 23:00:00,95.50624261168575
2022-02-09 00:00:00,95.53373359354049
2022-02-09 01:00:00,95.56214982124861
2022-02-09 02:00:00,95.59765016888352
2022-02-09 03:00:00,95.6257725685732
2022-02-09 04:00:00,95.53000892349824
2022-02-09 05:00:00,95.504368429405
2022-02-09 06:00:00,95.41361905337149
2022-02-09 07:00:00,95.48804395966049
2022-02-09 08:00:00,95.44208352126992
2022-02-09 09:00:00,95.44830346624843
2022-02-09 10:00:00,95.48511643023213
2022-02-09 11:00:00,95.50741969190128
2022-02-09 12:00:00,95.47757863511956
2022-02-09 13:00:00,95.4588224639493
2022-02-09 14:00:00,95.4906647204696
2022-02-09 15:00:00,95.49674880497052
2022-02-09 16:00:00,95.53789560304116
2022-02-09 17:00:00,95.55325970929212
2022-02-09 18:00:00,95.5686904407794
2022-02-09 19:00:00,95.58062333779165
2022-02-09 20:00:00,95.5984797747591
2022-02-09 21:00:00,95.58498759974643
2022-02-09 22:00:00,95.52571357965412
2022-02-09 23:00:00,95.53313410438345
2022-02-10 00:00:00,95.56289565004015
2022-02-10 01:00:00,95.55904388859622
2022-02-10 02:00:00,95.570294117248
2022-02-10 03:00:00,95.51387651910608
2022-02-10 04:00:00,95.5107007269437
2022-02-10 05:00:00,95.47101916978643
2022-02-10 06:00:00,95.51999266406506
2022-02-10 07:00:00,95.55154989120442
2022-02-10 08:00:00,95.52207577846536
2022-02-10 09:00:00,95.7807958508426
2022-02-10 10:00:00,95.76692538892082
2022-02-10 11:00:00,95.35940514453635
2022-02-10 12:00:00,95.19656449275024
2022-02-10 13:00:00,95.38791091541837
2022-02-10 14:00:00,95.39710353258303
2022-02-10 15:00:00,95.5498764608217
2022-02-10 16:00:00,95.68243121056496
2022-02-10 17:00:00,95.68458648751078
2022-02-10 18:00:00,95.68673064148072
2022-02-10 19:00:00,95.79425447316694
2022-02-10 20:00:00,95.87627337386861
2022-02-10 21:00:00,95.83953363466463
2022-02-10 22:00:00,95.83663383528817
2022-02-10 23:00:00,95.91467522689605
2022-02-11 00:00:00,95.99593329474322
2022-02-11 01:00:00,95.95045066335999
2022-02-11 02:00:00,96.01484706281204
2022-02-11 03:00:00,95.9352590880321
2022-02-11 04:00:00,95.87143167542402
2022-02-11 05:00:00,95.91081138924802
2022-02-11 06:00:00,95.82770065801674
2022-02-11 07:00:00,95.84852176607008
2022-02-11 08:00:00,95.74020101190183
2022-02-11 09:00:00,95.82881107055879
2022-02-11 10:00:00,95.83293568206963
2022-02-11 11:00:00,95.71408994439395
2022-02-11 12:00:00,95.70098570389841
2022-02-11 13:00:00,95.73709575070495
2022-02-11 14:00:00,95.98952397814047
2022-02-11 15:00:00,96.09725789845906
2022-02-11 16:00:00,96.06266713699065
2022-02-11 17:00:00,96.04543238629216
2022-02-13 18:00:00,96.06056335505012
2022-02-13 19:00:00,95.93531622413717
2022-02-13 20:00:00,95.93986757434502
2022-02-13 21:00:00,95.99531194045828
2022-02-13 22:00:00,96.08112030423158
2022-02-13 23:00:00,96.0847473905741
2022-02-14 00:00:00,96.06926999905384
2022-02-14 01:00:00,96.01979443135755
2022-02-14 02:00:00,96.05186878819832
2022-02-14 03:00:00,96.09352632893918
2022-02-14 04:00:00,96.30722688014983
2022-02-14 05:00:00,96.25861311487158
2022-02-14 06:00:00,96.26797630765476
2022-02-14 07:00:00,96.28463099989906
2022-02-14 08:00:00,96.17454808949552
2022-02-14 09:00:00,96.25970449480975
2022-02-14 10:00:00,96.2092576997306
2022-02-14 11:00:00,96.32514164235702
2022-02-14 12:00:00,96.32661177261649
2022-02-14 13:00:00,96.27389277551475
2022-02-14 14:00:00,96.3412300925183
2022-02-14 15:00:00,96.37896744306923
2022-02-14 16:00:00,96.36885064798373
2022-02-14 17:00:00,96.27846070586936
2022-02-14 18:00:00,96.29023844636549
2022-02-14 19:00:00,96.28479601568127
2022-02-14 20:00:00,96.22155397473881
2022-02-14 21:00:00,96.23467167890283
2022-02-14 22:00:00,96.1909750317319
2022-02-14 23:00:00,96.20809353450022
2022-02-15 00:00:00,96.19619000582014
2022-02-15 01:00:00,96.20970433541278
2022-02-15 02:00:00,96.17447144109778
2022-02-15 03:00:00,96.23224547977946
2022-02-15 04:00:00,96.0139205198892
2022-02-15 05:00:00,96.03280436807796
2022-02-15 06:00:00,96.03324242703408
2022-02-15 07:00:00,96.06140429377614
2022-02-15 08:00:00,96.08225583538638
2022-02-15 09:00:00,96.00964823795424
2022-02-15 10:00:00,96.28039355603407
2022-02-15 11:00:00,96.06599342881728
2022-02-15 12:00:00,95.97857501223288
2022-02-15 13:00:00,96.01246981388847
2022-02-15 14:00:00,96.024273649164
2022-02-15 15:00:00,95.98975767285063
2022-02-15 16:00:00,95.99628127530204
2022-02-15 17:00:00,95.97828477808918
2022-02-15 18:00:00,95.98633903456498
2022-02-15 19:00:00,96.00887297647269
2022-02-15 20:00:00,96.00117365717165
2022-02-15 21:00:00,96.01361569596895
2022-02-15 22:00:00,96.0453753157275
2022-02-15 23:00:00,96.05708263861047
2022-02-16 00:00:00,96.0393936099876
2022-02-16 01:00:00,96.00214229033945
2022-02-16 02:00:00,95.93325534458772
2022-02-16 03:00:00,95.8622876784246
2022-02-16 04:00:00,95.78005584706847
2022-02-16 05:00:00,95.8396074953235
2022-02-16 06:00:00,95.82547283859915
2022-02-16 07:00:00,95.81516941327479
2022-02-16 08:00:00,95.91326203093854
2022-02-16 09:00:00,95.90688622653944
2022-02-16 10:00:00,95.88472295269985
2022-02-16 11:00:00,95.87807823202384
2022-02-16 12:00:00,95.77737396879586
2022-02-16 13:00:00,95.8150712215495
2022-02-16 14:00:00,95.81457791001135
2022-02-16 15:00:00,95.6971908231046
2022-02-16 16:00:00,95.7570607147376
2022-02-16 17:00:00,95.82343340349927
2022-02-16 18:00:00,95.81161651535687
2022-02-16 19:00:00,95.82597209912885
2022-02-16 20:00:00,95.79386193171979
2022-02-16 21:00:00,95.77726601678265
2022-02-16 22:00:00,95.7738945334983
2022-02-16 23:00:00,96.03183583554102
2022-02-17 00:00:00,96.00546239122997
2022-02-17 01:00:00,95.89860549190102
2022-02-17 02:00:00,95.89325789446085
2022-02-17 03:00:00,95.79106015988752
2022-02-17 04:00:00,95.8801721781
2022-02-17 05:00:00,95.84940572936385
2022-02-17 06:00:00,95.75703807700599
2022-02-17 07:00:00,95.81736485691157
2022-02-17 08:00:00,95.7204072864096
2022-02-17 09:00:00,95.83112810536913
2022-02-17 10:00:00,95.84463982220235
2022-02-17 11:00:00,95.77392469554394
2022-02-17 12:00:00,95.81559837959944
2022-02-17 13:00:00,95.8284734879431
2022-02-17 14:00:00,95.79508271757406
2022-02-17 15:00:00,95.79365241470603
2022-02-17 16:00:00,95.82640780715506
2022-02-17 17:00:00,95.81931420601784
2022-02-17 18:00:00,95.82697663402477
2022-02-17 19:00:00,95.80580189953608
2022-02-17 20:00:00,95.84633706509771
2022-02-17 21:00:00,95.81406316618788
2022-02-17 22:00:00,95.82898752407604
2022-02-17 23:00:00,95.8073947155818
2022-02-18 00:00:00,95.8356276788072
2022-02-18 01:00:00,95.8269087652974
2022-02-18 02:00:00,95.78488547315987
2022-02-18 03:00:00,95.75984171007089
2022-02-18 04:00:00,95.74020577567316
2022-02-18 05:00:00,95.76513104126627
2022-02-18 06:00:00,95.84879786634009
2022-02-18 07:00:00,95.83179244519772
2022-02-18 08:00:00,95.82672915987162
2022-02-18 09:00:00,95.90708055281985
2022-02-18 10:00:00,95.8962585556589
2022-02-18 11:00:00,96.00664416715915
2022-02-18 12:00:00,96.09614609373692
2022-02-18 13:00:00,96.12238625006981
2022-02-18 14:00:00,96.05315966394899
2022-02-18 15:00:00,96.04621009088015
2022-02-18 16:00:00,96.1005364124148
2022-02-18 17:00:00,96.10328019768325
2022-02-20 18:00:00,96.1134905280993
2022-02-20 19:00:00,96.1319993435023
2022-02-20 20:00:00,96.04293750421184
2022-02-20 21:00:00,95.90247935189001
2022-02-20 22:00:00,95.8726493507117
2022-02-20 23:00:00,95.8440538496795
2022-02-21 00:00:00,95.83696619301585
2022-02-21 01:00:00,95.82994580742213
2022-02-21 02:00:00,95.7896078225772
2022-02-21 03:00:00,95.7618718454234
2022-02-21 04:00:00,95.85616694324351
2022-02-21 05:00:00,95.8085231510525
2022-02-21 06:00:00,95.8550597765948
2022-02-21 07:00:00,95.90996483664564
2022-02-21 08:00:00,95.99211896305829
2022-02-21 09:00:00,96.01349549328643
2022-02-21 10:00:00,95.99363166343126
2022-02-21 11:00:00,95.97194759943822
2022-02-21 12:00:00,95.91026492276298
2022-02-21 13:00:00,95.9724156665326
2022-02-21 14:00:00,96.08369635825186
2022-02-21 15:00:00,96.0761378676369
2022-02-21 16:00:00,96.10407057388701
2022-02-21 17:00:00,96.12415910589378
2022-02-21 18:00:00,96.13486433545923
2022-02-21 19:00:00,96.12304278253508
2022-02-21 20:00:00,96.10835164911153
2022-02-21 21:00:00,96.17307711511255
2022-02-21 22:00:00,96.15369769895263
2022-02-21 23:00:00,96.22022651039342
2022-02-22 00:00:00,96.1957151733913
2022-02-22 01:00:00,96.13851466447638
2022-02-22 02:00:00,96.15945419907919
2022-02-22 03:00:00,96.23639174554958
2022-02-22 04:00:00,96.06168824328408
2022-02-22 05:00:00,96.08087954456786
2022-02-22 06:00:00,95.91675570226694
2022-02-22 07:00:00,95.98290868308513
2022-02-22 08:00:00,95.95417372561181
2022-02-22 09:00:00,96.00481337046774
2022-02-22 10:00:00,96.00717076814739
2022-02-22 11:00:00,95.99923841897105
2022-02-22 12:00:00,95.93971904964725
2022-02-22 13:00:00,96.00782578830282
2022-02-22 14:00:00,96.06644130539378
2022-02-22 15:00:00,96.02457046733885
2022-02-22 16:00:00,96.08786956286895
2022-02-22 17:00:00,96.08054474536472
2022-02-22 18:00:00,96.08201407299877
2022-02-22 19:00:00,96.06806582393766
2022-02-22 20:00:00,96.02317685813424
2022-02-22 21:00:00,96.00432074439807
2022-02-22 22:00:00,96.08884524531801
2022-02-22 23:00:00,96.0544265166123
2022-02-23 00:00:00,96.053452788928
2022-02-23 01:00:00,96.06043456270095
2022-02-23 02:00:00,96.07778195507616
2022-02-23 03:00:00,95.9693695087051
2022-02-23 04:00:00,95.92285342751265
2022-02-23 05:00:00,95.87249353495515
2022-02-23 06:00:00,95.88222993690835
2022-02-23 07:00:00,95.96415722769476
2022-02-23 08:00:00,95.96249679417357
2022-02-23 09:00:00,95.85314636102018
2022-02-23 10:00:00,96.00647347176731
2022-02-23 11:00:00,96.06916314855631
2022-02-23 12:00:00,96.14153267540672
2022-02-23 13:00:00,96.15055264248194
2022-02-23 14:00:00,96.1595604971038
2022-02-23 15:00:00,96.19171746743028
2022-02-23 16:00:00,96.20893481123663
2022-02-23 17:00:00,96.20879702811278
2022-02-23 18:00:00,96.19896386988317
2022-02-23 19:00:00,96.1866468086532
2022-02-23 20:00:00,96.3710744643481
2022-02-23 21:00:00,96.28966181774427
2022-02-23 22:00:00,96.40995445900538
2022-02-23 23:00:00,96.58859394808161
2022-02-24 00:00:00,96.56390271955895
2022-02-24 01:00:00,96.59771085457977
2022-02-24 02:00:00,96.55009532264522
2022-02-24 03:00:00,96.61259870268015
2022-02-24 04:00:00,96.67367827251807
2022-02-24 05:00:00,96.87029993594885
2022-02-24 06:00:00,97.05764905507199
2022-02-24 07:00:00,97.10440047798568
2022-02-24 08:00:00,97.1324688929573
2022-02-24 09:00:00,97.23381821022787
2022-02-24 10:00:00,97.38766921131791
2022-02-24 11:00:00,97.71842538981386
2022-02-24 12:00:00,97.36730687447047
2022-02-24 13:00:00,97.23941639623968
2022-02-24 14:00:00,97.08330328625603
2022-02-24 15:00:00,97.13360967996888
2022-02-24 16:00:00,97.04704442485794
2022-02-24 17:00:00,97.08881218573191
2022-02-24 18:00:00,97.0558650230227
2022-02-24 19:00:00,97.10522341923625
2022-02-24 20:00:00,97.01724239264922
2022-02-24 21:00:00,96.99241050561163
2022-02-24 22:00:00,96.91126404456666
2022-02-24 23:00:00,96.86442194224915
2022-02-25 00:00:00,96.82057912053213
2022-02-25 01:00:00,96.79349364808574
2022-02-25 02:00:00,96.95413756441411
2022-02-25 03:00:00,96.91333974553089
2022-02-25 04:00:00,97.14102426908364
2022-02-25 05:00:00,97.1297477421617
2022-02-25 06:00:00,97.1332053797524
2022-02-25 07:00:00,97.10675671582035
2022-02-25 08:00:00,96.87888183556143
2022-02-25 09:00:00,96.78191005095701
2022-02-25 10:00:00,96.87843766750404
2022-02-25 11:00:00,96.73197171844923
2022-02-25 12:00:00,96.67481629974728
2022-02-25 13:00:00,96.8096641126971
2022-02-25 14:00:00,96.69334747937303
2022-02-25 15:00:00,96.61246532751474
2022-02-25 16:00:00,96.57436663743808
2022-02-25 17:00:00,96.5436720150013
2022-02-27 18:00:00,97.33927690319928
2022-02-27 19:00:00,97.14547551445686
2022-02-27 20:00:00,97.1464299322688
2022-02-27 21:00:00,97.2175929039218
2022-02-27 22:00:00,97.3032155566046
2022-02-27 23:00:00,97.3582942325344
2022-02-28 00:00:00,97.38892097207695
2022-02-28 01:00:00,97.29563759249855
2022-02-28 02:00:00,97.27105421202747
2022-02-28 03:00:00,97.07871024766725
2022-02-28 04:00:00,97.16107428366863
2022-02-28 05:00:00,97.12907995074924
2022-02-28 06:00:00,96.77696979920606
2022-02-28 07:00:00,96.98524673953867
2022-02-28 08:00:00,96.99145907442212
2022-02-28 09:00:00,96.83590986293997
2022-02-28 10:00:00,96.7668231077506
2022-02-28 11:00:00,96.66864758208449
2022-02-28 12:00:00,96.6923134770656
2022-02-28 13:00:00,96.84498603426614
2022-02-28 14:00:00,96.75093836822371
2022-02-28 15:00:00,96.69719988491167
2022-02-28 16:00:00,96.76808286351911
2022-02-28 17:00:00,96.70427778346098
2022-02-28 18:00:00,96.7121707129383
2022-02-28 19:00:00,96.74607421074411
2022-02-28 20:00:00,96.82465044896918
2022-02-28 21:00:00,96.83941797963901
2022-02-28 22:00:00,96.86797283438034
2022-02-28 23:00:00,96.89807824828435
2022-03-01 00:00:00,96.86180344547245
2022-03-01 01:00:00,96.85410222087016
2022-03-01 02:00:00,96.78596908014524
2022-03-01 03:00:00,96.65268461255567
2022-03-01 04:00:00,96.65121290884439
2022-03-01 05:00:00,96.83986378715844
2022-03-01 06:00:00,96.95456780129565
2022-03-01 07:00:00,96.96355070310916
2022-03-01 08:00:00,97.06732498639482
2022-03-01 09:00:00,97.06321358027137
2022-03-01 10:00:00,97.11331721071326
2022-03-01 11:00:00,97.20839159802208
2022-03-01 12:00:00,97.47994422293742
2022-03-01 13:00:00,97.46649128515128
2022-03-01 14:00:00,97.3782788388879
2022-03-01 15:00:00,97.41012017362868
2022-03-01 16:00:00,97.35221846683847
2022-03-01 17:00:00,97.4001146514465
2022-03-01 18:00:00,97.41291283487772
2022-03-01 19:00:00,97.31765669024513
2022-03-01 20:00:00,97.38736764986875
2022-03-01 21:00:00,97.36866093864558
2022-03-01 22:00:00,97.38864940295421
2022-03-01 23:00:00,97.43246726745447
2022-03-02 00:00:00,97.4142325450125
2022-03-02 01:00:00,97.4664144617063
2022-03-02 02:00:00,97.59472884595198
2022-03-02 03:00:00,97.62124581786672
2022-03-02 04:00:00,97.65890761569469
2022-03-02 05:00:00,97.66320795300302
2022-03-02 06:00:00,97.58938273675491
2022-03-02 07:00:00,97.55625145143266
2022-03-02 08:00:00,97.46009998645786
2022-03-02 09:00:00,97.5150316231589
2022-03-02 10:00:00,97.5883767248938
2022-03-02 11:00:00,97.77321738020026
2022-03-02 12:00:00,97.5180663294077
2022-03-02 13:00:00,97.53185066727644
2022-03-02 14:00:00,97.34007055469536
2022-03-02 15:00:00,97.38009629867332
2022-03-02 16:00:00,97.3231668777973
2022-03-02 17:00:00,97.34057017685916
2022-03-02 18:00:00,97.3650663317291
2022-03-02 19:00:00,97.41814264484499
2022-03-02 20:00:00,97.49614102960874
2022-03-02 21:00:00,97.52718858432772
2022-03-02 22:00:00,97.4683408736974
2022-03-02 23:00:00,97.51217093694494
2022-03-03 00:00:00,97.5094050534374
2022-03-03 01:00:00,97.47153424414442
2022-03-03 02:00:00,97.43702222353443
2022-03-03 03:00:00,97.49779060212937
2022-03-03 04:00:00,97.53750850254896
2022-03-03 05:00:00,97.61767970059317
2022-03-03 06:00:00,97.58322235917058
2022-03-03 07:00:00,97.60416846896801
2022-03-03 08:00:00,97.65584887227442
2022-03-03 09:00:00,97.58947051202396
2022-03-03 10:00:00,97.6191553529027
2022-03-03 11:00:00,97.7863422077363
2022-03-03 12:00:00,97.84890483982416
2022-03-03 13:00:00,97.84119082005178
2022-03-03 14:00:00,97.74306462390487
2022-03-03 15:00:00,97.78584156053373
2022-03-03 16:00:00,97.75241392665082
2022-03-03 17:00:00,97.72874076396297
2022-03-03 18:00:00,97.72548717375315
2022-03-03 19:00:00,97.72084882999665
2022-03-03 20:00:00,98.06777484062803
2022-03-03 21:00:00,97.83846121911196
2022-03-03 22:00:00,97.94377530229812
2022-03-03 23:00:00,97.96256164858553
2022-03-04 00:00:00,97.9049704384246
2022-03-04 01:00:00,97.95176058676248
2022-03-04 02:00:00,98.0385511910443
2022-03-04 03:00:00,98.0576238452539
2022-03-04 04:00:00,98.06551579102317
2022-03-04 05:00:00,98.08843159464128
2022-03-04 06:00:00,98.13579951968862
2022-03-04 07:00:00,98.31278395344525
2022-03-04 08:00:00,98.56584110979969
2022-03-04 09:00:00,98.78713023044175
2022-03-04 10:00:00,98.75009105071146
2022-03-04 11:00:00,98.63536476168639
2022-03-04 12:00:00,98.67779496644691
2022-03-04 13:00:00,98.54489468552919
2022-03-04 14:00:00,98.4967227645008
2022-03-04 15:00:00,98.63964358381524
2022-03-04 16:00:00,98.4879433357409
2022-03-04 17:00:00,98.49142981037387
2022-03-06 18:00:00,98.56992991007661
2022-03-06 19:00:00,98.8881350008832
2022-03-06 20:00:00,98.99169769644554
2022-03-06 21:00:00,99.07475997084097
2022-03-06 22:00:00,99.07123682803592
2022-03-06 23:00:00,98.90843454855938
2022-03-07 00:00:00,98.84824710050343
2022-03-07 01:00:00,98.87218758096152
2022-03-07 02:00:00,98.87231832006454
2022-03-07 03:00:00,98.92800032839901
2022-03-07 04:00:00,99.01937636074592
2022-03-07 05:00:00,99.07201586911947
2022-03-07 06:00:00,99.25149243840185
2022-03-07 07:00:00,99.07917489295475
2022-03-07 08:00:00,98.91665307171452
2022-03-07 09:00:00,98.880631780029
2022-03-07 10:00:00,98.94992228359523
2022-03-07 11:00:00,99.07466389027455
2022-03-07 12:00:00,99.2064119502659
2022-03-07 13:00:00,99.13216232957207
2022-03-07 14:00:00,99.09454232556728
2022-03-07 15:00:00,99.2917056041689
2022-03-07 16:00:00,99.1491780989833
2022-03-07 17:00:00,99.25388978067267
2022-03-07 18:00:00,99.24853383081879
2022-03-07 19:00:00,99.16792530213466
2022-03-07 20:00:00,99.24519165925412
2022-03-07 21:00:00,99.12771562310856
2022-03-07 22:00:00,99.11168670548368
2022-03-07 23:00:00,99.15681384783612
2022-03-08 00:00:00,99.15525373081206
2022-03-08 01:00:00,99.24555793701546
2022-03-08 02:00:00,99.24907897828561
2022-03-08 03:00:00,99.26387900676905
2022-03-08 04:00:00,99.0396920151667
2022-03-08 05:00:00,99.09589949384284
2022-03-08 06:00:00,99.03563293040511
2022-03-08 07:00:00,99.07362138600979
2022-03-08 08:00:00,99.03501939120389
2022-03-08 09:00:00,98.97386228594532
2022-03-08 10:00:00,99.00155862837337
2022-03-08 11:00:00,99.20032884735177
2022-03-08 12:00:00,99.21461105234376
2022-03-08 13:00:00,98.81088513697746
2022-03-08 14:00:00,99.00014720837804
2022-03-08 15:00:00,99.06400322189243
2022-03-08 16:00:00,99.06255272192313
2022-03-08 17:00:00,99.12381068110466
2022-03-08 18:00:00,99.09374966385585
2022-03-08 19:00:00,99.12025240648528
2022-03-08 20:00:00,99.02150146583031
2022-03-08 21:00:00,99.02409734254101
2022-03-08 22:00:00,99.01078355459168
2022-03-08 23:00:00,99.07070634363161
2022-03-09 00:00:00,98.98863134799183
2022-03-09 01:00:00,98.99235738850365
2022-03-09 02:00:00,98.97875847125441
2022-03-09 03:00:00,98.99305621351255
2022-03-09 04:00:00,98.75198413360803
2022-03-09 05:00:00,98.61116932293947
2022-03-09 06:00:00,98.61760592240827
2022-03-09 07:00:00,98.60730183441045
2022-03-09 08:00:00,98.51939660974371
2022-03-09 09:00:00,98.32786531764758
2022-03-09 10:00:00,98.22458068840608
2022-03-09 11:00:00,98.15552728022921
2022-03-09 12:00:00,98.01101953675351
2022-03-09 13:00:00,97.87077683397452
2022-03-09 14:00:00,98.05586621247663
2022-03-09 15:00:00,97.9679517244092
2022-03-09 16:00:00,97.98270107661732
2022-03-09 17:00:00,97.95178760790314
2022-03-09 18:00:00,98.0005291379826
2022-03-09 19:00:00,97.9703304998153
2022-03-09 20:00:00,98.11426852732046
2022-03-09 21:00:00,98.16367849333754
2022-03-09 22:00:00,98.15176558865483
2022-03-09 23:00:00,98.11426186039986
2022-03-10 00:00:00,98.13537048070363
2022-03-10 01:00:00,98.10437919654981
2022-03-10 02:00:00,98.09926532040038
2022-03-10 03:00:00,98.02085638004536
2022-03-10 04:00:00,98.2603710998496
2022-03-10 05:00:00,98.1911674662556
2022-03-10 06:00:00,98.2372959394157
2022-03-10 07:00:00,98.20538825016179
2022-03-10 08:00:00,97.83818085566517
2022-03-10 09:00:00,98.03405040776966
2022-03-10 10:00:00,98.34317653830591
2022-03-10 11:00:00,98.28786431864627
2022-03-10 12:00:00,98.3830456142257
2022-03-10 13:00:00,98.49856281161799
2022-03-10 14:00:00,98.49851445825904
2022-03-10 15:00:00,98.50979347290094
2022-03-10 16:00:00,98.58526374697279
2022-03-10 17:00:00,98.52194467819184
2022-03-10 18:00:00,98.5268181307045
2022-03-10 19:00:00,98.36080248968972
2022-03-10 20:00:00,98.48445483162746
2022-03-10 21:00:00,98.56827068016963
2022-03-10 22:00:00,98.51693255718261
2022-03-10 23:00:00,98.47604616101636
2022-03-11 00:00:00,98.51549853019586
2022-03-11 01:00:00,98.55781335685944
2022-03-11 02:00:00,98.49724086777752
2022-03-11 03:00:00,98.63807086805006
2022-03-11 04:00:00,98.72569596161473
2022-03-11 05:00:00,98.75449052413609
2022-03-11 06:00:00,98.66059511936565
2022-03-11 07:00:00,98.44425735986573
2022-03-11 08:00:00,98.60896823815706
2022-03-11 09:00:00,98.51842751205001
2022-03-11 10:00:00,98.61314862671388
2022-03-11 11:00:00,98.70414307075076
2022-03-11 12:00:00,98.91470437530621
2022-03-11 13:00:00,99.06133601194975
2022-03-11 14:00:00,99.13193225735917
2022-03-11 15:00:00,99.11906985719884
2022-03-11 16:00:00,99.11763087660043
2022-03-11 17:00:00,99.12614904121364
2022-03-13 18:00:00,99.08790647715152
2022-03-13 19:00:00,99.06136268226751
2022-03-13 20:00:00,99.0156956087687
2022-03-13 21:00:00,99.03665111218473
2022-03-13 22:00:00,99.14996688149661
2022-03-13 23:00:00,99.24868374297154
2022-03-14 00:00:00,99.27139494211033
2022-03-14 01:00:00,99.15973043934764
2022-03-14 02:00:00,99.22606985445995
2022-03-14 03:00:00,99.18418566360349
2022-03-14 04:00:00,99.05953376394145
2022-03-14 05:00:00,98.88400294214942
2022-03-14 06:00:00,98.75241102389111
2022-03-14 07:00:00,98.91196660750234
2022-03-14 08:00:00,99.03641473843432
2022-03-14 09:00:00,98.87435320357136
2022-03-14 10:00:00,98.98825583771989
2022-03-14 11:00:00,98.80494823950815
2022-03-14 12:00:00,98.79231617489413
2022-03-14 13:00:00,98.83109861505771
2022-03-14 14:00:00,98.86604090636247
2022-03-14 15:00:00,99.00262204877674
2022-03-14 16:00:00,99.07256300471632
2022-03-14 17:00:00,99.12633870031718
2022-03-14 18:00:00,99.09018388338829
2022-03-14 19:00:00,99.147613776229
2022-03-14 20:00:00,99.1029532140308
2022-03-14 21:00:00,99.06132102831594
2022-03-14 22:00:00,99.0715678915071
2022-03-14 23:00:00,98.93915430342584
2022-03-15 00:00:00,98.88034853090177
2022-03-15 01:00:00,98.86858359331535
2022-03-15 02:00:00,98.85894856742948
2022-03-15 03:00:00,98.9658528514305
2022-03-15 04:00:00,98.72503217188371
2022-03-15 05:00:00,98.73191639922504
2022-03-15 06:00:00,98.72463622161362
2022-03-15 07:00:00,98.78394670218778
2022-03-15 08:00:00,98.81410994940633
2022-03-15 09:00:00,98.7588461584882
2022-03-15 10:00:00,98.70004529737248
2022-03-15 11:00:00,98.82249878675692
2022-03-15 12:00:00,98.89322334134754
2022-03-15 13:00:00,99.02345211020341
2022-03-15 14:00:00,99.10623116133597
2022-03-15 15:00:00,99.09413274176124
2022-03-15 16:00:00,99.00145211856102
2022-03-15 17:00:00,99.00027382850865
2022-03-15 18:00:00,99.02314662780543
2022-03-15 19:00:00,98.9399319095672
2022-03-15 20:00:00,98.92697889775437
2022-03-15 21:00:00,98.9993195732594
2022-03-15 22:00:00,98.89796184609236
2022-03-15 23:00:00,98.88169830690455
2022-03-16 00:00:00,98.90023839529024
2022-03-16 01:00:00,98.89274953482719
2022-03-16 02:00:00,98.80734285149718
2022-03-16 03:00:00,98.7882750386688
2022-03-16 04:00:00,98.95521513452239
2022-03-16 05:00:00,98.71839991645943
2022-03-16 06:00:00,98.73957909597634
2022-03-16 07:00:00,98.65772914875288
2022-03-16 08:00:00,98.53342650269276
2022-03-16 09:00:00,98.65677405199274
2022-03-16 10:00:00,98.60283286967798
2022-03-16 11:00:00,98.52483909882955
2022-03-16 12:00:00,98.69067087385405
2022-03-16 13:00:00,98.62464384210804
2022-03-16 14:00:00,98.74622435198059
2022-03-16 15:00:00,98.63467426030849
2022-03-16 16:00:00,98.30589367758557
2022-03-16 17:00:00,98.37571899007018
2022-03-16 18:00:00,98.39867197729026
2022-03-16 19:00:00,98.50994271432066
2022-03-16 20:00:00,98.48527973696785
2022-03-16 21:00:00,98.28951812032308
2022-03-16 22:00:00,98.3938166244737
2022-03-16 23:00:00,98.33275032377983
2022-03-17 00:00:00,98.37629490195296
2022-03-17 01:00:00,98.37683374471855
2022-03-17 02:00:00,98.44805031658618
2022-03-17 03:00:00,98.3578326598692
2022-03-17 04:00:00,98.28508129619779
2022-03-17 05:00:00,98.24158893983476
2022-03-17 06:00:00,98.23022510503306
2022-03-17 07:00:00,98.26967816685776
2022-03-17 08:00:00,98.22690782623161
2022-03-17 09:00:00,98.38086357388774
2022-03-17 10:00:00,98.21884172862404
2022-03-17 11:00:00,98.1288309082914
2022-03-17 12:00:00,97.89700346388707
2022-03-17 13:00:00,97.76552880606187
2022-03-17 14:00:00,97.79684552571217
2022-03-17 15:00:00,97.97541673290914
2022-03-17 16:00:00,97.97990162963856
2022-03-17 17:00:00,98.02521611263849
2022-03-17 18:00:00,98.02457446916672
2022-03-17 19:00:00,98.00747521379368
2022-03-17 20:00:00,97.96327249559772
2022-03-17 21:00:00,97.97798157445179
2022-03-17 22:00:00,98.04320334652093
2022-03-17 23:00:00,98.06155122158312
2022-03-18 00:00:00,98.0701913981428
2022-03-18 01:00:00,98.1080226274094
2022-03-18 02:00:00,98.04565054108446
2022-03-18 03:00:00,98.0692148610062
2022-03-18 04:00:00,98.0970575122593
2022-03-18 05:00:00,98.16600907565523
2022-03-18 06:00:00,98.23851505651396
2022-03-18 07:00:00,98.36112260623555
2022-03-18 08:00:00,98.44693243532679
2022-03-18 09:00:00,98.49286292343169
2022-03-18 10:00:00,98.45329265478476
2022-03-18 11:00:00,98.4092198308181
2022-03-18 12:00:00,98.28334665385212
2022-03-18 13:00:00,98.18351753685928
2022-03-18 14:00:00,98.19030217849297
2022-03-18 15:00:00,98.23532623812324
2022-03-18 16:00:00,98.21287387436502
2022-03-18 17:00:00,98.22799426664346
2022-03-20 18:00:00,98.24555981374387
2022-03-20 19:00:00,98.29143793695884
2022-03-20 20:00:00,98.31248191359414
2022-03-20 21:00:00,98.28058066568373
2022-03-20 22:00:00,98.27907280436287
2022-03-20 23:00:00,98.26302346648139
2022-03-21 00:00:00,98.29752426200047
2022-03-21 01:00:00,98.33002646732993
2022-03-21 02:00:00,98.33393468881839
2022-03-21 03:00:00,98.36411470485119
2022-03-21 04:00:00,98.26847105855309
2022-03-21 05:00:00,98.22653282188064
2022-03-21 06:00:00,98.23973581193187
2022-03-21 07:00:00,98.3158029725373
2022-03-21 08:00:00,98.37809578377126
2022-03-21 09:00:00,98.3514404038778
2022-03-21 10:00:00,98.32797320835283
2022-03-21 11:00:00,98.25155827183481
2022-03-21 12:00:00,98.23040058726588
2022-03-21 13:00:00,98.26736269865867
2022-03-21 14:00:00,98.37942988449373
2022-03-21 15:00:00,98.49742194125214
2022-03-21 16:00:00,98.4973219095849
2022-03-21 17:00:00,98.4826788616605
2022-03-21 18:00:00,98.47457786756823
2022-03-21 19:00:00,98.46151089946252
2022-03-21 20:00:00,98.49592714051732
2022-03-21 21:00:00,98.7444401753534
2022-03-21 22:00:00,98.68051360641797
2022-03-21 23:00:00,98.62603188628877
2022-03-22 00:00:00,98.61659277897819
2022-03-22 01:00:00,98.79618812148823
2022-03-22 02:00:00,98.83182747547694
2022-03-22 03:00:00,98.92706505334249
2022-03-22 04:00:00,98.81896328607769
2022-03-22 05:00:00,98.64287273018977
2022-03-22 06:00:00,98.74030283730224
2022-03-22 07:00:00,98.66202448489261
2022-03-22 08:00:00,98.65739566400299
2022-03-22 09:00:00,98.51139987981206
2022-03-22 10:00:00,98.34322798482641
2022-03-22 11:00:00,98.42542365891794
2022-03-22 12:00:00,98.48362588715388
2022-03-22 13:00:00,98.51817586723497
2022-03-22 14:00:00,98.49573455211716
2022-03-22 15:00:00,98.4937062082409
2022-03-22 16:00:00,98.43338201410533
2022-03-22 17:00:00,98.44384019838859
2022-03-22 18:00:00,98.43777745383211
2022-03-22 19:00:00,98.46143581310353
2022-03-22 20:00:00,98.51253950181513
2022-03-22 21:00:00,98.50484659290663
2022-03-22 22:00:00,98.4946683950316
2022-03-22 23:00:00,98.42761959963896
2022-03-23 00:00:00,98.47510002461772
2022-03-23 01:00:00,98.4781719832641
2022-03-23 02:00:00,98.4086000024457
2022-03-23 03:00:00,98.46899295551196
2022-03-23 04:00:00,98.54263719501319
2022-03-23 05:00:00,98.57624374666315
2022-03-23 06:00:00,98.67894552311346
2022-03-23 07:00:00,98.65628585158683
2022-03-23 08:00:00,98.75535706763515
2022-03-23 09:00:00,98.74881338464058
2022-03-23 10:00:00,98.87691646358951
2022-03-23 11:00:00,98.7953265471768
2022-03-23 12:00:00,98.64742779426464
2022-03-23 13:00:00,98.65448896858672
2022-03-23 14:00:00,98.6296436028489
2022-03-23 15:00:00,98.61873581639404
2022-03-23 16:00:00,98.64067208591516
2022-03-23 17:00:00,98.63108409776156
2022-03-23 18:00:00,98.6393776035471
2022-03-23 19:00:00,98.67139037673176
2022-03-23 20:00:00,98.63458956814178
2022-03-23 21:00:00,98.65457382915906
2022-03-23 22:00:00,98.77060717715457
2022-03-23 23:00:00,98.78324906596778
2022-03-24 00:00:00,98.78720467585737
2022-03-24 01:00:00,98.78623055652291
2022-03-24 02:00:00,98.8605785399865
2022-03-24 03:00:00,98.82171798193609
2022-03-24 04:00:00,98.87854738496708
2022-03-24 05:00:00,98.8890765832677
2022-03-24 06:00:00,98.82252944956984
2022-03-24 07:00:00,98.79004080103887
2022-03-24 08:00:00,98.76132570945616
2022-03-24 09:00:00,98.80769576314414
2022-03-24 10:00:00,98.91512501615047
2022-03-24 11:00:00,98.73235498412778
2022-03-24 12:00:00,98.71478602109543
2022-03-24 13:00:00,98.88644136389964
2022-03-24 14:00:00,98.8302039687863
2022-03-24 15:00:00,98.79149317590925
2022-03-24 16:00:00,98.77779453329165
2022-03-24 17:00:00,98.78619323806686
2022-03-24 18:00:00,98.79097813647495
2022-03-24 19:00:00,98.74858606038507
2022-03-24 20:00:00,98.71650373122813
2022-03-24 21:00:00,98.6928454066197
2022-03-24 22:00:00,98.51362304848648
2022-03-24 23:00:00,98.53135700658042
2022-03-25 00:00:00,98.51605980529868
2022-03-25 01:00:00,98.45993700273064
2022-03-25 02:00:00,98.50844449517272
2022-03-25 03:00:00,98.52848438340803
2022-03-25 04:00:00,98.57896948999807
2022-03-25 05:00:00,98.61848970375662
2022-03-25 06:00:00,98.68150458050098
2022-03-25 07:00:00,98.60720895872758
2022-03-25 08:00:00,98.57148410033251
2022-03-25 09:00:00,98.67575032071954
2022-03-25 10:00:00,98.6711969999172
2022-03-25 11:00:00,98.60041280832878
2022-03-25 12:00:00,98.82595339479346
2022-03-25 13:00:00,98.77754540744607
2022-03-25 14:00:00,98.76342082088597
2022-03-25 15:00:00,98.78701353798436
2022-03-25 16:00:00,98.79988006305251
2022-03-25 17:00:00,98.8009757018239
2022-03-27 18:00:00,98.80101318702364
2022-03-27 19:00:00,98.85526976419503
2022-03-27 20:00:00,98.8544900369132
2022-03-27 21:00:00,98.93375781460156
2022-03-27 22:00:00,99.10970403372615
2022-03-27 23:00:00,99.09559594086932
2022-03-28 00:00:00,99.11455941361784
2022-03-28 01:00:00,99.130601358834
2022-03-28 02:00:00,99.18732969638636
2022-03-28 03:00:00,99.17092037709266
2022-03-28 04:00:00,99.26302445871875
2022-03-28 05:00:00,99.11556099869703
2022-03-28 06:00:00,99.16495263096598
2022-03-28 07:00:00,99.0862264555482
2022-03-28 08:00:00,99.25809678829116
2022-03-28 09:00:00,99.2771452116912
2022-03-28 10:00:00,99.29523268591969
2022-03-28 11:00:00,99.2683174969722
2022-03-28 12:00:00,99.16660948855119
2022-03-28 13:00:00,99.07603173991178
2022-03-28 14:00:00,99.15399974516393
2022-03-28 15:00:00,99.09064643531553
2022-03-28 16:00:00,99.13771058619267
2022-03-28 17:00:00,99.15076521240913
2022-03-28 18:00:00,99.14746939701637
2022-03-28 19:00:00,99.15917836522792
2022-03-28 20:00:00,99.08055952628321
2022-03-28 21:00:00,99.26529252325177
2022-03-28 22:00:00,99.07484831301336
2022-03-28 23:00:00,99.03923129290685
2022-03-29 00:00:00,99.02183598758967
2022-03-29 01:00:00,99.09160096679342
2022-03-29 02:00:00,99.11699345436412
2022-03-29 03:00:00,98.96144197363033
2022-03-29 04:00:00,99.00437953675554
2022-03-29 05:00:00,99.1450835120669
2022-03-29 06:00:00,98.80663921370481
2022-03-29 07:00:00,98.7198501118939
2022-03-29 08:00:00,98.46693617947138
2022-03-29 09:00:00,98.2348717975272
2022-03-29 10:00:00,98.07478002700704
2022-03-29 11:00:00,98.29948102883164
2022-03-29 12:00:00,98.24645912689819
2022-03-29 13:00:00,98.4464001889207
2022-03-29 14:00:00,98.48719963660434
2022-03-29 15:00:00,98.4059610045579
2022-03-29 16:00:00,98.40061116152016
2022-03-29 17:00:00,98.42393631491576
2022-03-29 18:00:00,98.41132005033123
2022-03-29 19:00:00,98.39997659093324
2022-03-29 20:00:00,98.42304362758368
2022-03-29 21:00:00,98.31447479836284
2022-03-29 22:00:00,98.25684924865014
2022-03-29 23:00:00,98.15187293450016
2022-03-30 00:00:00,98.10904110172949
2022-03-30 01:00:00,98.158983461372
2022-03-30 02:00:00,98.1402476989295
2022-03-30 03:00:00,98.13112432311283
2022-03-30 04:00:00,98.02725184519853
2022-03-30 05:00:00,97.81901186882769
2022-03-30 06:00:00,97.8971644908874
2022-03-30 07:00:00,98.004102934045
2022-03-30 08:00:00,97.91649763495397
2022-03-30 09:00:00,97.99462556663468
2022-03-30 10:00:00,97.74848940801748
2022-03-30 11:00:00,97.76444016339052
2022-03-30 12:00:00,97.8156079462942
2022-03-30 13:00:00,97.82058777400636
2022-03-30 14:00:00,97.89186536189634
2022-03-30 15:00:00,97.79375973300358
2022-03-30 16:00:00,97.86101920045908
2022-03-30 17:00:00,97.82530209987527
2022-03-30 18:00:00,97.83743920148328
2022-03-30 19:00:00,97.8316080862634
2022-03-30 20:00:00,97.83438533702073
2022-03-30 21:00:00,97.79243147574037
2022-03-30 22:00:00,97.77909634701817
2022-03-30 23:00:00,97.86142600392068
2022-03-31 00:00:00,97.89873786614248
2022-03-31 01:00:00,97.91325838224718
2022-03-31 02:00:00,97.85529036536605
2022-03-31 03:00:00,97.77002151195896
2022-03-31 04:00:00,97.87675143505976
2022-03-31 05:00:00,98.07203340790748
2022-03-31 06:00:00,98.15127258525432
2022-03-31 07:00:00,98.2180470125064
2022-03-31 08:00:00,98.15687473167523
2022-03-31 09:00:00,98.13566011099638
2022-03-31 10:00:00,98.17782316041176
2022-03-31 11:00:00,97.97928643494302
2022-03-31 12:00:00,98.13749967038066
2022-03-31 13:00:00,98.22772217005429
2022-03-31 14:00:00,98.22536935590573
2022-03-31 15:00:00,98.31083752331104
2022-03-31 16:00:00,98.37887058647452
2022-03-31 17:00:00,98.35023095726775
2022-03-31 18:00:00,98.34170213883729
2022-03-31 19:00:00,98.31811769409596
2022-03-31 20:00:00,98.31726227087692
2022-03-31 21:00:00,98.4014872642193
2022-03-31 22:00:00,98.39743718427326
2022-03-31 23:00:00,98.49118657286982
2022-04-01 00:00:00,98.4672562879111
2022-04-01 01:00:00,98.47662756190522
2022-04-01 02:00:00,98.43464346567382
2022-04-01 03:00:00,98.42220522170507
2022-04-01 04:00:00,98.54918854744948
2022-04-01 05:00:00,98.47033949682881
2022-04-01 06:00:00,98.4724719538796
2022-04-01 07:00:00,98.39646295432243
2022-04-01 08:00:00,98.51455926432416
2022-04-01 09:00:00,98.6077758734558
2022-04-01 10:00:00,98.63459600574677
2022-04-01 11:00:00,98.65209325848143
2022-04-01 12:00:00,98.5865948369576
2022-04-01 13:00:00,98.63452196304415
2022-04-01 14:00:00,98.64617879383572
2022-04-01 15:00:00,98.6334807369826
2022-04-01 16:00:00,98.56882385687871
2022-04-01 17:00:00,98.55821568671688
2022-04-03 18:00:00,98.62821616072215
2022-04-03 19:00:00,98.6240536904479
2022-04-03 20:00:00,98.6118397629048
2022-04-03 21:00:00,98.55238439551715
2022-04-03 22:00:00,98.57311099834634
2022-04-03 23:00:00,98.57820190616297
2022-04-04 00:00:00,98.59198406884065
2022-04-04 01:00:00,98.57302181962395
2022-04-04 02:00:00,98.54654621167084
2022-04-04 03:00:00,98.59690975480748
2022-04-04 04:00:00,98.64182713798508
2022-04-04 05:00:00,98.71727450873166
2022-04-04 06:00:00,98.7876143878125
2022-04-04 07:00:00,98.88185225394129
2022-04-04 08:00:00,98.90584689405256
2022-04-04 09:00:00,98.84909403679247
2022-04-04 10:00:00,98.86999908701709
2022-04-04 11:00:00,98.84988537251091
2022-04-04 12:00:00,98.87351195766179
2022-04-04 13:00:00,98.99497105472602
2022-04-04 14:00:00,99.06228272786655
2022-04-04 15:00:00,99.00226703496051
2022-04-04 16:00:00,99.01188129998037
2022-04-04 17:00:00,98.99394769741404
2022-04-04 18:00:00,98.98910244944734
2022-04-04 19:00:00,98.99327483132768
2022-04-04 20:00:00,98.9839101372489
2022-04-04 21:00:00,98.95100471497211
2022-04-04 22:00:00,98.98769338292463
2022-04-04 23:00:00,98.99205010682324
2022-04-05 00:00:00,98.96637517822316
2022-04-05 01:00:00,99.00497861141905
2022-04-05 02:00:00,98.95811970913245
2022-04-05 03:00:00,98.91716258392758
2022-04-05 04:00:00,98.91139409384799
2022-04-05 05:00:00,98.9825029394188
2022-04-05 06:00:00,98.90031992630797
2022-04-05 07:00:00,98.96562112356776
2022-04-05 08:00:00,98.95522801892452
2022-04-05 09:00:00,98.95080849690844
2022-04-05 10:00:00,98.88135374402385
2022-04-05 11:00:00,99.17479023824497
2022-04-05 12:00:00,99.33913555526631
2022-04-05 13:00:00,99.40957187866898
2022-04-05 14:00:00,99.41387069645269
2022-04-05 15:00:00,99.47024636882455
2022-04-05 16:00:00,99.49288267145076
2022-04-05 17:00:00,99.48280919713784
2022-04-05 18:00:00,99.48031872939325
2022-04-05 19:00:00,99.47024600139058
2022-04-05 20:00:00,99.48471989463596
2022-04-05 21:00:00,99.59013345337357
2022-04-05 22:00:00,99.62295587799744
2022-04-05 23:00:00,99.57800722674637
2022-04-06 00:00:00,99.54791447170334
2022-04-06 01:00:00,99.5872912922534
2022-04-06 02:00:00,99.6838415077972
2022-04-06 03:00:00,99.663616950841
2022-04-06 04:00:00,99.60475081742764
2022-04-06 05:00:00,99.39117145162767
2022-04-06 06:00:00,99.46297530776147
2022-04-06 07:00:00,99.4953943623383
2022-04-06 08:00:00,99.46405877842376
2022-04-06 09:00:00,99.35289234767208
2022-04-06 10:00:00,99.4989216986278
2022-04-06 11:00:00,99.44318970320339
2022-04-06 12:00:00,99.49448995207005
2022-04-06 13:00:00,99.52030977364164
2022-04-06 14:00:00,99.5831505069601
2022-04-06 15:00:00,99.59904438497928
2022-04-06 16:00:00,99.59505903259151
2022-04-06 17:00:00,99.63551953743618
2022-04-06 18:00:00,99.62908117293856
2022-04-06 19:00:00,99.6599069679727
2022-04-06 20:00:00,99.63921223436869
2022-04-06 21:00:00,99.53219839652525
2022-04-06 22:00:00,99.53675734327418
2022-04-06 23:00:00,99.53625230780226
2022-04-07 00:00:00,99.57204042963015
2022-04-07 01:00:00,99.52885025186929
2022-04-07 02:00:00,99.4940011068568
2022-04-07 03:00:00,99.5156093957863
2022-04-07 04:00:00,99.59955987542088
2022-04-07 05:00:00,99.7361135917464
2022-04-07 06:00:00,99.64798619637406
2022-04-07 07:00:00,99.64977190341463
2022-04-07 08:00:00,99.55111944789965
2022-04-07 09:00:00,99.5684758612978
2022-04-07 10:00:00,99.56922179057092
2022-04-07 11:00:00,99.59485055601942
2022-04-07 12:00:00,99.66145381466539
2022-04-07 13:00:00,99.80035831910283
2022-04-07 14:00:00,99.75399231648613
2022-04-07 15:00:00,99.7512780449631
2022-04-07 16:00:00,99.80156920550138
2022-04-07 17:00:00,99.77165817262063
2022-04-07 18:00:00,99.76525672299466
2022-04-07 19:00:00,99.81251212064963
2022-04-07 20:00:00,99.86711972856997
2022-04-07 21:00:00,99.84904358567714
2022-04-07 22:00:00,99.81774892669893
2022-04-07 23:00:00,99.8774434492633
2022-04-08 00:00:00,99.84443376761095
2022-04-08 01:00:00,99.91362065675031
2022-04-08 02:00:00,99.8184302793437
2022-04-08 03:00:00,99.89765066802075
2022-04-08 04:00:00,99.86743964659632
2022-04-08 05:00:00,99.88190717308639
2022-04-08 06:00:00,99.87943310455367
2022-04-08 07:00:00,99.77357378449639
2022-04-08 08:00:00,99.91554728471881
2022-04-08 09:00:00,100.0253845284511
2022-04-08 10:00:00,100.16588951443472
2022-04-08 11:00:00,99.91670572637558
2022-04-08 12:00:00,99.85042787490411
2022-04-08 13:00:00,99.87572958215439
2022-04-08 14:00:00,99.88925403334036
2022-04-08 15:00:00,99.79571412412977
2022-04-08 16:00:00,99.82860172620897
2022-04-08 17:00:00,99.83734651843837
2022-04-10 18:00:00,99.63187250260438
2022-04-10 19:00:00,99.74701625917436
2022-04-10 20:00:00,99.81527091586858
2022-04-10 21:00:00,99.840243091175
2022-04-10 22:00:00,99.84821071988875
2022-04-10 23:00:00,99.9625360033017
2022-04-11 00:00:00,99.91914943649743
2022-04-11 01:00:00,99.90055067299087
2022-04-11 02:00:00,99.85726223919366
2022-04-11 03:00:00,100.01251636826258
2022-04-11 04:00:00,99.79270414937511
2022-04-11 05:00:00,99.81373414249809
2022-04-11 06:00:00,99.67105441145111
2022-04-11 07:00:00,99.77085811446611
2022-04-11 08:00:00,99.88174903981627
2022-04-11 09:00:00,99.8339423884741
2022-04-11 10:00:00,100.0047991261704
2022-04-11 11:00:00,99.89759274403757
2022-04-11 12:00:00,100.01864841192791
2022-04-11 13:00:00,100.02168079210237
2022-04-11 14:00:00,100.00290653156198
2022-04-11 15:00:00,99.9318976738232
2022-04-11 16:00:00,99.986616178873
2022-04-11 17:00:00,99.98174775685041
2022-04-11 18:00:00,99.97990642110958
2022-04-11 19:00:00,100.01095254808317
2022-04-11 20:00:00,100.04228824399071
2022-04-11 21:00:00,100.06554945074622
2022-04-11 22:00:00,100.08175000818511
2022-04-11 23:00:00,100.07858880734166
2022-04-12 00:00:00,100.05033468493954
2022-04-12 01:00:00,100.01054208712607
2022-04-12 02:00:00,100.07653924246263
2022-04-12 03:00:00,100.17580075256329
2022-04-12 04:00:00,100.09873772060688
2022-04-12 05:00:00,100.17287513264857
2022-04-12 06:00:00,100.09874433308701
2022-04-12 07:00:00,100.11876656815097
2022-04-12 08:00:00,100.112775227538
2022-04-12 09:00:00,99.79514050005679
2022-04-12 10:00:00,100.00033464418573
2022-04-12 11:00:00,99.9707735873755
2022-04-12 12:00:00,100.09679969749993
2022-04-12 13:00:00,100.1793552820866
2022-04-12 14:00:00,100.26945421108496
2022-04-12 15:00:00,100.30104151973873
2022-04-12 16:00:00,100.29704309865342
2022-04-12 17:00:00,100.32870234395524
2022-04-12 18:00:00,100.31805656496839
2022-04-12 19:00:00,100.31502705285101
2022-04-12 20:00:00,100.33114503947395
2022-04-12 21:00:00,100.42240842171218
2022-04-12 22:00:00,100.31635477037688
2022-04-12 23:00:00,100.27124018633172
2022-04-13 00:00:00,100.24893429962984
2022-04-13 01:00:00,100.3005614425934
2022-04-13 02:00:00,100.2209789853572
2022-04-13 03:00:00,100.46529883992386
2022-04-13 04:00:00,100.33167664726446
2022-04-13 05:00:00,100.34219033702237
2022-04-13 06:00:00,100.36121436439358
2022-04-13 07:00:00,100.4184928809373
2022-04-13 08:00:00,100.3804918304212
2022-04-13 09:00:00,100.4792381656143
2022-04-13 10:00:00,100.44703844196137
2022-04-13 11:00:00,100.22185704898561
2022-04-13 12:00:00,100.00414849452581
2022-04-13 13:00:00,99.9201140348526
2022-04-13 14:00:00,99.94966433311588
2022-04-13 15:00:00,99.87575202614507
2022-04-13 16:00:00,99.90088866700117
2022-04-13 17:00:00,99.83861466793019
2022-04-13 18:00:00,99.85303326692195
2022-04-13 19:00:00,99.84133086148354
2022-04-13 20:00:00,99.78456928519985
2022-04-13 21:00:00,99.8668989205075
2022-04-13 22:00:00,99.6811599255262
2022-04-13 23:00:00,99.72071034536874
2022-04-14 00:00:00,99.67101150981591
2022-04-14 01:00:00,99.64234688091481
2022-04-14 02:00:00,99.67457091987893
2022-04-14 03:00:00,99.5938067823001
2022-04-14 04:00:00,99.68327870962912
2022-04-14 05:00:00,99.67656483895256
2022-04-14 06:00:00,99.64591483807773
2022-04-14 07:00:00,99.67653591344335
2022-04-14 08:00:00,99.95515519165407
2022-04-14 09:00:00,100.11091449787091
2022-04-14 10:00:00,100.67703758602552
2022-04-14 11:00:00,100.63595724337361
2022-04-14 12:00:00,100.53123087431932
2022-04-14 13:00:00,100.4236914151816
2022-04-14 14:00:00,100.34138877610025
2022-04-14 15:00:00,100.32056628443647
2022-04-14 16:00:00,100.35328691786154
2022-04-14 17:00:00,100.31662148309084
2022-04-14 18:00:00,100.32390338272238
2022-04-14 19:00:00,100.35633255420412
2022-04-14 20:00:00,100.4028235321922
2022-04-14 21:00:00,100.50091197991256
2022-04-14 22:00:00,100.49244360696446
2022-04-14 23:00:00,100.56807602751549
2022-04-15 00:00:00,100.5279047751946
2022-04-15 01:00:00,100.51025046245304
2022-04-15 02:00:00,100.52136724755934
2022-04-15 03:00:00,100.55174252436748
2022-04-15 04:00:00,100.46967042588557
2022-04-15 05:00:00,100.4403703675561
2022-04-15 06:00:00,100.46817984775635
2022-04-15 07:00:00,100.49439837092531
2022-04-15 08:00:00,100.46212491903727
2022-04-15 09:00:00,100.48006539951193
2022-04-15 10:00:00,100.49523901415682
2022-04-15 11:00:00,100.52604785933453
2022-04-15 12:00:00,100.51623500324155
2022-04-15 13:00:00,100.53003906747401
2022-04-15 14:00:00,100.50433919296779
2022-04-15 15:00:00,100.50350779238754
2022-04-15 16:00:00,100.50961177888063
2022-04-15 17:00:00,100.49052467787214
2022-04-17 18:00:00,100.52758727539795
2022-04-17 19:00:00,100.45989358258724
2022-04-17 20:00:00,100.51615870329573
2022-04-17 21:00:00,100.60820289543753
2022-04-17 22:00:00,100.55339673312938
2022-04-17 23:00:00,100.61694723192292
2022-04-18 00:00:00,100.69443567814677
2022-04-18 01:00:00,100.70275067396938
2022-04-18 02:00:00,100.68396237483135
2022-04-18 03:00:00,100.68380861031231
2022-04-18 04:00:00,100.71251186418172
2022-04-18 05:00:00,100.70430474702948
2022-04-18 06:00:00,100.69715221342182
2022-04-18 07:00:00,100.63149224819092
2022-04-18 08:00:00,100.56064803783565
2022-04-18 09:00:00,100.58758104482351
2022-04-18 10:00:00,100.6156633580399
2022-04-18 11:00:00,100.68991167582398
2022-04-18 12:00:00,100.7573518689916
2022-04-18 13:00:00,100.84501929611285
2022-04-18 14:00:00,100.77056429992633
2022-04-18 15:00:00,100.78146549055826
2022-04-18 16:00:00,100.78508146061174
2022-04-18 17:00:00,100.79163551667791
2022-04-18 18:00:00,100.82458955343684
2022-04-18 19:00:00,100.80213330618751
2022-04-18 20:00:00,100.81392691413066
2022-04-18 21:00:00,100.84643972665357
2022-04-18 22:00:00,100.87829473018917
2022-04-18 23:00:00,100.95380403991872
2022-04-19 00:00:00,100.93680442931235
2022-04-19 01:00:00,100.96792116211165
2022-04-19 02:00:00,100.95274651606482
2022-04-19 03:00:00,100.89846412758585
2022-04-19 04:00:00,100.75330918769059
2022-04-19 05:00:00,100.71826120249372
2022-04-19 06:00:00,100.81668123742
2022-04-19 07:00:00,100.85292971330631
2022-04-19 08:00:00,100.84015215696058
2022-04-19 09:00:00,100.90133259843498
2022-04-19 10:00:00,100.8423446428983
2022-04-19 11:00:00,101.00226110852702
2022-04-19 12:00:00,100.92264278318292
2022-04-19 13:00:00,100.9120512656267
2022-04-19 14:00:00,100.96688080862154
2022-04-19 15:00:00,100.96042670418072
2022-04-19 16:00:00,100.96420279157809
2022-04-19 17:00:00,100.97949095969007
2022-04-19 18:00:00,100.97077466345972
2022-04-19 19:00:00,100.9941726374952
2022-04-19 20:00:00,100.96817533955864
2022-04-19 21:00:00,100.94925690662689
2022-04-19 22:00:00,100.90502059268125
2022-04-19 23:00:00,100.81106043788326
2022-04-20 00:00:00,100.67818064230798
2022-04-20 01:00:00,100.68532240147815
2022-04-20 02:00:00,100.73098522553752
2022-04-20 03:00:00,100.7508312903022
2022-04-20 04:00:00,100.7837104703519
2022-04-20 05:00:00,100.53225206438461
2022-04-20 06:00:00,100.39629896245555
2022-04-20 07:00:00,100.30767029201145
2022-04-20 08:00:00,100.49529819675087
2022-04-20 09:00:00,100.50523814684041
2022-04-20 10:00:00,100.41132485271373
2022-04-20 11:00:00,100.23640624500388
2022-04-20 12:00:00,100.3004188771259
2022-04-20 13:00:00,100.39346331740668
2022-04-20 14:00:00,100.31175109661561
2022-04-20 15:00:00,100.38925307243564
2022-04-20 16:00:00,100.29449756152852
2022-04-20 17:00:00,100.29577125447507
2022-04-20 18:00:00,100.33186738721923
2022-04-20 19:00:00,100.31364571961414
2022-04-20 20:00:00,100.34223853551016
2022-04-20 21:00:00,100.46000771598794
2022-04-20 22:00:00,100.466176718891
2022-04-20 23:00:00,100.57342880702383
2022-04-21 00:00:00,100.51891556636467
2022-04-21 01:00:00,100.49869508731514
2022-04-21 02:00:00,100.39304875036616
2022-04-21 03:00:00,100.0148319600657
2022-04-21 04:00:00,99.86611493065595
2022-04-21 05:00:00,99.93987337201308
2022-04-21 06:00:00,99.98840953523128
2022-04-21 07:00:00,100.06136270601243
2022-04-21 08:00:00,100.23884127581582
2022-04-21 09:00:00,100.14728542248069
2022-04-21 10:00:00,100.28102067217657
2022-04-21 11:00:00,100.50903390521141
2022-04-21 12:00:00,100.53421896041124
2022-04-21 13:00:00,100.55914777968628
2022-04-21 14:00:00,100.48257419966919
2022-04-21 15:00:00,100.57801905403677
2022-04-21 16:00:00,100.57532205310115
2022-04-21 17:00:00,100.63200742852048
2022-04-21 18:00:00,100.60218373724632
2022-04-21 19:00:00,100.5749231642313
2022-04-21 20:00:00,100.63242538552271
2022-04-21 21:00:00,100.64624474547773
2022-04-21 22:00:00,100.62758318001856
2022-04-21 23:00:00,100.62069866013954
2022-04-22 00:00:00,100.60703461434946
2022-04-22 01:00:00,100.5404569016812
2022-04-22 02:00:00,100.51617939791883
2022-04-22 03:00:00,100.70881723363254
2022-04-22 04:00:00,100.89159554863907
2022-04-22 05:00:00,101.01078395766112
2022-04-22 06:00:00,101.00931562117373
2022-04-22 07:00:00,100.8986693451048
2022-04-22 08:00:00,100.84949155897557
2022-04-22 09:00:00,100.9025951854962
2022-04-22 10:00:00,101.00849514766111
2022-04-22 11:00:00,101.23170792232176
2022-04-22 12:00:00,101.20490491484675
2022-04-22 13:00:00,101.27588093064384
2022-04-22 14:00:00,101.19135776471947
2022-04-22 15:00:00,101.22038586511889
2022-04-22 16:00:00,101.17084825843214
2022-04-22 17:00:00,101.12976998844319
2022-04-24 18:00:00,101.06664505736563
2022-04-24 19:00:00,101.10580683721291
2022-04-24 20:00:00,101.0772589412478
2022-04-24 21:00:00,101.1482209013733
2022-04-24 22:00:00,101.25447871655066
2022-04-24 23:00:00,101.25727566408436
2022-04-25 00:00:00,101.25471192699155
2022-04-25 01:00:00,101.33058688386902
2022-04-25 02:00:00,101.32093802002551
2022-04-25 03:00:00,101.7144636281885
2022-04-25 04:00:00,101.5481886104089
2022-04-25 05:00:00,101.51269284920228
2022-04-25 06:00:00,101.6341386015166
2022-04-25 07:00:00,101.69897906205968
2022-04-25 08:00:00,101.49554786305613
2022-04-25 09:00:00,101.5469912810964
2022-04-25 10:00:00,101.63684326225706
2022-04-25 11:00:00,101.79492672290654
2022-04-25 12:00:00,101.8197225140865
2022-04-25 13:00:00,101.70963561734482
2022-04-25 14:00:00,101.73642705552231
2022-04-25 15:00:00,101.7564840465151
2022-04-25 16:00:00,101.71447099182608
2022-04-25 17:00:00,101.74662256831036
2022-04-25 18:00:00,101.73985885485132
2022-04-25 19:00:00,101.71827434502708
2022-04-25 20:00:00,101.70458685442122
2022-04-25 21:00:00,101.56328615751835
2022-04-25 22:00:00,101.58943229161733
2022-04-25 23:00:00,101.56524742638508
2022-04-26 00:00:00,101.55538338606993
2022-04-26 01:00:00,101.58688792318897
2022-04-26 02:00:00,101.55980564328837
2022-04-26 03:00:00,101.76225121668237
2022-04-26 04:00:00,101.95693621983084
2022-04-26 05:00:00,101.91093677020302
2022-04-26 06:00:00,101.87716612002983
2022-04-26 07:00:00,101.85081067865781
2022-04-26 08:00:00,101.97506746271596
2022-04-26 09:00:00,101.91668060345745
2022-04-26 10:00:00,101.9674782216243
2022-04-26 11:00:00,102.19645880528209
2022-04-26 12:00:00,102.16341177132581
2022-04-26 13:00:00,102.1706531840645
2022-04-26 14:00:00,102.29227641757538
2022-04-26 15:00:00,102.30867357503311
2022-04-26 16:00:00,102.30769993951986
2022-04-26 17:00:00,102.35875593479741
2022-04-26 18:00:00,102.33674044705755
2022-04-26 19:00:00,102.27682901062197
2022-04-26 20:00:00,102.30250833639536
2022-04-26 21:00:00,102.32991236530093
2022-04-26 22:00:00,102.28223963662548
2022-04-26 23:00:00,102.39619826107415
2022-04-27 00:00:00,102.35335431863527
2022-04-27 01:00:00,102.27644805119698
2022-04-27 02:00:00,102.2694054852602
2022-04-27 03:00:00,102.50853740273281
2022-04-27 04:00:00,102.50921161098547
2022-04-27 05:00:00,102.77309344914826
2022-04-27 06:00:00,102.55067702410089
2022-04-27 07:00:00,102.56372032618302
2022-04-27 08:00:00,102.75621039326545
2022-04-27 09:00:00,102.9770523330423
2022-04-27 10:00:00,102.99489538413276
2022-04-27 11:00:00,103.2854228178861
2022-04-27 12:00:00,103.05723544152136
2022-04-27 13:00:00,102.8898217634285
2022-04-27 14:00:00,102.84696737849566
2022-04-27 15:00:00,102.95819551578006
2022-04-27 16:00:00,102.95766650556271
2022-04-27 17:00:00,102.96702008620673
2022-04-27 18:00:00,102.98869592523941
2022-04-27 19:00:00,103.03194424711022
2022-04-27 20:00:00,102.99699070166753
2022-04-27 21:00:00,103.1506046678284
2022-04-27 22:00:00,103.063656526893
2022-04-27 23:00:00,103.13402229506202
2022-04-28 00:00:00,103.46348551020367
2022-04-28 01:00:00,103.41856824790149
2022-04-28 02:00:00,103.4629774448121
2022-04-28 03:00:00,103.40247472520825
2022-04-28 04:00:00,103.14826806986119
2022-04-28 05:00:00,103.47190608799451
2022-04-28 06:00:00,103.45628819637562
2022-04-28 07:00:00,103.65840135435954
2022-04-28 08:00:00,103.80964576454545
2022-04-28 09:00:00,103.81904528794044
2022-04-28 10:00:00,103.66258918045897
2022-04-28 11:00:00,103.62012727568337
2022-04-28 12:00:00,103.70316864500677
2022-04-28 13:00:00,103.57207450796136
2022-04-28 14:00:00,103.68776730734996
2022-04-28 15:00:00,103.62935524716092
2022-04-28 16:00:00,103.58875654200071
2022-04-28 17:00:00,103.66886374612133
2022-04-28 18:00:00,103.66432143660285
2022-04-28 19:00:00,103.68222821999348
2022-04-28 20:00:00,103.6354270088644
2022-04-28 21:00:00,103.49389369741753
2022-04-28 22:00:00,103.47691311889702
2022-04-28 23:00:00,103.55531348032893
2022-04-29 00:00:00,103.50653819175926
2022-04-29 01:00:00,103.44793000180344
2022-04-29 02:00:00,103.26939310499172
2022-04-29 03:00:00,103.19039025629344
2022-04-29 04:00:00,103.00865641711893
2022-04-29 05:00:00,103.0046943375209
2022-04-29 06:00:00,102.96201455206368
2022-04-29 07:00:00,103.00762361079492
2022-04-29 08:00:00,103.13248082829284
2022-04-29 09:00:00,103.21563083414202
2022-04-29 10:00:00,103.2097992280704
2022-04-29 11:00:00,103.11655291889568
2022-04-29 12:00:00,103.18773196550573
2022-04-29 13:00:00,103.11644341387246
2022-04-29 14:00:00,102.91744633117305
2022-04-29 15:00:00,102.9566163252717
2022-04-29 16:00:00,103.1640049357865
2022-04-29 17:00:00,103.19947630934405
2022-05-01 18:00:00,103.18687883121241
2022-05-01 19:00:00,103.23298012510868
2022-05-01 20:00:00,103.28833664058722
2022-05-01 21:00:00,103.33619636415338
2022-05-01 22:00:00,103.3947825156539
2022-05-01 23:00:00,103.41253715085526
2022-05-02 00:00:00,103.40601043818731
2022-05-02 01:00:00,103.45934887467054
2022-05-02 02:00:00,103.50611154950906
2022-05-02 03:00:00,103.25570994786737
2022-05-02 04:00:00,103.34798047938558
2022-05-02 05:00:00,103.36320099258529
2022-05-02 06:00:00,103.35683735655398
2022-05-02 07:00:00,103.35330277385735
2022-05-02 08:00:00,103.4358363810155
2022-05-02 09:00:00,103.54097317036448
2022-05-02 10:00:00,103.4610884413433
2022-05-02 11:00:00,103.50727344348273
2022-05-02 12:00:00,103.49397072284258
2022-05-02 13:00:00,103.60679609726145
2022-05-02 14:00:00,103.72683149476113
2022-05-02 15:00:00,103.7457194554828
2022-05-02 16:00:00,103.62968603228671
2022-05-02 17:00:00,103.60793172749068
2022-05-02 18:00:00,103.61403436493158
2022-05-02 19:00:00,103.57935453595358
2022-05-02 20:00:00,103.57438157866918
2022-05-02 21:00:00,103.4099706247791
2022-05-02 22:00:00,103.44224576740771
2022-05-02 23:00:00,103.49306450431546
2022-05-03 00:00:00,103.45841345802131
2022-05-03 01:00:00,103.61064407767574
2022-05-03 02:00:00,103.5618654182797
2022-05-03 03:00:00,103.62611506701828
2022-05-03 04:00:00,103.46625729206045
2022-05-03 05:00:00,103.58702300962563
2022-05-03 06:00:00,103.51520239725151
2022-05-03 07:00:00,103.61196378199826
2022-05-03 08:00:00,103.31921810750273
2022-05-03 09:00:00,103.10459816251499
2022-05-03 10:00:00,103.20358407845248
2022-05-03 11:00:00,103.34800650943181
2022-05-03 12:00:00,103.38738873498464
2022-05-03 13:00:00,103.53477449009404
2022-05-03 14:00:00,103.43006650917866
2022-05-03 15:00:00,103.46528397577934
2022-05-03 16:00:00,103.44572189283386
2022-05-03 17:00:00,103.48831487444109
2022-05-03 18:00:00,103.45203193043315
2022-05-03 19:00:00,103.44972423752806
2022-05-03 20:00:00,103.44897462357903
2022-05-03 21:00:00,103.45022689924747
2022-05-03 22:00:00,103.41424249559779
2022-05-03 23:00:00,103.47996889165324
2022-05-04 00:00:00,103.51636506210943
2022-05-04 01:00:00,103.51962236233123
2022-05-04 02:00:00,103.55142831335932
2022-05-04 03:00:00,103.51698392246405
2022-05-04 04:00:00,103.4346394232263
2022-05-04 05:00:00,103.43519759961237
2022-05-04 06:00:00,103.43061685158455
2022-05-04 07:00:00,103.3735780907119
2022-05-04 08:00:00,103.37296918311884
2022-05-04 09:00:00,103.21293497433754
2022-05-04 10:00:00,103.42609151930735
2022-05-04 11:00:00,103.32818241099845
2022-05-04 12:00:00,103.35691559702146
2022-05-04 13:00:00,103.29601177207164
2022-05-04 14:00:00,103.34225411855873
2022-05-04 15:00:00,102.559356620817
2022-05-04 16:00:00,102.6102254682209
2022-05-04 17:00:00,102.51597899793413
2022-05-04 18:00:00,102.50863257739778
2022-05-04 19:00:00,102.69712499749976
2022-05-04 20:00:00,102.55455810365908
2022-05-04 21:00:00,102.58688063926706
2022-05-04 22:00:00,102.4714787656201
2022-05-04 23:00:00,102.52720990247064
2022-05-05 00:00:00,102.57476451770212
2022-05-05 01:00:00,102.66192151510282
2022-05-05 02:00:00,102.67503933003056
2022-05-05 03:00:00,102.84216175275023
2022-05-05 04:00:00,102.82939085220744
2022-05-05 05:00:00,102.82702683705143
2022-05-05 06:00:00,102.79946633411699
2022-05-05 07:00:00,102.83016109297718
2022-05-05 08:00:00,103.35624874579861
2022-05-05 09:00:00,103.32726402324555
2022-05-05 10:00:00,103.36395213283114
2022-05-05 11:00:00,103.5709581567277
2022-05-05 12:00:00,103.8398153194394
2022-05-05 13:00:00,103.80031544237464
2022-05-05 14:00:00,103.88615106711651
2022-05-05 15:00:00,103.76901615595992
2022-05-05 16:00:00,103.4778750998648
2022-05-05 17:00:00,103.57488219936702
2022-05-05 18:00:00,103.56080227017172
2022-05-05 19:00:00,103.47172264549606
2022-05-05 20:00:00,103.57904249257051
2022-05-05 21:00:00,103.58912261771988
2022-05-05 22:00:00,103.75201808319156
2022-05-05 23:00:00,103.69483076146437
2022-05-06 00:00:00,103.64842168471853
2022-05-06 01:00:00,103.64625999133418
2022-05-06 02:00:00,103.75311728960361
2022-05-06 03:00:00,104.05375931320421
2022-05-06 04:00:00,103.79302498093251
2022-05-06 05:00:00,103.52055264224761
2022-05-06 06:00:00,103.41290916759442
2022-05-06 07:00:00,103.24851244545613
2022-05-06 08:00:00,103.46142186002452
2022-05-06 09:00:00,103.60612729446049
2022-05-06 10:00:00,103.48224118426589
2022-05-06 11:00:00,103.3763343665029
2022-05-06 12:00:00,103.45988067268698
2022-05-06 13:00:00,103.44983227160783
2022-05-06 14:00:00,103.63858502431229
2022-05-06 15:00:00,103.65930764604322
2022-05-06 16:00:00,103.63045668736798
2022-05-06 17:00:00,103.66736088162853
2022-05-08 18:00:00,103.68301849167447
2022-05-08 19:00:00,103.73962315122955
2022-05-08 20:00:00,103.79403808210269
2022-05-08 21:00:00,103.93161064155913
2022-05-08 22:00:00,103.87720415521359
2022-05-08 23:00:00,104.02332197825345
2022-05-09 00:00:00,104.0110797956033
2022-05-09 01:00:00,104.01668912268252
2022-05-09 02:00:00,104.07391094643074
2022-05-09 03:00:00,104.1298020055164
2022-05-09 04:00:00,104.03682624395485
2022-05-09 05:00:00,104.09058020261182
2022-05-09 06:00:00,103.90581480838193
2022-05-09 07:00:00,103.78368366524974
2022-05-09 08:00:00,103.74023728276717
2022-05-09 09:00:00,103.57146333082883
2022-05-09 10:00:00,103.88685835269068
2022-05-09 11:00:00,103.9417962937674
2022-05-09 12:00:00,103.7033349681554
2022-05-09 13:00:00,103.57938093544026
2022-05-09 14:00:00,103.72338935471417
2022-05-09 15:00:00,103.6499780828983
2022-05-09 16:00:00,103.71513506418954
2022-05-09 17:00:00,103.72673350769041
2022-05-09 18:00:00,103.74130863741848
2022-05-09 19:00:00,103.75790696104072
2022-05-09 20:00:00,103.70094407815658
2022-05-09 21:00:00,103.71160334433263
2022-05-09 22:00:00,103.69623310761723
2022-05-09 23:00:00,103.5999516214528
2022-05-10 00:00:00,103.5354905432591
2022-05-10 01:00:00,103.58385157804024
2022-05-10 02:00:00,103.55565019665192
2022-05-10 03:00:00,103.69405772639132
2022-05-10 04:00:00,103.74707615397682
2022-05-10 05:00:00,103.56802909193459
2022-05-10 06:00:00,103.85873844071321
2022-05-10 07:00:00,103.69453077346282
2022-05-10 08:00:00,103.69135045973773
2022-05-10 09:00:00,103.69526305063354
2022-05-10 10:00:00,103.75194183341826
2022-05-10 11:00:00,103.82124831703437
2022-05-10 12:00:00,103.90266934547094
2022-05-10 13:00:00,103.90633785593135
2022-05-10 14:00:00,103.83918775087304
2022-05-10 15:00:00,103.91997182531584
2022-05-10 16:00:00,103.88129067479657
2022-05-10 17:00:00,103.93316321840494
2022-05-10 18:00:00,103.93018764484131
2022-05-10 19:00:00,103.9034767194817
2022-05-10 20:00:00,103.94249749503123
2022-05-10 21:00:00,103.91079897021402
2022-05-10 22:00:00,103.8796327774362
2022-05-10 23:00:00,103.85245795445614
2022-05-11 00:00:00,103.84890070189469
2022-05-11 01:00:00,103.80368532065928
2022-05-11 02:00:00,103.77662605549527
2022-05-11 03:00:00,103.77082715338307
2022-05-11 04:00:00,103.6644572556162
2022-05-11 05:00:00,103.48073679660524
2022-05-11 06:00:00,103.48646241527395
2022-05-11 07:00:00,103.6493326734521
2022-05-11 08:00:00,103.6320574125585
2022-05-11 09:00:00,104.02997342690432
2022-05-11 10:00:00,103.52654060903637
2022-05-11 11:00:00,103.66710616452494
2022-05-11 12:00:00,103.75943964273321
2022-05-11 13:00:00,103.83431511523773
2022-05-11 14:00:00,103.9270660142088
2022-05-11 15:00:00,103.84437167168845
2022-05-11 16:00:00,104.00379210321192
2022-05-11 17:00:00,104.0133438974202
2022-05-11 18:00:00,103.99858406276213
2022-05-11 19:00:00,103.9800294783875
2022-05-11 20:00:00,104.02849212856604
2022-05-11 21:00:00,103.92682381327279
2022-05-11 22:00:00,103.94484331450099
2022-05-11 23:00:00,104.02469991047732
2022-05-12 00:00:00,103.97509858533861
2022-05-12 01:00:00,104.04328195718693
2022-05-12 02:00:00,104.05181807289699
2022-05-12 03:00:00,104.05181807289699
2022-05-12 04:00:00,104.05181807289699
2022-05-12 05:00:00,104.40554374991616
2022-05-12 06:00:00,104.4973223313822
2022-05-12 07:00:00,104.40662387702004
2022-05-12 08:00:00,104.64379147539239
2022-05-12 09:00:00,104.44098526582873
2022-05-12 10:00:00,104.57501669155725
2022-05-12 11:00:00,104.46028305249746
2022-05-12 12:00:00,104.75825008496729
2022-05-12 13:00:00,104.89427310529192
2022-05-12 14:00:00,104.85254110652669
2022-05-12 15:00:00,104.84319772424215
2022-05-12 16:00:00,104.81748187400426
2022-05-12 17:00:00,104.74948580037183
2022-05-12 18:00:00,104.75095765291924
2022-05-12 19:00:00,104.78237335646561
2022-05-12 20:00:00,104.77634612271963
2022-05-12 21:00:00,104.77045799411266
2022-05-12 22:00:00,104.82652182890733
2022-05-12 23:00:00,104.69193937407488
2022-05-13 00:00:00,104.70689155175127
2022-05-13 01:00:00,104.64755608466884
2022-05-13 02:00:00,104.64698675827027
2022-05-13 03:00:00,104.661253315888
2022-05-13 04:00:00,104.51864854007
2022-05-13 05:00:00,104.57186830686436
2022-05-13 06:00:00,104.82697548813464
2022-05-13 07:00:00,104.70925003745799
2022-05-13 08:00:00,104.75931074283598
2022-05-13 09:00:00,104.78841056998832
2022-05-13 10:00:00,104.91569431514492
2022-05-13 11:00:00,104.65439249651924
2022-05-13 12:00:00,104.49280144336214
2022-05-13 13:00:00,104.53790030941111
2022-05-13 14:00:00,104.62884934884976
2022-05-13 15:00:00,104.55959676616203
2022-05-13 16:00:00,104.56896307618719
2022-05-13 17:00:00,104.50227273281197
2022-05-15 18:00:00,104.58525470492326
2022-05-15 19:00:00,104.53858638633821
2022-05-15 20:00:00,104.5690469567035
2022-05-15 21:00:00,104.48891928890629
2022-05-15 22:00:00,104.5016740766004
2022-05-15 23:00:00,104.54893160611337
2022-05-16 00:00:00,104.60580906349148
2022-05-16 01:00:00,104.58777966497247
2022-05-16 02:00:00,104.56261431579148
2022-05-16 03:00:00,104.55658921984958
2022-05-16 04:00:00,104.58896568545934
2022-05-16 05:00:00,104.40320406875357
2022-05-16 06:00:00,104.52769396731009
2022-05-16 07:00:00,104.35118090302818
2022-05-16 08:00:00,104.48309399418181
2022-05-16 09:00:00,104.43113442146729
2022-05-16 10:00:00,104.54181933128146
2022-05-16 11:00:00,104.52374751304868
2022-05-16 12:00:00,104.38608965987049
2022-05-16 13:00:00,104.3404884844063
2022-05-16 14:00:00,104.33904303675709
2022-05-16 15:00:00,104.1864815503633
2022-05-16 16:00:00,104.23006554378621
2022-05-16 17:00:00,104.21388924912276
2022-05-16 18:00:00,104.20473130983
2022-05-16 19:00:00,104.19191103543533
2022-05-16 20:00:00,104.16499345069177
2022-05-16 21:00:00,104.12617179712822
2022-05-16 22:00:00,104.10022207441206
2022-05-16 23:00:00,104.18137681591783
2022-05-17 00:00:00,104.17670067236746
2022-05-17 01:00:00,104.16245257631029
2022-05-17 02:00:00,104.10327953532905
2022-05-17 03:00:00,103.97348835035949
2022-05-17 04:00:00,103.90516836117372
2022-05-17 05:00:00,103.66621860855457
2022-05-17 06:00:00,103.77182115677765
2022-05-17 07:00:00,103.527997559735
2022-05-17 08:00:00,103.3497877696992
2022-05-17 09:00:00,103.3686455509306
2022-05-17 10:00:00,103.39778067187474
2022-05-17 11:00:00,103.42472962768642
2022-05-17 12:00:00,103.43082843612095
2022-05-17 13:00:00,103.35317200723868
2022-05-17 14:00:00,103.33962661644954
2022-05-17 15:00:00,103.36554818867793
2022-05-17 16:00:00,103.33550671169674
2022-05-17 17:00:00,103.27029934091031
2022-05-17 18:00:00,103.28973347873728
2022-05-17 19:00:00,103.30275345359073
2022-05-17 20:00:00,103.31111055031226
2022-05-17 21:00:00,103.24972626080228
2022-05-17 22:00:00,103.36373021580535
2022-05-17 23:00:00,103.39886476246963
2022-05-18 00:00:00,103.42398073797226
2022-05-18 01:00:00,103.43776219363383
2022-05-18 02:00:00,103.33775003998785
2022-05-18 03:00:00,103.52840070574766
2022-05-18 04:00:00,103.6235368996532
2022-05-18 05:00:00,103.69279882627947
2022-05-18 06:00:00,103.52721653346322
2022-05-18 07:00:00,103.58120380573688
2022-05-18 08:00:00,103.60708137502779
2022-05-18 09:00:00,103.51017531290431
2022-05-18 10:00:00,103.54320165956716
2022-05-18 11:00:00,103.50892905802532
2022-05-18 12:00:00,103.64695035855998
2022-05-18 13:00:00,103.67684319609153
2022-05-18 14:00:00,103.74458651112126
2022-05-18 15:00:00,103.81320311544701
2022-05-18 16:00:00,103.88784146361695
2022-05-18 17:00:00,103.9180629344039
2022-05-18 18:00:00,103.92213558318818
2022-05-18 19:00:00,103.81611605231384
2022-05-18 20:00:00,103.80748729358996
2022-05-18 21:00:00,103.73342882049181
2022-05-18 22:00:00,103.75705693048603
2022-05-18 23:00:00,103.67345445128882
2022-05-19 00:00:00,103.62537103313079
2022-05-19 01:00:00,103.65780319059387
2022-05-19 02:00:00,103.73322661848034
2022-05-19 03:00:00,103.79861836491999
2022-05-19 04:00:00,103.61234515986972
2022-05-19 05:00:00,103.52425312580925
2022-05-19 06:00:00,103.46786581562267
2022-05-19 07:00:00,103.2663506514152
2022-05-19 08:00:00,103.34429326375108
2022-05-19 09:00:00,103.13852909907608
2022-05-19 10:00:00,102.9350963715727
2022-05-19 11:00:00,102.77159180569974
2022-05-19 12:00:00,102.8190866216956
2022-05-19 13:00:00,102.77545102241712
2022-05-19 14:00:00,102.67261374687737
2022-05-19 15:00:00,102.73335005314944
2022-05-19 16:00:00,102.79191971055783
2022-05-19 17:00:00,102.88938332411306
2022-05-19 18:00:00,102.87499736231479
2022-05-19 19:00:00,102.8899248493778
2022-05-19 20:00:00,102.91907249837911
2022-05-19 21:00:00,102.93340667810611
2022-05-19 22:00:00,102.99073090627306
2022-05-19 23:00:00,103.08764273321657
2022-05-20 00:00:00,102.99002050087859
2022-05-20 01:00:00,102.94027425093249
2022-05-20 02:00:00,102.80051926731055
2022-05-20 03:00:00,102.88734721224507
2022-05-20 04:00:00,102.91869391141444
2022-05-20 05:00:00,102.90688022604454
2022-05-20 06:00:00,102.83282444298132
2022-05-20 07:00:00,102.81715409362346
2022-05-20 08:00:00,102.98864791772154
2022-05-20 09:00:00,102.9732900051578
2022-05-20 10:00:00,103.01630866713
2022-05-20 11:00:00,103.08955419579138
2022-05-20 12:00:00,103.0460047736752
2022-05-20 13:00:00,103.10997281447064
2022-05-20 14:00:00,103.15754677892232
2022-05-20 15:00:00,103.15160287590325
2022-05-20 16:00:00,103.05017253064926
2022-05-20 17:00:00,103.07464916780783
2022-05-22 18:00:00,103.03480943619732
2022-05-22 19:00:00,102.92805759433571
2022-05-22 20:00:00,102.95464256060643
2022-05-22 21:00:00,102.8099073093358
2022-05-22 22:00:00,102.73087599651888
2022-05-22 23:00:00,102.71031161669599
2022-05-23 00:00:00,102.68850241571442
2022-05-23 01:00:00,102.70536179636538
2022-05-23 02:00:00,102.67779208859822
2022-05-23 03:00:00,102.61098546141504
2022-05-23 04:00:00,102.64105666637668
2022-05-23 05:00:00,102.3569100864178
2022-05-23 06:00:00,102.13606296400552
2022-05-23 07:00:00,102.12885472546651
2022-05-23 08:00:00,102.2737481100951
2022-05-23 09:00:00,102.35039372807469
2022-05-23 10:00:00,102.20011231965056
2022-05-23 11:00:00,102.20319948234241
2022-05-23 12:00:00,102.22043647831215
2022-05-23 13:00:00,102.19100992322987
2022-05-23 14:00:00,102.13892755238605
2022-05-23 15:00:00,102.07650636914131
2022-05-23 16:00:00,102.11442682581686
2022-05-23 17:00:00,102.06533639655794
2022-05-23 18:00:00,102.08359001471132
2022-05-23 19:00:00,102.13715422729949
2022-05-23 20:00:00,102.14319236180089
2022-05-23 21:00:00,102.25032757806582
2022-05-23 22:00:00,102.27766775039672
2022-05-23 23:00:00,102.27813940902152
2022-05-24 00:00:00,102.22009657373165
2022-05-24 01:00:00,102.27373598434552
2022-05-24 02:00:00,102.2242359775611
2022-05-24 03:00:00,102.11478614091827
2022-05-24 04:00:00,101.77162485467616
2022-05-24 05:00:00,102.05979006685432
2022-05-24 06:00:00,102.00917290934864
2022-05-24 07:00:00,102.00926143202646
2022-05-24 08:00:00,101.98163814519295
2022-05-24 09:00:00,102.00357346446077
2022-05-24 10:00:00,101.76991696651947
2022-05-24 11:00:00,101.81796745796171
2022-05-24 12:00:00,101.69681576252567
2022-05-24 13:00:00,101.77291636101687
2022-05-24 14:00:00,101.77437891045643
2022-05-24 15:00:00,101.85685969748798
2022-05-24 16:00:00,101.78838802374666
2022-05-24 17:00:00,101.76251173329784
2022-05-24 18:00:00,101.77571872433614
2022-05-24 19:00:00,101.73213103754658
2022-05-24 20:00:00,101.75689788649761
2022-05-24 21:00:00,101.85260084142435
2022-05-24 22:00:00,101.92944554502739
2022-05-24 23:00:00,101.97379345805915
2022-05-25 00:00:00,101.91083713670768
2022-05-25 01:00:00,101.9500469813249
2022-05-25 02:00:00,101.95123924537343
2022-05-25 03:00:00,101.99861881580777
2022-05-25 04:00:00,102.11375602259041
2022-05-25 05:00:00,102.21642423066878
2022-05-25 06:00:00,102.21937748458825
2022-05-25 07:00:00,102.31200267179335
2022-05-25 08:00:00,102.32970344365404
2022-05-25 09:00:00,102.37218631933436
2022-05-25 10:00:00,102.2523545106186
2022-05-25 11:00:00,102.18877275690137
2022-05-25 12:00:00,102.32056305221225
2022-05-25 13:00:00,102.3606316841143
2022-05-25 14:00:00,102.22349010586771
2022-05-25 15:00:00,102.05382216332123
2022-05-25 16:00:00,102.1393529238129
2022-05-25 17:00:00,102.11867510389375
2022-05-25 18:00:00,102.10900569744
2022-05-25 19:00:00,102.03902743622479
2022-05-25 20:00:00,102.05755471594958
2022-05-25 21:00:00,101.95348528953934
2022-05-25 22:00:00,102.08193369992695
2022-05-25 23:00:00,102.01923803092706
2022-05-26 00:00:00,101.99632497625798
2022-05-26 01:00:00,102.14253788537755
2022-05-26 02:00:00,102.25346838623453
2022-05-26 03:00:00,102.16136461489072
2022-05-26 04:00:00,101.97713653691034
2022-05-26 05:00:00,102.0693068449294
2022-05-26 06:00:00,101.83724764380491
2022-05-26 07:00:00,101.80231534010922
2022-05-26 08:00:00,101.93997876571588
2022-05-26 09:00:00,102.03594532519897
2022-05-26 10:00:00,101.88789388248154
2022-05-26 11:00:00,101.90569349818033
2022-05-26 12:00:00,101.83521797797822
2022-05-26 13:00:00,101.96853086041601
2022-05-26 14:00:00,101.89209285807112
2022-05-26 15:00:00,101.83014836477366
2022-05-26 16:00:00,101.80174183480506
2022-05-26 17:00:00,101.74687833419335
2022-05-26 18:00:00,101.75495826565445
2022-05-26 19:00:00,101.75818510193513
2022-05-26 20:00:00,101.72735249636605
2022-05-26 21:00:00,101.66846242081895
2022-05-26 22:00:00,101.45472082716775
2022-05-26 23:00:00,101.49106202874421
2022-05-27 00:00:00,101.51048890623814
2022-05-27 01:00:00,101.5045761890762
2022-05-27 02:00:00,101.55655814945315
2022-05-27 03:00:00,101.65467614250164
2022-05-27 04:00:00,101.67969185561722
2022-05-27 05:00:00,101.69726369436678
2022-05-27 06:00:00,101.7983474667478
2022-05-27 07:00:00,101.91933565473775
2022-05-27 08:00:00,101.81666966852742
2022-05-27 09:00:00,101.76118696588382
2022-05-27 10:00:00,101.55252304975417
2022-05-27 11:00:00,101.82422011040788
2022-05-27 12:00:00,101.83564996567404
2022-05-27 13:00:00,101.83296965061938
2022-05-27 14:00:00,101.77502007190586
2022-05-27 15:00:00,101.66753536275189
2022-05-27 16:00:00,101.65453767141187
2022-05-27 17:00:00,101.64626327328094
2022-05-29 18:00:00,101.66083155451281
2022-05-29 19:00:00,101.68304959575967
2022-05-29 20:00:00,101.70254941295038
2022-05-29 21:00:00,101.66577533132967
2022-05-29 22:00:00,101.516801409173
2022-05-29 23:00:00,101.54055412161257
2022-05-30 00:00:00,101.54114338370182
2022-05-30 01:00:00,101.46193804154237
2022-05-30 02:00:00,101.49851252573136
2022-05-30 03:00:00,101.49743245083485
2022-05-30 04:00:00,101.60758953956037
2022-05-30 05:00:00,101.4652863077575
2022-05-30 06:00:00,101.42716374704908
2022-05-30 07:00:00,101.39374678809229
2022-05-30 08:00:00,101.44677590234821
2022-05-30 09:00:00,101.57549726746097
2022-05-30 10:00:00,101.44609445174927
2022-05-30 11:00:00,101.34819210384488
2022-05-30 12:00:00,101.34135229893838
2022-05-30 13:00:00,101.3048646729028
2022-05-30 14:00:00,101.31604139958097
2022-05-30 15:00:00,101.3189878444942
2022-05-30 16:00:00,101.35191004353379
2022-05-30 17:00:00,101.34852233574532
2022-05-30 18:00:00,101.36892842879341
2022-05-30 19:00:00,101.39247442507103
2022-05-30 20:00:00,101.42059220766255
2022-05-30 21:00:00,101.68393654636857
2022-05-30 22:00:00,101.6366593513444
2022-05-30 23:00:00,101.63484425982988
2022-05-31 00:00:00,101.62591000741072
2022-05-31 01:00:00,101.66020570397977
2022-05-31 02:00:00,101.63914832480512
2022-05-31 03:00:00,101.75475360939313
2022-05-31 04:00:00,101.70601663183116
2022-05-31 05:00:00,101.75598276212978
2022-05-31 06:00:00,101.79338836020797
2022-05-31 07:00:00,101.9579706216029
2022-05-31 08:00:00,101.87415699640695
2022-05-31 09:00:00,102.16217750643227
2022-05-31 10:00:00,101.92458817655597
2022-05-31 11:00:00,101.89973697272845
2022-05-31 12:00:00,101.73862842482029
2022-05-31 13:00:00,101.74546509925787
2022-05-31 14:00:00,101.71662051153675
2022-05-31 15:00:00,101.7496016193707
2022-05-31 16:00:00,101.77517603724662
2022-05-31 17:00:00,101.7905602208972
2022-05-31 18:00:00,101.78669002232357
2022-05-31 19:00:00,101.74795878080585
2022-05-31 20:00:00,101.7668778892349
2022-05-31 21:00:00,101.83013090135874
2022-05-31 22:00:00,101.9215305263754
2022-05-31 23:00:00,101.923701688621
2022-06-01 00:00:00,101.92757982671128
2022-06-01 01:00:00,101.99149698789181
2022-06-01 02:00:00,102.02168028136053
2022-06-01 03:00:00,101.93745515757745
2022-06-01 04:00:00,101.98364413244674
2022-06-01 05:00:00,101.99639541768198
2022-06-01 06:00:00,101.90085191150283
2022-06-01 07:00:00,101.97404653974797
2022-06-01 08:00:00,102.05465614332043
2022-06-01 09:00:00,101.88625119390333
2022-06-01 10:00:00,102.04107460185114
2022-06-01 11:00:00,102.41763064035729
2022-06-01 12:00:00,102.62560237392678
2022-06-01 13:00:00,102.6410991643079
2022-06-01 14:00:00,102.52543272791469
2022-06-01 15:00:00,102.49971967382953
2022-06-01 16:00:00,102.56735334670003
2022-06-01 17:00:00,102.56023765041236
2022-06-01 18:00:00,102.54962195983549
2022-06-01 19:00:00,102.54625806434102
2022-06-01 20:00:00,102.56524061393095
2022-06-01 21:00:00,102.51385945990707
2022-06-01 22:00:00,102.52957612514815
2022-06-01 23:00:00,102.59343313778695
2022-06-02 00:00:00,102.55110612989091
2022-06-02 01:00:00,102.51861238708658
2022-06-02 02:00:00,102.52479546448313
2022-06-02 03:00:00,102.32112416489156
2022-06-02 04:00:00,102.26791764519977
2022-06-02 05:00:00,102.26513940555427
2022-06-02 06:00:00,102.22442891785312
2022-06-02 07:00:00,102.1563000260667
2022-06-02 08:00:00,102.1590739701589
2022-06-02 09:00:00,102.0930344682017
2022-06-02 10:00:00,102.16978440616883
2022-06-02 11:00:00,102.02331018248374
2022-06-02 12:00:00,101.89261101870031
2022-06-02 13:00:00,101.77577195750922
2022-06-02 14:00:00,101.77033138903329
2022-06-02 15:00:00,101.82653100813856
2022-06-02 16:00:00,101.75876322327632
2022-06-02 17:00:00,101.75123378420307
2022-06-02 18:00:00,101.76291182550379
2022-06-02 19:00:00,101.75994417493544
2022-06-02 20:00:00,101.74945304196575
2022-06-02 21:00:00,101.67502338376966
2022-06-02 22:00:00,101.672075335073
2022-06-02 23:00:00,101.693169883484
2022-06-03 00:00:00,101.7276336886733
2022-06-03 01:00:00,101.77455481933353
2022-06-03 02:00:00,101.72566906864981
2022-06-03 03:00:00,101.74542377441465
2022-06-03 04:00:00,101.70645635386713
2022-06-03 05:00:00,101.73960842296442
2022-06-03 06:00:00,101.7960497310598
2022-06-03 07:00:00,101.85329874948384
2022-06-03 08:00:00,101.94519913526187
2022-06-03 09:00:00,102.08473187783108
2022-06-03 10:00:00,101.87198081146542
2022-06-03 11:00:00,102.0854356984884
2022-06-03 12:00:00,102.22421754428224
2022-06-03 13:00:00,102.06816556233026
2022-06-03 14:00:00,102.16846299954693
2022-06-03 15:00:00,102.14072794619567
2022-06-03 16:00:00,102.15317228713522
2022-06-03 17:00:00,102.16351453667241
2022-06-05 18:00:00,102.15842651861576
2022-06-05 19:00:00,102.1189998211637
2022-06-05 20:00:00,102.11719601135773
2022-06-05 21:00:00,102.19068779009643
2022-06-05 22:00:00,102.16387891655157
2022-06-05 23:00:00,102.11576023113982
2022-06-06 00:00:00,102.07942688251507
2022-06-06 01:00:00,102.07772463220304
2022-06-06 02:00:00,102.07923633758574
2022-06-06 03:00:00,102.04148719693204
2022-06-06 04:00:00,101.94065959344522
2022-06-06 05:00:00,101.85586940682575
2022-06-06 06:00:00,101.89769990665253
2022-06-06 07:00:00,102.00418894106119
2022-06-06 08:00:00,101.96274154131906
2022-06-06 09:00:00,102.03597711471711
2022-06-06 10:00:00,102.10570958141557
2022-06-06 11:00:00,102.13751243747775
2022-06-06 12:00:00,102.32276693195502
2022-06-06 13:00:00,102.32698226424077
2022-06-06 14:00:00,102.35428967266462
2022-06-06 15:00:00,102.4374943070392
2022-06-06 16:00:00,102.39101221714392
2022-06-06 17:00:00,102.40080406452907
2022-06-06 18:00:00,102.40157219439017
2022-06-06 19:00:00,102.41370393928013
2022-06-06 20:00:00,102.47742369881388
2022-06-06 21:00:00,102.53086835465123
2022-06-06 22:00:00,102.60990349293841
2022-06-06 23:00:00,102.64113883358638
2022-06-07 00:00:00,102.59935067218245
2022-06-07 01:00:00,102.64689481296301
2022-06-07 02:00:00,102.7545837123827
2022-06-07 03:00:00,102.65175493347556
2022-06-07 04:00:00,102.63706934148082
2022-06-07 05:00:00,102.66998650740044
2022-06-07 06:00:00,102.65784975118497
2022-06-07 07:00:00,102.70440053221398
2022-06-07 08:00:00,102.78443494225114
2022-06-07 09:00:00,102.82483519439644
2022-06-07 10:00:00,102.52773529602953
2022-06-07 11:00:00,102.3433198250728
2022-06-07 12:00:00,102.390967959324
2022-06-07 13:00:00,102.36432757164276
2022-06-07 14:00:00,102.421038642265
2022-06-07 15:00:00,102.31403358246101
2022-06-07 16:00:00,102.3110257546919
2022-06-07 17:00:00,102.33528167931998
2022-06-07 18:00:00,102.34102270478962
2022-06-07 19:00:00,102.34514258585408
2022-06-07 20:00:00,102.417532042486
2022-06-07 21:00:00,102.47876443962461
2022-06-07 22:00:00,102.53098365768825
2022-06-07 23:00:00,102.48385431713965
2022-06-08 00:00:00,102.55676421303225
2022-06-08 01:00:00,102.62200178516781
2022-06-08 02:00:00,102.54332894836628
2022-06-08 03:00:00,102.53836845865115
2022-06-08 04:00:00,102.59440065126586
2022-06-08 05:00:00,102.72833655635121
2022-06-08 06:00:00,102.55788562074395
2022-06-08 07:00:00,102.48456160425921
2022-06-08 08:00:00,102.3643502994463
2022-06-08 09:00:00,102.44039409582845
2022-06-08 10:00:00,102.31963154798153
2022-06-08 11:00:00,102.36810430980056
2022-06-08 12:00:00,102.31038191560646
2022-06-08 13:00:00,102.41687766496479
2022-06-08 14:00:00,102.50351040122213
2022-06-08 15:00:00,102.54386309986131
2022-06-08 16:00:00,102.56368354033684
2022-06-08 17:00:00,102.55749667520303
2022-06-08 18:00:00,102.54804247240544
2022-06-08 19:00:00,102.54988094700116
2022-06-08 20:00:00,102.57206010757638
2022-06-08 21:00:00,102.59057844767888
2022-06-08 22:00:00,102.62219897106444
2022-06-08 23:00:00,102.53063553011849
2022-06-09 00:00:00,102.44166266295487
2022-06-09 01:00:00,102.49571109931134
2022-06-09 02:00:00,102.52264404195367
2022-06-09 03:00:00,102.56277797484509
2022-06-09 04:00:00,102.61628853625311
2022-06-09 05:00:00,102.49973134741047
2022-06-09 06:00:00,102.47356085088326
2022-06-09 07:00:00,102.42666836448436
2022-06-09 08:00:00,102.41527182123343
2022-06-09 09:00:00,102.40016893749686
2022-06-09 10:00:00,102.6537048279632
2022-06-09 11:00:00,103.0104846167401
2022-06-09 12:00:00,102.97512103932024
2022-06-09 13:00:00,103.01857071435334
2022-06-09 14:00:00,103.10820009536579
2022-06-09 15:00:00,103.2258061056125
2022-06-09 16:00:00,103.34903760014288
2022-06-09 17:00:00,103.30131874115635
2022-06-09 18:00:00,103.30555934853479
2022-06-09 19:00:00,103.34050255550311
2022-06-09 20:00:00,103.30877142374752
2022-06-09 21:00:00,103.22363492361096
2022-06-09 22:00:00,103.24961729989481
2022-06-09 23:00:00,103.19992719304186
2022-06-10 00:00:00,103.1745050347379
2022-06-10 01:00:00,103.20992868877525
2022-06-10 02:00:00,103.1148980423813
2022-06-10 03:00:00,103.17788658572519
2022-06-10 04:00:00,103.20569045649526
2022-06-10 05:00:00,103.29293617018938
2022-06-10 06:00:00,103.44905090008247
2022-06-10 07:00:00,103.47672678818935
2022-06-10 08:00:00,103.63878024491545
2022-06-10 09:00:00,104.03775532541695
2022-06-10 10:00:00,104.06767571267429
2022-06-10 11:00:00,104.07909334582237
2022-06-10 12:00:00,104.14546948093295
2022-06-10 13:00:00,104.19451622215273
2022-06-10 14:00:00,104.18998825038169
2022-06-10 15:00:00,104.1472228233542
2022-06-10 16:00:00,104.18698151303809
2022-06-10 17:00:00,104.17947445852018
2022-06-12 18:00:00,104.2101062071592
2022-06-12 19:00:00,104.31028145868261
2022-06-12 20:00:00,104.45746842070001
2022-06-12 21:00:00,104.5165431124976
2022-06-12 22:00:00,104.55449650794971
2022-06-12 23:00:00,104.48861677343955
2022-06-13 00:00:00,104.46552097106995
2022-06-13 01:00:00,104.48560745174944
2022-06-13 02:00:00,104.50004479662812
2022-06-13 03:00:00,104.61915028289702
2022-06-13 04:00:00,104.67583447260111
2022-06-13 05:00:00,104.62420489147435
2022-06-13 06:00:00,104.7706205156297
2022-06-13 07:00:00,104.7131781205339
2022-06-13 08:00:00,104.91458772124095
2022-06-13 09:00:00,104.68236009087671
2022-06-13 10:00:00,104.85012811406388
2022-06-13 11:00:00,105.05709369668827
2022-06-13 12:00:00,104.94310976669037
2022-06-13 13:00:00,104.93149499453504
2022-06-13 14:00:00,104.83201520123664
2022-06-13 15:00:00,105.07213340086516
2022-06-13 16:00:00,105.19626227797934
2022-06-13 17:00:00,105.2109020990178
2022-06-13 18:00:00,105.20433875985974
2022-06-13 19:00:00,105.19337776865483
2022-06-13 20:00:00,105.13152207925594
2022-06-13 21:00:00,105.0531150934282
2022-06-13 22:00:00,105.23668517396251
2022-06-13 23:00:00,105.10551181931693
2022-06-14 00:00:00,105.04398876655182
2022-06-14 01:00:00,105.06053673701471
2022-06-14 02:00:00,104.9541162391605
2022-06-14 03:00:00,104.97693807803
2022-06-14 04:00:00,104.7569090700198
2022-06-14 05:00:00,104.78581999856486
2022-06-14 06:00:00,105.05372314416717
2022-06-14 07:00:00,105.080632744427
2022-06-14 08:00:00,105.09252687263502
2022-06-14 09:00:00,105.04981786149291
2022-06-14 10:00:00,105.11075434869595
2022-06-14 11:00:00,105.3834871836221
2022-06-14 12:00:00,105.37679698146651
2022-06-14 13:00:00,105.41126210615977
2022-06-14 14:00:00,105.42995636128863
2022-06-14 15:00:00,105.52258266714351
2022-06-14 16:00:00,105.49083515524588
2022-06-14 17:00:00,105.46967504865108
2022-06-14 18:00:00,105.49046309179279
2022-06-14 19:00:00,105.38919844915729
2022-06-14 20:00:00,105.2979203583834
2022-06-14 21:00:00,105.27599173120588
2022-06-14 22:00:00,105.23340509593596
2022-06-14 23:00:00,105.19752121052191
2022-06-15 00:00:00,105.22892083480502
2022-06-15 01:00:00,105.3646767442891
2022-06-15 02:00:00,105.10529469032147
2022-06-15 03:00:00,104.9924001021869
2022-06-15 04:00:00,105.04243966256763
2022-06-15 05:00:00,104.76832679815915
2022-06-15 06:00:00,104.74930558158746
2022-06-15 07:00:00,104.8264155018572
2022-06-15 08:00:00,104.96400593714178
2022-06-15 09:00:00,105.3317889104723
2022-06-15 10:00:00,105.21198977137564
2022-06-15 11:00:00,105.33386218558049
2022-06-15 12:00:00,105.53016094234475
2022-06-15 13:00:00,105.555789483199
2022-06-15 14:00:00,105.34152183139375
2022-06-15 15:00:00,105.16166881627919
2022-06-15 16:00:00,104.78967859813525
2022-06-15 17:00:00,104.86049689345046
2022-06-15 18:00:00,104.85555531306179
2022-06-15 19:00:00,104.9254498134487
2022-06-15 20:00:00,104.79760653065304
2022-06-15 21:00:00,104.84499389504344
2022-06-15 22:00:00,105.06213198905525
2022-06-15 23:00:00,104.94433395620095
2022-06-16 00:00:00,104.943407892515
2022-06-16 01:00:00,105.00075029570972
2022-06-16 02:00:00,105.06947656264057
2022-06-16 03:00:00,105.26175638886893
2022-06-16 04:00:00,105.28809425789765
2022-06-16 05:00:00,105.06464597324756
2022-06-16 06:00:00,105.03942626062432
2022-06-16 07:00:00,105.0671490472829
2022-06-16 08:00:00,105.19115058903539
2022-06-16 09:00:00,104.7896333332736
2022-06-16 10:00:00,104.62469179590995
2022-06-16 11:00:00,104.31401649752083
2022-06-16 12:00:00,103.89802968817895
2022-06-16 13:00:00,103.66666593234454
2022-06-16 14:00:00,103.55028170312195
2022-06-16 15:00:00,103.63387949956189
2022-06-16 16:00:00,103.72829373846987
2022-06-16 17:00:00,103.81615434099001
2022-06-16 18:00:00,103.80748877903476
2022-06-16 19:00:00,103.90775510904142
2022-06-16 20:00:00,103.88841137547466
2022-06-16 21:00:00,104.04058918849397
2022-06-16 22:00:00,104.09216105012672
2022-06-16 23:00:00,104.1824840904303
2022-06-17 00:00:00,104.31611435309102
2022-06-17 01:00:00,104.19281402717787
2022-06-17 02:00:00,104.31359488745512
2022-06-17 03:00:00,104.48428816694438
2022-06-17 04:00:00,104.31012154019443
2022-06-17 05:00:00,104.30653175097153
2022-06-17 06:00:00,104.35979323482435
2022-06-17 07:00:00,104.33714294621643
2022-06-17 08:00:00,104.58735853954501
2022-06-17 09:00:00,104.52711195732238
2022-06-17 10:00:00,104.69326759696375
2022-06-17 11:00:00,104.9979258422412
2022-06-17 12:00:00,104.8589809926249
2022-06-17 13:00:00,104.90369958039994
2022-06-17 14:00:00,104.7012970958445
2022-06-17 15:00:00,104.69872612099599
2022-06-17 16:00:00,104.67235922256056
2022-06-17 17:00:00,104.67234265956364
2022-06-19 18:00:00,104.69836168331784
2022-06-19 19:00:00,104.6965619575589
2022-06-19 20:00:00,104.69547012291339
2022-06-19 21:00:00,104.66579386555158
2022-06-19 22:00:00,104.67089060213695
2022-06-19 23:00:00,104.45885967603182
2022-06-20 00:00:00,104.37430567582506
2022-06-20 01:00:00,104.43759518480479
2022-06-20 02:00:00,104.39911696635374
2022-06-20 03:00:00,104.40763025309549
2022-06-20 04:00:00,104.44739770583917
2022-06-20 05:00:00,104.39057182287365
2022-06-20 06:00:00,104.32344864971611
2022-06-20 07:00:00,104.33288813062345
2022-06-20 08:00:00,104.3633413718555
2022-06-20 09:00:00,104.42262404458117
2022-06-20 10:00:00,104.48319628762863
2022-06-20 11:00:00,104.32929855744126
2022-06-20 12:00:00,104.30104653258886
2022-06-20 13:00:00,104.40465225084313
2022-06-20 14:00:00,104.54608303183723
2022-06-20 15:00:00,104.58506116775298
2022-06-20 16:00:00,104.46936329120214
2022-06-20 17:00:00,104.48249426524555
2022-06-20 18:00:00,104.4817896030504
2022-06-20 19:00:00,104.43029930508071
2022-06-20 20:00:00,104.44667917157233
2022-06-20 21:00:00,104.30938364762815
2022-06-20 22:00:00,104.30454099869662
2022-06-20 23:00:00,104.2886260063964
2022-06-21 00:00:00,104.27680094516387
2022-06-21 01:00:00,104.37063119073855
2022-06-21 02:00:00,104.39158934322585
2022-06-21 03:00:00,104.29236379955822
2022-06-21 04:00:00,104.10347145270023
2022-06-21 05:00:00,103.96916502893089
2022-06-21 06:00:00,104.0711303119771
2022-06-21 07:00:00,104.24245343087203
2022-06-21 08:00:00,104.32277334700696
2022-06-21 09:00:00,104.31896174993798
2022-06-21 10:00:00,104.20913972111384
2022-06-21 11:00:00,104.16269485125062
2022-06-21 12:00:00,104.30196809990905
2022-06-21 13:00:00,104.40063710908494
2022-06-21 14:00:00,104.37717526680272
2022-06-21 15:00:00,104.4334356320811
2022-06-21 16:00:00,104.45280306255017
2022-06-21 17:00:00,104.41963017595063
2022-06-21 18:00:00,104.41793284679974
2022-06-21 19:00:00,104.38863897937667
2022-06-21 20:00:00,104.43325630862685
2022-06-21 21:00:00,104.59874599486172
2022-06-21 22:00:00,104.6141542188948
2022-06-21 23:00:00,104.60085139346975
2022-06-22 00:00:00,104.60069787560803
2022-06-22 01:00:00,104.70522802673479
2022-06-22 02:00:00,104.78474193190061
2022-06-22 03:00:00,104.77863329626265
2022-06-22 04:00:00,104.70478465374323
2022-06-22 05:00:00,104.67157006548861
2022-06-22 06:00:00,104.52873420472514
2022-06-22 07:00:00,104.5353404751664
2022-06-22 08:00:00,104.59833630551053
2022-06-22 09:00:00,104.41329631678398
2022-06-22 10:00:00,104.20659081589734
2022-06-22 11:00:00,103.91793489966226
2022-06-22 12:00:00,104.09071676151835
2022-06-22 13:00:00,104.15482209851318
2022-06-22 14:00:00,104.09055598698963
2022-06-22 15:00:00,104.19581616433445
2022-06-22 16:00:00,104.20450240603328
2022-06-22 17:00:00,104.19716885229393
2022-06-22 18:00:00,104.21229660212532
2022-06-22 19:00:00,104.19887200102968
2022-06-22 20:00:00,104.22433124637597
2022-06-22 21:00:00,104.14473112294615
2022-06-22 22:00:00,104.26821795267436
2022-06-22 23:00:00,104.11052417783218
2022-06-23 00:00:00,104.12147505642166
2022-06-23 01:00:00,104.14153708719915
2022-06-23 02:00:00,104.12357845727338
2022-06-23 03:00:00,104.1247409282827
2022-06-23 04:00:00,104.62214510127025
2022-06-23 05:00:00,104.70302265880254
2022-06-23 06:00:00,104.53494517836668
2022-06-23 07:00:00,104.58649492973193
2022-06-23 08:00:00,104.593126064749
2022-06-23 09:00:00,104.5110987360456
2022-06-23 10:00:00,104.1303275886323
2022-06-23 11:00:00,104.2622919508903
2022-06-23 12:00:00,104.51449437125194
2022-06-23 13:00:00,104.50984584614079
2022-06-23 14:00:00,104.55370981869235
2022-06-23 15:00:00,104.43283220275715
2022-06-23 16:00:00,104.35359969698925
2022-06-23 17:00:00,104.41394775909536
2022-06-23 18:00:00,104.40917904256564
2022-06-23 19:00:00,104.35628768572253
2022-06-23 20:00:00,104.40357672642477
2022-06-23 21:00:00,104.4614509178292
2022-06-23 22:00:00,104.32743908199897
2022-06-23 23:00:00,104.28593805639953
2022-06-24 00:00:00,104.28554593239562
2022-06-24 01:00:00,104.24035808140916
2022-06-24 02:00:00,104.20882273248553
2022-06-24 03:00:00,104.24676337818345
2022-06-24 04:00:00,104.31748418112875
2022-06-24 05:00:00,104.2158741074545
2022-06-24 06:00:00,104.13015690664618
2022-06-24 07:00:00,104.23875210351565
2022-06-24 08:00:00,104.42933945558154
2022-06-24 09:00:00,104.34913491682443
2022-06-24 10:00:00,104.28774094035498
2022-06-24 11:00:00,104.18200805533394
2022-06-24 12:00:00,104.23719919764082
2022-06-24 13:00:00,104.1856438376366
2022-06-24 14:00:00,104.28394391137253
2022-06-24 15:00:00,104.1850102879568
2022-06-24 16:00:00,104.08456413298775
2022-06-24 17:00:00,104.11327905799779
2022-06-26 18:00:00,104.13187105890248
2022-06-26 19:00:00,104.02714962644986
2022-06-26 20:00:00,104.02521213999894
2022-06-26 21:00:00,104.07585091558033
2022-06-26 22:00:00,104.0151097493918
2022-06-26 23:00:00,104.07483253452945
2022-06-27 00:00:00,104.05299196671037
2022-06-27 01:00:00,103.9759518021909
2022-06-27 02:00:00,104.05541407401411
2022-06-27 03:00:00,103.9889721064406
2022-06-27 04:00:00,103.81967111766542
2022-06-27 05:00:00,103.85079511959117
2022-06-27 06:00:00,104.02187971362368
2022-06-27 07:00:00,103.92809568610716
2022-06-27 08:00:00,104.08836244787992
2022-06-27 09:00:00,104.08378120102813
2022-06-27 10:00:00,103.94171786378756
2022-06-27 11:00:00,103.80675280138418
2022-06-27 12:00:00,103.78790986385836
2022-06-27 13:00:00,103.82438841263254
2022-06-27 14:00:00,103.89590900033518
2022-06-27 15:00:00,103.93912147205558
2022-06-27 16:00:00,103.98046933564902
2022-06-27 17:00:00,103.96219991184735
2022-06-27 18:00:00,103.94301917409194
2022-06-27 19:00:00,103.9559742006767
2022-06-27 20:00:00,103.969866873415
2022-06-27 21:00:00,103.98137340883214
2022-06-27 22:00:00,103.96585752880281
2022-06-27 23:00:00,103.96426268268507
2022-06-28 00:00:00,103.93281176330257
2022-06-28 01:00:00,103.98010878718516
2022-06-28 02:00:00,104.00966206014739
2022-06-28 03:00:00,103.92327991704443
2022-06-28 04:00:00,103.9336440851977
2022-06-28 05:00:00,103.84551111417161
2022-06-28 06:00:00,103.9431835302798
2022-06-28 07:00:00,104.04396994303971
2022-06-28 08:00:00,104.10315640290287
2022-06-28 09:00:00,104.34837220204423
2022-06-28 10:00:00,104.3670693891721
2022-06-28 11:00:00,104.50734287027325
2022-06-28 12:00:00,104.40536732060875
2022-06-28 13:00:00,104.46119168676114
2022-06-28 14:00:00,104.39609092116717
2022-06-28 15:00:00,104.50484084258609
2022-06-28 16:00:00,104.47014980556978
2022-06-28 17:00:00,104.50126588147756
2022-06-28 18:00:00,104.4853658841136
2022-06-28 19:00:00,104.45763843840477
2022-06-28 20:00:00,104.47494180432301
2022-06-28 21:00:00,104.47141456361886
2022-06-28 22:00:00,104.40904046891666
2022-06-28 23:00:00,104.41376014551298
2022-06-29 00:00:00,104.41571830438593
2022-06-29 01:00:00,104.56591676971908
2022-06-29 02:00:00,104.58190714798452
2022-06-29 03:00:00,104.69137585212425
2022-06-29 04:00:00,104.48982620924107
2022-06-29 05:00:00,104.56905998934161
2022-06-29 06:00:00,104.63856606061236
2022-06-29 07:00:00,104.5330264501034
2022-06-29 08:00:00,104.50945004422447
2022-06-29 09:00:00,104.54404316600088
2022-06-29 10:00:00,104.89964999063474
2022-06-29 11:00:00,104.88674290780718
2022-06-29 12:00:00,104.81262517522975
2022-06-29 13:00:00,105.07647633691255
2022-06-29 14:00:00,105.0363526623536
2022-06-29 15:00:00,105.10632080923035
2022-06-29 16:00:00,105.11860741210661
2022-06-29 17:00:00,105.1039613517239
2022-06-29 18:00:00,105.10452687530021
2022-06-29 19:00:00,105.07907256987704
2022-06-29 20:00:00,105.06604475417842
2022-06-29 21:00:00,105.0952785671274
2022-06-29 22:00:00,105.14274074423287
2022-06-29 23:00:00,105.01567400575391
2022-06-30 00:00:00,105.03163635659828
2022-06-30 01:00:00,105.00734842111376
2022-06-30 02:00:00,104.96739169148165
2022-06-30 03:00:00,105.08108481511454
2022-06-30 04:00:00,105.04934410728391
2022-06-30 05:00:00,105.07278834306628
2022-06-30 06:00:00,105.16605657567725
2022-06-30 07:00:00,105.4014738370807
2022-06-30 08:00:00,105.42534040995724
2022-06-30 09:00:00,105.37100817014336
2022-06-30 10:00:00,105.16026217194452
2022-06-30 11:00:00,104.97224825163119
2022-06-30 12:00:00,104.79711282966045
2022-06-30 13:00:00,104.68763431741372
2022-06-30 14:00:00,104.69612129563264
2022-06-30 15:00:00,104.68650810952812
2022-06-30 16:00:00,104.72299836563373
2022-06-30 17:00:00,104.70075213080402
2022-06-30 18:00:00,104.72126425266119
2022-06-30 19:00:00,104.74995336821705
2022-06-30 20:00:00,104.75428089473925
2022-06-30 21:00:00,104.82638650031608
2022-06-30 22:00:00,104.8179536013043
2022-06-30 23:00:00,104.81214276989252
2022-07-01 00:00:00,104.9099574306369
2022-07-01 01:00:00,104.9265617639168
2022-07-01 02:00:00,104.83791897844844
2022-07-01 03:00:00,104.852071417034
2022-07-01 04:00:00,105.01773999344732
2022-07-01 05:00:00,104.96437300783461
2022-07-01 06:00:00,105.03964052102307
2022-07-01 07:00:00,105.06676903978614
2022-07-01 08:00:00,105.1725619597837
2022-07-01 09:00:00,105.41115994948875
2022-07-01 10:00:00,105.45426252944893
2022-07-01 11:00:00,105.47506383198413
2022-07-01 12:00:00,105.31345824392184
2022-07-01 13:00:00,105.36658700377545
2022-07-01 14:00:00,105.27594219198654
2022-07-01 15:00:00,105.14083960743082
2022-07-01 16:00:00,105.11622658425378
2022-07-01 17:00:00,105.12406379621662
2022-07-03 18:00:00,105.13593790411076
2022-07-03 19:00:00,105.03147035444313
2022-07-03 20:00:00,105.05633778357183
2022-07-03 21:00:00,105.02695387165538
2022-07-03 22:00:00,105.0588677484469
2022-07-03 23:00:00,105.07714612999649
2022-07-04 00:00:00,105.14147574341712
2022-07-04 01:00:00,105.11967378308871
2022-07-04 02:00:00,105.08097995498663
2022-07-04 03:00:00,105.13479950588267
2022-07-04 04:00:00,105.0769094515266
2022-07-04 05:00:00,105.03068421884564
2022-07-04 06:00:00,104.99878075826716
2022-07-04 07:00:00,104.90776948900205
2022-07-04 08:00:00,104.89273397045125
2022-07-04 09:00:00,104.91903920360622
2022-07-04 10:00:00,104.98789861603393
2022-07-04 11:00:00,105.19541339669588
2022-07-04 12:00:00,105.16868806727622
2022-07-04 13:00:00,105.18122508031814
2022-07-04 14:00:00,105.20770211919613
2022-07-04 15:00:00,105.16491978625874
2022-07-04 16:00:00,105.18378123603698
2022-07-04 17:00:00,105.19135823624634
2022-07-04 18:00:00,105.19056708015128
2022-07-04 19:00:00,105.14836783570833
2022-07-04 20:00:00,105.12708183297123
2022-07-04 21:00:00,105.13537821154523
2022-07-04 22:00:00,105.15210462763024
2022-07-04 23:00:00,105.18767240661695
2022-07-05 00:00:00,105.1476581858457
2022-07-05 01:00:00,105.12906942629816
2022-07-05 02:00:00,105.08295307271517
2022-07-05 03:00:00,105.12774228740994
2022-07-05 04:00:00,105.5622789656858
2022-07-05 05:00:00,106.05708852443074
2022-07-05 06:00:00,106.14833158580268
2022-07-05 07:00:00,106.14315312362972
2022-07-05 08:00:00,106.21669872358696
2022-07-05 09:00:00,106.2975463201775
2022-07-05 10:00:00,106.52164332713268
2022-07-05 11:00:00,106.74174913743059
2022-07-05 12:00:00,106.62196692795655
2022-07-05 13:00:00,106.70272059287437
2022-07-05 14:00:00,106.62239379187778
2022-07-05 15:00:00,106.53007093825778
2022-07-05 16:00:00,106.49742863505297
2022-07-05 17:00:00,106.51027223094017
2022-07-05 18:00:00,106.51130582600007
2022-07-05 19:00:00,106.47117431624635
2022-07-05 20:00:00,106.5398732056951
2022-07-05 21:00:00,106.46924363270938
2022-07-05 22:00:00,106.46679460781722
2022-07-05 23:00:00,106.42671238479493
2022-07-06 00:00:00,106.47381881749952
2022-07-06 01:00:00,106.60548255904345
2022-07-06 02:00:00,106.60545396944893
2022-07-06 03:00:00,106.42624008541777
2022-07-06 04:00:00,106.4770383746342
2022-07-06 05:00:00,106.56536011795879
2022-07-06 06:00:00,106.74739610293727
2022-07-06 07:00:00,106.95031092970665
2022-07-06 08:00:00,106.9782316505119
2022-07-06 09:00:00,106.99010452265343
2022-07-06 10:00:00,107.07482717800949
2022-07-06 11:00:00,107.02233573610538
2022-07-06 12:00:00,107.16776542051167
2022-07-06 13:00:00,107.1631495590698
2022-07-06 14:00:00,107.02670309765104
2022-07-06 15:00:00,107.09220322479364
2022-07-06 16:00:00,107.04422106797188
2022-07-06 17:00:00,107.06070862656529
2022-07-06 18:00:00,107.07724525113963
2022-07-06 19:00:00,107.03367696407673
2022-07-06 20:00:00,107.06697259822339
2022-07-06 21:00:00,107.02798478848091
2022-07-06 22:00:00,107.05171030046117
2022-07-06 23:00:00,106.8810751107997
2022-07-07 00:00:00,106.8726533649891
2022-07-07 01:00:00,106.87686826052989
2022-07-07 02:00:00,106.79187440614118
2022-07-07 03:00:00,106.90628113732635
2022-07-07 04:00:00,107.00498395631938
2022-07-07 05:00:00,106.93904642403841
2022-07-07 06:00:00,106.82747298145364
2022-07-07 07:00:00,106.90860377887613
2022-07-07 08:00:00,106.91083223851552
2022-07-07 09:00:00,107.10457315439969
2022-07-07 10:00:00,106.9227152331559
2022-07-07 11:00:00,107.03066524534769
2022-07-07 12:00:00,107.1365253936929
2022-07-07 13:00:00,107.14716267901852
2022-07-07 14:00:00,107.13740484342472
2022-07-07 15:00:00,107.13020217143
2022-07-07 16:00:00,107.04104893553448
2022-07-07 17:00:00,107.06857519758769
2022-07-07 18:00:00,107.06264483549087
2022-07-07 19:00:00,107.02968097544077
2022-07-07 20:00:00,107.00170950591574
2022-07-07 21:00:00,106.8502589472004
2022-07-07 22:00:00,106.95157204958663
2022-07-07 23:00:00,107.00022744166557
2022-07-08 00:00:00,107.07285112471743
2022-07-08 01:00:00,107.08049932976627
2022-07-08 02:00:00,107.0740922149769
2022-07-08 03:00:00,107.09630282521118
2022-07-08 04:00:00,107.5250165122257
2022-07-08 05:00:00,107.4952775934802
2022-07-08 06:00:00,107.42216537585199
2022-07-08 07:00:00,107.27549994914517
2022-07-08 08:00:00,107.1573001776506
2022-07-08 09:00:00,107.30768199915532
2022-07-08 10:00:00,107.2795699890069
2022-07-08 11:00:00,106.98345124292706
2022-07-08 12:00:00,106.96078920590391
2022-07-08 13:00:00,107.07018273316989
2022-07-08 14:00:00,107.07349229486432
2022-07-08 15:00:00,107.00694590687853
2022-07-08 16:00:00,106.95538519507444
2022-07-08 17:00:00,106.90170944429917
2022-07-10 18:00:00,106.92456052867487
2022-07-10 19:00:00,106.99742021342179
2022-07-10 20:00:00,107.07304105612766
2022-07-10 21:00:00,107.18963301876691
2022-07-10 22:00:00,107.40243108842209
2022-07-10 23:00:00,107.3240927962281
2022-07-11 00:00:00,107.32090679772699
2022-07-11 01:00:00,107.30447010135559
2022-07-11 02:00:00,107.40217356604754
2022-07-11 03:00:00,107.50282790601464
2022-07-11 04:00:00,107.59736673015188
2022-07-11 05:00:00,107.55080338274045
2022-07-11 06:00:00,107.70054321762053
2022-07-11 07:00:00,107.61814584523306
2022-07-11 08:00:00,107.83377813948728
2022-07-11 09:00:00,107.93921846565239
2022-07-11 10:00:00,108.03235742623913
2022-07-11 11:00:00,107.93345129385524
2022-07-11 12:00:00,107.85161343698951
2022-07-11 13:00:00,108.03952719212435
2022-07-11 14:00:00,107.94416117911027
2022-07-11 15:00:00,108.01682043860085
2022-07-11 16:00:00,108.16367011854017
2022-07-11 17:00:00,108.22145396483015
2022-07-11 18:00:00,108.23580004539366
2022-07-11 19:00:00,108.2056041595357
2022-07-11 20:00:00,108.16220301024194
2022-07-11 21:00:00,108.1940529704167
2022-07-11 22:00:00,108.27011279704867
2022-07-11 23:00:00,108.29505437339027
2022-07-12 00:00:00,108.30679750547688
2022-07-12 01:00:00,108.41005632829301
2022-07-12 02:00:00,108.47203920490021
2022-07-12 03:00:00,108.36971740227543
2022-07-12 04:00:00,108.4890468418083
2022-07-12 05:00:00,108.47208359810429
2022-07-12 06:00:00,108.41505498364315
2022-07-12 07:00:00,108.3572210022173
2022-07-12 08:00:00,108.2108673643055
2022-07-12 09:00:00,108.07708003313559
2022-07-12 10:00:00,108.07814337653022
2022-07-12 11:00:00,108.03855352086633
2022-07-12 12:00:00,107.89357059931392
2022-07-12 13:00:00,107.92560586292528
2022-07-12 14:00:00,107.95039999860957
2022-07-12 15:00:00,108.07089866411461
2022-07-12 16:00:00,108.18027678169953
2022-07-12 17:00:00,108.15818000223156
2022-07-12 18:00:00,108.16781751727422
2022-07-12 19:00:00,108.20893379523416
2022-07-12 20:00:00,108.2096082795536
2022-07-12 21:00:00,108.22503496634808
2022-07-12 22:00:00,108.2669472378947
2022-07-12 23:00:00,108.12155512081307
2022-07-13 00:00:00,108.15454148172121
2022-07-13 01:00:00,108.16286262168492
2022-07-13 02:00:00,108.15901362458574
2022-07-13 03:00:00,108.18436549472473
2022-07-13 04:00:00,108.17618587146848
2022-07-13 05:00:00,108.17226477935881
2022-07-13 06:00:00,108.15794978355565
2022-07-13 07:00:00,107.95218842807161
2022-07-13 08:00:00,107.87031096829794
2022-07-13 09:00:00,108.37802614410104
2022-07-13 10:00:00,108.36486271169237
2022-07-13 11:00:00,107.58828615141418
2022-07-13 12:00:00,107.84110546699264
2022-07-13 13:00:00,107.7831366984846
2022-07-13 14:00:00,107.79312333897961
2022-07-13 15:00:00,107.95925754273996
2022-07-13 16:00:00,108.00084021237122
2022-07-13 17:00:00,108.03250458635176
2022-07-13 18:00:00,108.03214647517007
2022-07-13 19:00:00,108.07548075665841
2022-07-13 20:00:00,108.26748731130921
2022-07-13 21:00:00,108.39050707350451
2022-07-13 22:00:00,108.40426292362143
2022-07-13 23:00:00,108.37621588468579
2022-07-14 00:00:00,108.28890310592585
2022-07-14 01:00:00,108.39944737252635
2022-07-14 02:00:00,108.47131495208373
2022-07-14 03:00:00,108.62483422481903
2022-07-14 04:00:00,108.43775755485524
2022-07-14 05:00:00,108.59849602056741
2022-07-14 06:00:00,108.36557147305538
2022-07-14 07:00:00,108.68641234917872
2022-07-14 08:00:00,108.71256695607886
2022-07-14 09:00:00,108.8359404301376
2022-07-14 10:00:00,108.99149941720454
2022-07-14 11:00:00,108.91256101356988
2022-07-14 12:00:00,108.56743464967882
2022-07-14 13:00:00,108.90597574223878
2022-07-14 14:00:00,108.71957622082564
2022-07-14 15:00:00,108.54368494794396
2022-07-14 16:00:00,108.65271536491767
2022-07-14 17:00:00,108.62728036412722
2022-07-14 18:00:00,108.65358506701237
2022-07-14 19:00:00,108.65509809210212
2022-07-14 20:00:00,108.56825005367563
2022-07-14 21:00:00,108.62945319313503
2022-07-14 22:00:00,108.495779556258
2022-07-14 23:00:00,108.48126067425238
2022-07-15 00:00:00,108.5891634728758
2022-07-15 01:00:00,108.55840219369281
2022-07-15 02:00:00,108.64351374732126
2022-07-15 03:00:00,108.64834545392812
2022-07-15 04:00:00,108.55052041410497
2022-07-15 05:00:00,108.52798123905973
2022-07-15 06:00:00,108.41712758831706
2022-07-15 07:00:00,108.28514421401515
2022-07-15 08:00:00,108.31429448205718
2022-07-15 09:00:00,108.14027999560861
2022-07-15 10:00:00,108.38672411363594
2022-07-15 11:00:00,108.05707228625975
2022-07-15 12:00:00,108.00054201920324
2022-07-15 13:00:00,108.05500523699311
2022-07-15 14:00:00,108.08174056960071
2022-07-15 15:00:00,108.06275806037627
2022-07-15 16:00:00,108.01918042164175
2022-07-15 17:00:00,107.97848199730959
2022-07-17 18:00:00,107.99858216130082
2022-07-17 19:00:00,107.97975894303934
2022-07-17 20:00:00,107.85139606046982
2022-07-17 21:00:00,107.8896158139768
2022-07-17 22:00:00,107.73224080442058
2022-07-17 23:00:00,107.79466119324037
2022-07-18 00:00:00,107.78764461072315
2022-07-18 01:00:00,107.89015953312943
2022-07-18 02:00:00,107.90243760957286
2022-07-18 03:00:00,107.7152130465279
2022-07-18 04:00:00,107.41742415595243
2022-07-18 05:00:00,107.52653130855302
2022-07-18 06:00:00,107.33050540561922
2022-07-18 07:00:00,107.32555392304992
2022-07-18 08:00:00,107.44273736711308
2022-07-18 09:00:00,107.44715101396667
2022-07-18 10:00:00,107.28483382939913
2022-07-18 11:00:00,106.9421556132701
2022-07-18 12:00:00,107.24208374628012
2022-07-18 13:00:00,107.22022387616926
2022-07-18 14:00:00,107.34267399341957
2022-07-18 15:00:00,107.37078454651383
2022-07-18 16:00:00,107.4285980175469
2022-07-18 17:00:00,107.44203746064258
2022-07-18 18:00:00,107.4266110497433
2022-07-18 19:00:00,107.47901877858476
2022-07-18 20:00:00,107.4399478423572
2022-07-18 21:00:00,107.57697654891227
2022-07-18 22:00:00,107.61587965539205
2022-07-18 23:00:00,107.55094837969149
2022-07-19 00:00:00,107.54488849932868
2022-07-19 01:00:00,107.53888833526838
2022-07-19 02:00:00,107.36454149324102
2022-07-19 03:00:00,107.20761892504845
2022-07-19 04:00:00,106.64174732199218
2022-07-19 05:00:00,106.61099958055952
2022-07-19 06:00:00,106.61571442068347
2022-07-19 07:00:00,106.42003601660713
2022-07-19 08:00:00,106.49564610670814
2022-07-19 09:00:00,106.68926299440923
2022-07-19 10:00:00,106.57576276765053
2022-07-19 11:00:00,106.53069003808203
2022-07-19 12:00:00,106.58661926230765
2022-07-19 13:00:00,106.60311090848361
2022-07-19 14:00:00,106.66211232505975
2022-07-19 15:00:00,106.68178775013216
2022-07-19 16:00:00,106.74666735391187
2022-07-19 17:00:00,106.71605958268363
2022-07-19 18:00:00,106.69330241683669
2022-07-19 19:00:00,106.6342550418535
2022-07-19 20:00:00,106.68069489588684
2022-07-19 21:00:00,106.54871609307791
2022-07-19 22:00:00,106.6241473490446
2022-07-19 23:00:00,106.55781187531589
2022-07-20 00:00:00,106.55256859422799
2022-07-20 01:00:00,106.53731444285134
2022-07-20 02:00:00,106.5980933585132
2022-07-20 03:00:00,106.53833228669956
2022-07-20 04:00:00,106.73052504925579
2022-07-20 05:00:00,106.6797168076113
2022-07-20 06:00:00,106.50480256510104
2022-07-20 07:00:00,106.92783625726943
2022-07-20 08:00:00,106.97098149336686
2022-07-20 09:00:00,106.82192628918615
2022-07-20 10:00:00,106.80436710046769
2022-07-20 11:00:00,106.78740168337944
2022-07-20 12:00:00,106.79861233133786
2022-07-20 13:00:00,106.98618297342557
2022-07-20 14:00:00,107.23732509870845
2022-07-20 15:00:00,107.07449001664118
2022-07-20 16:00:00,107.05651718198493
2022-07-20 17:00:00,107.0337158769918
2022-07-20 18:00:00,107.04574742070542
2022-07-20 19:00:00,107.04288239828821
2022-07-20 20:00:00,107.07137024860575
2022-07-20 21:00:00,107.03209623885516
2022-07-20 22:00:00,106.95049907673548
2022-07-20 23:00:00,106.84373116542008
2022-07-21 00:00:00,106.84766959892107
2022-07-21 01:00:00,106.71388904214189
2022-07-21 02:00:00,106.72633666442668
2022-07-21 03:00:00,106.87333652970118
2022-07-21 04:00:00,107.0360577319109
2022-07-21 05:00:00,107.07576443530374
2022-07-21 06:00:00,107.14143892558585
2022-07-21 07:00:00,107.06633424414252
2022-07-21 08:00:00,107.12313436767525
2022-07-21 09:00:00,106.49588796524799
2022-07-21 10:00:00,106.89957610403425
2022-07-21 11:00:00,106.94417348029732
2022-07-21 12:00:00,106.88616846563464
2022-07-21 13:00:00,107.01735921419814
2022-07-21 14:00:00,106.98832089042665
2022-07-21 15:00:00,106.91095618168293
2022-07-21 16:00:00,106.73063190469549
2022-07-21 17:00:00,106.5592244057613
2022-07-21 18:00:00,106.5870231620526
2022-07-21 19:00:00,106.62827645306294
2022-07-21 20:00:00,106.61288729209416
2022-07-21 21:00:00,106.75582569451356
2022-07-21 22:00:00,106.78426531754575
2022-07-21 23:00:00,106.85315017053847
2022-07-22 00:00:00,106.90833659700999
2022-07-22 01:00:00,107.01788686505616
2022-07-22 02:00:00,106.99103374189175
2022-07-22 03:00:00,106.75735438525837
2022-07-22 04:00:00,107.27779027566082
2022-07-22 05:00:00,107.1514537524042
2022-07-22 06:00:00,107.0713996071713
2022-07-22 07:00:00,106.96815027826516
2022-07-22 08:00:00,106.91066611865959
2022-07-22 09:00:00,106.83526903854766
2022-07-22 10:00:00,106.32737411517566
2022-07-22 11:00:00,106.34555988587762
2022-07-22 12:00:00,106.4173799492478
2022-07-22 13:00:00,106.38284096272425
2022-07-22 14:00:00,106.474369359221
2022-07-22 15:00:00,106.73189245436723
2022-07-22 16:00:00,106.56594272521384
2022-07-22 17:00:00,106.54259745893737
2022-07-24 18:00:00,106.53642755477092
2022-07-24 19:00:00,106.59142622052008
2022-07-24 20:00:00,106.70786078360295
2022-07-24 21:00:00,106.88305630740273
2022-07-24 22:00:00,106.68970605582237
2022-07-24 23:00:00,106.61135631833774
2022-07-25 00:00:00,106.65293240252102
2022-07-25 01:00:00,106.65115060259095
2022-07-25 02:00:00,106.73827114528096
2022-07-25 03:00:00,106.73558470421284
2022-07-25 04:00:00,106.73914023884416
2022-07-25 05:00:00,106.48817009430391
2022-07-25 06:00:00,106.29197703854835
2022-07-25 07:00:00,106.36107248436419
2022-07-25 08:00:00,106.40593585777101
2022-07-25 09:00:00,106.27860141059757
2022-07-25 10:00:00,106.25733157513385
2022-07-25 11:00:00,106.50815115547307
2022-07-25 12:00:00,106.5576694987771
2022-07-25 13:00:00,106.48123719386453
2022-07-25 14:00:00,106.47591841623696
2022-07-25 15:00:00,106.47881560923233
2022-07-25 16:00:00,106.43075062911484
2022-07-25 17:00:00,106.46621479225108
2022-07-25 18:00:00,106.47251684848861
2022-07-25 19:00:00,106.46997108502885
2022-07-25 20:00:00,106.43138227473213
2022-07-25 21:00:00,106.37828442383181
2022-07-25 22:00:00,106.26419622794027
2022-07-25 23:00:00,106.2873688307859
2022-07-26 00:00:00,106.37171587043743
2022-07-26 01:00:00,106.4127968815025
2022-07-26 02:00:00,106.50378513279638
2022-07-26 03:00:00,106.53900951634091
2022-07-26 04:00:00,106.47882561377135
2022-07-26 05:00:00,106.55617949032298
2022-07-26 06:00:00,106.82696680923812
2022-07-26 07:00:00,107.00425827827051
2022-07-26 08:00:00,107.15902137577133
2022-07-26 09:00:00,107.00508173740698
2022-07-26 10:00:00,107.00677107929837
2022-07-26 11:00:00,107.05198435178688
2022-07-26 12:00:00,107.21140211682835
2022-07-26 13:00:00,107.13570697722015
2022-07-26 14:00:00,107.20643230451954
2022-07-26 15:00:00,107.18888017659323
2022-07-26 16:00:00,107.25694288247942
2022-07-26 17:00:00,107.22999449078564
2022-07-26 18:00:00,107.21599900985356
2022-07-26 19:00:00,107.12371841202622
2022-07-26 20:00:00,107.14484214959354
2022-07-26 21:00:00,107.0615059478378
2022-07-26 22:00:00,107.01925577687285
2022-07-26 23:00:00,107.03151795010925
2022-07-27 00:00:00,107.03190373842172
2022-07-27 01:00:00,106.96507491565264
2022-07-27 02:00:00,106.98160076472041
2022-07-27 03:00:00,107.1195622894909
2022-07-27 04:00:00,107.04370669611859
2022-07-27 05:00:00,106.99622432025788
2022-07-27 06:00:00,106.9653446605815
2022-07-27 07:00:00,106.9198367133763
2022-07-27 08:00:00,106.94257909154744
2022-07-27 09:00:00,107.03418311059073
2022-07-27 10:00:00,107.09389658680874
2022-07-27 11:00:00,107.25877447819761
2022-07-27 12:00:00,107.37218721915846
2022-07-27 13:00:00,107.32992392625572
2022-07-27 14:00:00,107.17982237973673
2022-07-27 15:00:00,106.44299973377869
2022-07-27 16:00:00,106.37462298242723
2022-07-27 17:00:00,106.4606811969696
2022-07-27 18:00:00,106.44907338414563
2022-07-27 19:00:00,106.4243059119417
2022-07-27 20:00:00,106.35862015319115
2022-07-27 21:00:00,106.51285635817472
2022-07-27 22:00:00,106.27589222573613
2022-07-27 23:00:00,106.27150070192731
2022-07-28 00:00:00,106.25242110454163
2022-07-28 01:00:00,106.31945594047036
2022-07-28 02:00:00,106.1606543773773
2022-07-28 03:00:00,106.20675192630063
2022-07-28 04:00:00,106.23688575999319
2022-07-28 05:00:00,106.15385079756872
2022-07-28 06:00:00,106.65813358372202
2022-07-28 07:00:00,106.82364109614987
2022-07-28 08:00:00,106.94432261348224
2022-07-28 09:00:00,106.50643464916216
2022-07-28 10:00:00,106.70301295551546
2022-07-28 11:00:00,106.54888300679663
2022-07-28 12:00:00,106.4714026786389
2022-07-28 13:00:00,106.52693027249823
2022-07-28 14:00:00,106.4897903108681
2022-07-28 15:00:00,106.34810497099258
2022-07-28 16:00:00,106.25630362878833
2022-07-28 17:00:00,106.16373265532138
2022-07-28 18:00:00,106.18771349707225
2022-07-28 19:00:00,106.17303332169541
2022-07-28 20:00:00,106.21689050217255
2022-07-28 21:00:00,106.18452815069772
2022-07-28 22:00:00,106.19355287380745
2022-07-28 23:00:00,106.18578473358876
2022-07-29 00:00:00,105.92012088563139
2022-07-29 01:00:00,105.97660250220639
2022-07-29 02:00:00,105.9256764721345
2022-07-29 03:00:00,105.60418912977052
2022-07-29 04:00:00,105.6861631487817
2022-07-29 05:00:00,105.87434489282384
2022-07-29 06:00:00,106.0671905218265
2022-07-29 07:00:00,105.76279124391607
2022-07-29 08:00:00,106.04161986611683
2022-07-29 09:00:00,106.3639334289001
2022-07-29 10:00:00,106.47949857862025
2022-07-29 11:00:00,106.11577748577841
2022-07-29 12:00:00,105.99666758532645
2022-07-29 13:00:00,106.05433219809865
2022-07-29 14:00:00,105.99572158329661
2022-07-29 15:00:00,105.90289810635213
2022-07-29 16:00:00,105.8882825127925
2022-07-29 17:00:00,105.82480894519836
2022-07-31 18:00:00,105.89342760792975
2022-07-31 19:00:00,105.94685989698122
2022-07-31 20:00:00,105.98898901998001
2022-07-31 21:00:00,105.84904498352385
2022-07-31 22:00:00,105.7029035130535
2022-07-31 23:00:00,105.63386519135736
2022-08-01 00:00:00,105.77109760705078
2022-08-01 01:00:00,105.7827370652585
2022-08-01 02:00:00,105.83156935667658
2022-08-01 03:00:00,105.67274723152347
2022-08-01 04:00:00,105.71255750160195
2022-08-01 05:00:00,105.48608061656736
2022-08-01 06:00:00,105.37064558627334
2022-08-01 07:00:00,105.47494999059391
2022-08-01 08:00:00,105.62723156159673
2022-08-01 09:00:00,105.54685211903585
2022-08-01 10:00:00,105.43006477759519
2022-08-01 11:00:00,105.27408229250514
2022-08-01 12:00:00,105.3250178817981
2022-08-01 13:00:00,105.27854725815418
2022-08-01 14:00:00,105.42912890566508
2022-08-01 15:00:00,105.45380880328175
2022-08-01 16:00:00,105.4050523993857
2022-08-01 17:00:00,105.38945903888361
2022-08-01 18:00:00,105.40506698002253
2022-08-01 19:00:00,105.36730670782482
2022-08-01 20:00:00,105.35195753171645
2022-08-01 21:00:00,105.13557140937266
2022-08-01 22:00:00,105.2503974162465
2022-08-01 23:00:00,105.20537809187562
2022-08-02 00:00:00,105.233989685947
2022-08-02 01:00:00,105.25118799440943
2022-08-02 02:00:00,105.27795663692733
2022-08-02 03:00:00,105.4967874453337
2022-08-02 04:00:00,105.62091616746322
2022-08-02 05:00:00,105.52745633435153
2022-08-02 06:00:00,105.4990251347485
2022-08-02 07:00:00,105.61788138750646
2022-08-02 08:00:00,105.61820061687442
2022-08-02 09:00:00,105.67125745368072
2022-08-02 10:00:00,105.79875760702323
2022-08-02 11:00:00,105.86704947938802
2022-08-02 12:00:00,105.94760619686245
2022-08-02 13:00:00,105.93630887127853
2022-08-02 14:00:00,106.11306963289468
2022-08-02 15:00:00,106.24185678707045
2022-08-02 16:00:00,106.28853972027544
2022-08-02 17:00:00,106.32873840780546
2022-08-02 18:00:00,106.34827770353846
2022-08-02 19:00:00,106.32906291092507
2022-08-02 20:00:00,106.443064192095
2022-08-02 21:00:00,106.4783086838056
2022-08-02 22:00:00,106.33524103432038
2022-08-02 23:00:00,106.20534060906495
2022-08-03 00:00:00,106.05177222952955
2022-08-03 01:00:00,106.10882744676336
2022-08-03 02:00:00,106.2394954904473
2022-08-03 03:00:00,106.35340501729016
2022-08-03 04:00:00,106.22394968566707
2022-08-03 05:00:00,106.16780548603751
2022-08-03 06:00:00,106.17638770054432
2022-08-03 07:00:00,106.177449451883
2022-08-03 08:00:00,106.19088002698162
2022-08-03 09:00:00,106.19865117072872
2022-08-03 10:00:00,106.3395017779338
2022-08-03 11:00:00,106.7635148038035
2022-08-03 12:00:00,106.6124491909932
2022-08-03 13:00:00,106.54415297850198
2022-08-03 14:00:00,106.46704248843913
2022-08-03 15:00:00,106.49736614411071
2022-08-03 16:00:00,106.38756806604246
2022-08-03 17:00:00,106.36986134266483
2022-08-03 18:00:00,106.36853218560263
2022-08-03 19:00:00,106.4410254849829
2022-08-03 20:00:00,106.48328363169524
2022-08-03 21:00:00,106.35960262268667
2022-08-03 22:00:00,106.37365514164516
2022-08-03 23:00:00,106.39679976732306
2022-08-04 00:00:00,106.40781215876996
2022-08-04 01:00:00,106.37921961431093
2022-08-04 02:00:00,106.44412407233736
2022-08-04 03:00:00,106.42299698552364
2022-08-04 04:00:00,106.32625767131657
2022-08-04 05:00:00,106.26236660821962
2022-08-04 06:00:00,106.22544799054054
2022-08-04 07:00:00,106.19532944554737
2022-08-04 08:00:00,106.37660169068744
2022-08-04 09:00:00,106.23627048974821
2022-08-04 10:00:00,106.22260965031167
2022-08-04 11:00:00,106.04185202119363
2022-08-04 12:00:00,105.95952228202054
2022-08-04 13:00:00,105.84772043381645
2022-08-04 14:00:00,105.82131506414872
2022-08-04 15:00:00,105.69179432059357
2022-08-04 16:00:00,105.73270897940401
2022-08-04 17:00:00,105.74923267136214
2022-08-04 18:00:00,105.76705187636153
2022-08-04 19:00:00,105.731900578362
2022-08-04 20:00:00,105.71039287411853
2022-08-04 21:00:00,105.8715977226953
2022-08-04 22:00:00,105.89637710414439
2022-08-04 23:00:00,105.89293423807038
2022-08-05 00:00:00,105.86771470120686
2022-08-05 01:00:00,105.8940598750772
2022-08-05 02:00:00,105.90395935805128
2022-08-05 03:00:00,105.84190797710235
2022-08-05 04:00:00,105.88392812174554
2022-08-05 05:00:00,105.94621033612735
2022-08-05 06:00:00,105.92109745626892
2022-08-05 07:00:00,105.88061840334437
2022-08-05 08:00:00,105.90806887706795
2022-08-05 09:00:00,106.75133058312363
2022-08-05 10:00:00,106.62240387731057
2022-08-05 11:00:00,106.69884208049581
2022-08-05 12:00:00,106.7022896116382
2022-08-05 13:00:00,106.56033242427092
2022-08-05 14:00:00,106.56375507716795
2022-08-05 15:00:00,106.62011925059514
2022-08-05 16:00:00,106.59617358106877
2022-08-05 17:00:00,106.57370640674556
2022-08-07 18:00:00,106.60567201924535
2022-08-07 19:00:00,106.66233389445496
2022-08-07 20:00:00,106.65625050185429
2022-08-07 21:00:00,106.72795621725848
2022-08-07 22:00:00,106.62081494301958
2022-08-07 23:00:00,106.59669589080768
2022-08-08 00:00:00,106.53943057192161
2022-08-08 01:00:00,106.55284330695217
2022-08-08 02:00:00,106.53998944417849
2022-08-08 03:00:00,106.58756555692375
2022-08-08 04:00:00,106.28923885089428
2022-08-08 05:00:00,106.46610619274945
2022-08-08 06:00:00,106.47499530509369
2022-08-08 07:00:00,106.3981249109036
2022-08-08 08:00:00,106.30468575360192
2022-08-08 09:00:00,106.30153938934747
2022-08-08 10:00:00,106.21806087254383
2022-08-08 11:00:00,106.1485959509306
2022-08-08 12:00:00,106.25577380491264
2022-08-08 13:00:00,106.33050972144407
2022-08-08 14:00:00,106.29151208284782
2022-08-08 15:00:00,106.43730876517951
2022-08-08 16:00:00,106.40970594077844
2022-08-08 17:00:00,106.38492914855509
2022-08-08 18:00:00,106.38464551593022
2022-08-08 19:00:00,106.37885198618153
2022-08-08 20:00:00,106.32714121993129
2022-08-08 21:00:00,106.38640842701184
2022-08-08 22:00:00,106.38667647522993
2022-08-08 23:00:00,106.37182815044642
2022-08-09 00:00:00,106.34946724091769
2022-08-09 01:00:00,106.36109873177044
2022-08-09 02:00:00,106.32595237826976
2022-08-09 03:00:00,106.28909333863615
2022-08-09 04:00:00,106.23031007703041
2022-08-09 05:00:00,106.03311891389086
2022-08-09 06:00:00,106.02957213258816
2022-08-09 07:00:00,106.15204739445356
2022-08-09 08:00:00,106.21973371058739
2022-08-09 09:00:00,106.07220969005222
2022-08-09 10:00:00,106.06648757062977
2022-08-09 11:00:00,106.20218970338182
2022-08-09 12:00:00,106.18911784304132
2022-08-09 13:00:00,106.262237342013
2022-08-09 14:00:00,106.30059471822108
2022-08-09 15:00:00,106.375520295279
2022-08-09 16:00:00,106.34036673637058
2022-08-09 17:00:00,106.30746980065784
2022-08-09 18:00:00,106.30084735201238
2022-08-09 19:00:00,106.34867241173409
2022-08-09 20:00:00,106.352185884015
2022-08-09 21:00:00,106.36370682613861
2022-08-09 22:00:00,106.30736899412283
2022-08-09 23:00:00,106.25268590298893
2022-08-10 00:00:00,106.27364032454865
2022-08-10 01:00:00,106.28241037502458
2022-08-10 02:00:00,106.29748590788778
2022-08-10 03:00:00,106.3037756007568
2022-08-10 04:00:00,106.27517136140213
2022-08-10 05:00:00,106.18511308275585
2022-08-10 06:00:00,106.15054721327395
2022-08-10 07:00:00,106.05356650985077
2022-08-10 08:00:00,105.90272652698633
2022-08-10 09:00:00,105.1574068451768
2022-08-10 10:00:00,105.08956557094831
2022-08-10 11:00:00,104.73533008078708
2022-08-10 12:00:00,104.95190040815588
2022-08-10 13:00:00,104.98577473270726
2022-08-10 14:00:00,105.04381342013642
2022-08-10 15:00:00,105.19541402806831
2022-08-10 16:00:00,105.20752401582808
2022-08-10 17:00:00,105.22552405358385
2022-08-10 18:00:00,105.223362083252
2022-08-10 19:00:00,105.20242231490485
2022-08-10 20:00:00,105.22843791043167
2022-08-10 21:00:00,105.23222996795704
2022-08-10 22:00:00,105.35623209949549
2022-08-10 23:00:00,105.41763116531234
2022-08-11 00:00:00,105.36491427115796
2022-08-11 01:00:00,105.40316921941339
2022-08-11 02:00:00,105.40433407786902
2022-08-11 03:00:00,105.10569228842606
2022-08-11 04:00:00,104.98849062980199
2022-08-11 05:00:00,104.87698820374264
2022-08-11 06:00:00,104.94555557964726
2022-08-11 07:00:00,104.96532727929942
2022-08-11 08:00:00,105.01028400909236
2022-08-11 09:00:00,104.77924204734069
2022-08-11 10:00:00,104.70107312784293
2022-08-11 11:00:00,104.8758776833189
2022-08-11 12:00:00,104.9285463225431
2022-08-11 13:00:00,104.98669051128641
2022-08-11 14:00:00,105.09849401572424
2022-08-11 15:00:00,105.09129849947396
2022-08-11 16:00:00,105.17784664199603
2022-08-11 17:00:00,105.09980256551155
2022-08-11 18:00:00,105.11023503168941
2022-08-11 19:00:00,105.11445866346392
2022-08-11 20:00:00,105.1336928550865
2022-08-11 21:00:00,105.22254331147353
2022-08-11 22:00:00,105.27384954466099
2022-08-11 23:00:00,105.2492467401475
2022-08-12 00:00:00,105.17966564708446
2022-08-12 01:00:00,105.17497840662746
2022-08-12 02:00:00,105.17820855025026
2022-08-12 03:00:00,105.20899254606718
2022-08-12 04:00:00,105.31307195063619
2022-08-12 05:00:00,105.29472065614719
2022-08-12 06:00:00,105.3880934734564
2022-08-12 07:00:00,105.48294254175397
2022-08-12 08:00:00,105.60257872536224
2022-08-12 09:00:00,105.64573700684186
2022-08-12 10:00:00,105.52700341167053
2022-08-12 11:00:00,105.83858494728074
2022-08-12 12:00:00,105.72972025569084
2022-08-12 13:00:00,105.7157442827675
2022-08-12 14:00:00,105.6691224775186
2022-08-12 15:00:00,105.63417208232643
2022-08-12 16:00:00,105.66232941360454
2022-08-12 17:00:00,105.67247633351003
2022-08-14 18:00:00,105.6671410783394
2022-08-14 19:00:00,105.67730693075949
2022-08-14 20:00:00,105.70840389120731
2022-08-14 21:00:00,105.57175103849941
2022-08-14 22:00:00,105.67397411121955
2022-08-14 23:00:00,105.78484934920463
2022-08-15 00:00:00,105.71440338498346
2022-08-15 01:00:00,105.74322120581104
2022-08-15 02:00:00,105.81580124041076
2022-08-15 03:00:00,105.87427368117685
2022-08-15 04:00:00,105.93784482652379
2022-08-15 05:00:00,106.15491419849758
2022-08-15 06:00:00,106.24727716789535
2022-08-15 07:00:00,106.17648672660948
2022-08-15 08:00:00,106.23154989646605
2022-08-15 09:00:00,106.14620815217108
2022-08-15 10:00:00,106.17498500107709
2022-08-15 11:00:00,106.22850061110536
2022-08-15 12:00:00,106.27522461969849
2022-08-15 13:00:00,106.34483199952473
2022-08-15 14:00:00,106.46680467064226
2022-08-15 15:00:00,106.54407932276983
2022-08-15 16:00:00,106.50791881342907
2022-08-15 17:00:00,106.5116888681414
2022-08-15 18:00:00,106.49581327697679
2022-08-15 19:00:00,106.47919311152963
2022-08-15 20:00:00,106.481836149831
2022-08-15 21:00:00,106.56655373270776
2022-08-15 22:00:00,106.55126080273129
2022-08-15 23:00:00,106.44975543262306
2022-08-16 00:00:00,106.50187547227534
2022-08-16 01:00:00,106.53015963488602
2022-08-16 02:00:00,106.47892671228891
2022-08-16 03:00:00,106.5961533987995
2022-08-16 04:00:00,106.5607994824997
2022-08-16 05:00:00,106.74798335297329
2022-08-16 06:00:00,106.83424552373089
2022-08-16 07:00:00,106.8475051469528
2022-08-16 08:00:00,106.90448301753024
2022-08-16 09:00:00,106.7710445062782
2022-08-16 10:00:00,106.49396164226401
2022-08-16 11:00:00,106.46542727635028
2022-08-16 12:00:00,106.508338926282
2022-08-16 13:00:00,106.55839558728319
2022-08-16 14:00:00,106.45311757811903
2022-08-16 15:00:00,106.49953411650455
2022-08-16 16:00:00,106.46830424942327
2022-08-16 17:00:00,106.46206394964977
2022-08-16 18:00:00,106.4911136191723
2022-08-16 19:00:00,106.47443596060451
2022-08-16 20:00:00,106.48644822038605
2022-08-16 21:00:00,106.44672247044429
2022-08-16 22:00:00,106.42652260311284
2022-08-16 23:00:00,106.43193447523025
2022-08-17 00:00:00,106.43418634749982
2022-08-17 01:00:00,106.35862456264692
2022-08-17 02:00:00,106.34828175792505
2022-08-17 03:00:00,106.52742898532345
2022-08-17 04:00:00,106.59213776888545
2022-08-17 05:00:00,106.54496895325786
2022-08-17 06:00:00,106.48851900864287
2022-08-17 07:00:00,106.58206730034877
2022-08-17 08:00:00,106.68312564913501
2022-08-17 09:00:00,106.76382610639202
2022-08-17 10:00:00,106.73974247869324
2022-08-17 11:00:00,106.81086865742154
2022-08-17 12:00:00,106.8410135280729
2022-08-17 13:00:00,106.7852745461158
2022-08-17 14:00:00,106.75381498551745
2022-08-17 15:00:00,106.57304268568683
2022-08-17 16:00:00,106.61998696609184
2022-08-17 17:00:00,106.64744537228653
2022-08-17 18:00:00,106.66153697403678
2022-08-17 19:00:00,106.65244671892734
2022-08-17 20:00:00,106.64688784323604
2022-08-17 21:00:00,106.55682195265311
2022-08-17 22:00:00,106.5766462766449
2022-08-17 23:00:00,106.61684373835287
2022-08-18 00:00:00,106.72213769446228
2022-08-18 01:00:00,106.74128441932722
2022-08-18 02:00:00,106.79338441140047
2022-08-18 03:00:00,106.94907092911905
2022-08-18 04:00:00,106.83041781053312
2022-08-18 05:00:00,106.74625472702296
2022-08-18 06:00:00,106.67860672820875
2022-08-18 07:00:00,106.68198614737841
2022-08-18 08:00:00,106.59995695520728
2022-08-18 09:00:00,106.67652075022401
2022-08-18 10:00:00,107.05900397143427
2022-08-18 11:00:00,107.06238040125358
2022-08-18 12:00:00,107.23163874596744
2022-08-18 13:00:00,107.47092060242517
2022-08-18 14:00:00,107.55867648214864
2022-08-18 15:00:00,107.4836939452381
2022-08-18 16:00:00,107.44284591634214
2022-08-18 17:00:00,107.50619174195013
2022-08-18 18:00:00,107.50226683651755
2022-08-18 19:00:00,107.51954376979474
2022-08-18 20:00:00,107.49223554950277
2022-08-18 21:00:00,107.64748791573302
2022-08-18 22:00:00,107.66911485488502
2022-08-18 23:00:00,107.55815508794534
2022-08-19 00:00:00,107.63726547446625
2022-08-19 01:00:00,107.67986772478886
2022-08-19 02:00:00,107.60682810130336
2022-08-19 03:00:00,107.67236741879066
2022-08-19 04:00:00,107.61395748885839
2022-08-19 05:00:00,107.63916502633514
2022-08-19 06:00:00,107.7745523611184
2022-08-19 07:00:00,107.94639596769498
2022-08-19 08:00:00,108.03252987327139
2022-08-19 09:00:00,107.87272303842266
2022-08-19 10:00:00,108.00692392403731
2022-08-19 11:00:00,108.15589150862328
2022-08-19 12:00:00,108.1572510798248
2022-08-19 13:00:00,108.1189230370488
2022-08-19 14:00:00,108.06222178000476
2022-08-19 15:00:00,108.1671968515646
2022-08-19 16:00:00,108.08328952012924
2022-08-19 17:00:00,108.08928849787526
2022-08-21 18:00:00,108.09058498852797
2022-08-21 19:00:00,108.1465957022492
2022-08-21 20:00:00,108.154834063024
2022-08-21 21:00:00,108.26350374198208
2022-08-21 22:00:00,108.23888367208625
2022-08-21 23:00:00,108.09953945882837
2022-08-22 00:00:00,108.10963641732206
2022-08-22 01:00:00,108.14237511718568
2022-08-22 02:00:00,108.20013104112509
2022-08-22 03:00:00,108.26230576908597
2022-08-22 04:00:00,108.39427344534168
2022-08-22 05:00:00,108.30711203512695
2022-08-22 06:00:00,108.2808716867559
2022-08-22 07:00:00,108.34728271673201
2022-08-22 08:00:00,108.39449719050224
2022-08-22 09:00:00,108.37282923859972
2022-08-22 10:00:00,108.72513035684437
2022-08-22 11:00:00,108.73127977662708
2022-08-22 12:00:00,109.03582630984454
2022-08-22 13:00:00,109.01132868376052
2022-08-22 14:00:00,109.07986704574263
2022-08-22 15:00:00,109.04698855517488
2022-08-22 16:00:00,108.94968219222466
2022-08-22 17:00:00,108.96917622187487
2022-08-22 18:00:00,108.95291084677837
2022-08-22 19:00:00,108.94336467451888
2022-08-22 20:00:00,108.9951221166257
2022-08-22 21:00:00,108.93843607202547
2022-08-22 22:00:00,108.91438920889593
2022-08-22 23:00:00,108.89143269583053
2022-08-23 00:00:00,108.90412222663643
2022-08-23 01:00:00,108.98196667809145
2022-08-23 02:00:00,109.11087585861551
2022-08-23 03:00:00,109.21279136714263
2022-08-23 04:00:00,108.96811513118178
2022-08-23 05:00:00,108.95242189661725
2022-08-23 06:00:00,108.99157028303402
2022-08-23 07:00:00,109.05536579620028
2022-08-23 08:00:00,109.02977706262986
2022-08-23 09:00:00,109.06764879476245
2022-08-23 10:00:00,108.34540040827251
2022-08-23 11:00:00,108.3232430496322
2022-08-23 12:00:00,108.42852648320098
2022-08-23 13:00:00,108.39583119017126
2022-08-23 14:00:00,108.5935775111759
2022-08-23 15:00:00,108.62699569443282
2022-08-23 16:00:00,108.53989108577727
2022-08-23 17:00:00,108.55002174796029
2022-08-23 18:00:00,108.52491206819869
2022-08-23 19:00:00,108.48553259815482
2022-08-23 20:00:00,108.5547454522885
2022-08-23 21:00:00,108.6974130374379
2022-08-23 22:00:00,108.71780738589929
2022-08-23 23:00:00,108.77428355739845
2022-08-24 00:00:00,108.73489230634966
2022-08-24 01:00:00,108.60541534252741
2022-08-24 02:00:00,108.74429468672227
2022-08-24 03:00:00,108.69553067748801
2022-08-24 04:00:00,108.63435527425277
2022-08-24 05:00:00,108.662666232328
2022-08-24 06:00:00,108.66466714681223
2022-08-24 07:00:00,108.94435376842766
2022-08-24 08:00:00,108.8993198957507
2022-08-24 09:00:00,108.9231656006076
2022-08-24 10:00:00,109.03698287361931
2022-08-24 11:00:00,108.42253396270607
2022-08-24 12:00:00,108.60812568450457
2022-08-24 13:00:00,108.74639362203175
2022-08-24 14:00:00,108.66152237030592
2022-08-24 15:00:00,108.67611913774196
2022-08-24 16:00:00,108.59405425138762
2022-08-24 17:00:00,108.63985491448383
2022-08-24 18:00:00,108.62904581330281
2022-08-24 19:00:00,108.62659244793804
2022-08-24 20:00:00,108.63642209506479
2022-08-24 21:00:00,108.48553431431428
2022-08-24 22:00:00,108.42768821163227
2022-08-24 23:00:00,108.45543042025722
2022-08-25 00:00:00,108.42370169833332
2022-08-25 01:00:00,108.29277602138893
2022-08-25 02:00:00,108.34289880293709
2022-08-25 03:00:00,108.18229572344956
2022-08-25 04:00:00,108.23317352477082
2022-08-25 05:00:00,108.16616273262636
2022-08-25 06:00:00,108.25241643214778
2022-08-25 07:00:00,108.40070305594543
2022-08-25 08:00:00,108.38759385618194
2022-08-25 09:00:00,108.50384264940254
2022-08-25 10:00:00,108.58472269026305
2022-08-25 11:00:00,108.40878128627266
2022-08-25 12:00:00,108.63056633960284
2022-08-25 13:00:00,108.5629160933473
2022-08-25 14:00:00,108.45456888632111
2022-08-25 15:00:00,108.47316134736039
2022-08-25 16:00:00,108.40882933679609
2022-08-25 17:00:00,108.42358685440578
2022-08-25 18:00:00,108.4129102016906
2022-08-25 19:00:00,108.43313712409075
2022-08-25 20:00:00,108.48102694860523
2022-08-25 21:00:00,108.55217674994566
2022-08-25 22:00:00,108.54038703212738
2022-08-25 23:00:00,108.52264448195929
2022-08-26 00:00:00,108.49766614686732
2022-08-26 01:00:00,108.59953300936354
2022-08-26 02:00:00,108.62383978814724
2022-08-26 03:00:00,108.71413761503136
2022-08-26 04:00:00,108.55523227554201
2022-08-26 05:00:00,108.44090921940736
2022-08-26 06:00:00,108.29224817480711
2022-08-26 07:00:00,108.19479909257826
2022-08-26 08:00:00,108.35904426143276
2022-08-26 09:00:00,108.0221346485256
2022-08-26 10:00:00,107.80285604877825
2022-08-26 11:00:00,108.35857815205769
2022-08-26 12:00:00,108.48334037192431
2022-08-26 13:00:00,108.67354841948426
2022-08-26 14:00:00,108.7437004675181
2022-08-26 15:00:00,108.80579665842563
2022-08-26 16:00:00,108.82025025943783
2022-08-26 17:00:00,108.84070619762922
2022-08-28 18:00:00,108.88484826326078
2022-08-28 19:00:00,109.03010528357174
2022-08-28 20:00:00,109.18533331834756
2022-08-28 21:00:00,109.258207690342
2022-08-28 22:00:00,109.28649086305799
2022-08-28 23:00:00,109.28036534843581
2022-08-29 00:00:00,109.33125773333207
2022-08-29 01:00:00,109.44020518134764
2022-08-29 02:00:00,109.37562429527159
2022-08-29 03:00:00,109.2746632209689
2022-08-29 04:00:00,109.21632719610953
2022-08-29 05:00:00,109.27185731667986
2022-08-29 06:00:00,109.04011099833285
2022-08-29 07:00:00,108.88243639468763
2022-08-29 08:00:00,108.7739190960163
2022-08-29 09:00:00,108.66353471727416
2022-08-29 10:00:00,108.64915474515662
2022-08-29 11:00:00,108.91174181401165
2022-08-29 12:00:00,108.77040634388956
2022-08-29 13:00:00,108.63711870726668
2022-08-29 14:00:00,108.69635432452642
2022-08-29 15:00:00,108.83379769211369
2022-08-29 16:00:00,108.78651241801606
2022-08-29 17:00:00,108.77981973799983
2022-08-29 18:00:00,108.76274248285353
2022-08-29 19:00:00,108.75009505099578
2022-08-29 20:00:00,108.65533968739317
2022-08-29 21:00:00,108.68159470711365
2022-08-29 22:00:00,108.8223624867519
2022-08-29 23:00:00,108.83083947110185
2022-08-30 00:00:00,108.76159769336718
2022-08-30 01:00:00,108.73860631778653
2022-08-30 02:00:00,108.71259672418732
2022-08-30 03:00:00,108.77253779574473
2022-08-30 04:00:00,108.49976278188878
2022-08-30 05:00:00,108.48660263651523
2022-08-30 06:00:00,108.45331243281892
2022-08-30 07:00:00,108.48275330044665
2022-08-30 08:00:00,108.52443478313504
2022-08-30 09:00:00,108.69340041139378
2022-08-30 10:00:00,108.60376113603778
2022-08-30 11:00:00,109.03495892843185
2022-08-30 12:00:00,108.79520449956544
2022-08-30 13:00:00,108.7667397975575
2022-08-30 14:00:00,108.80714649788129
2022-08-30 15:00:00,108.77086935426908
2022-08-30 16:00:00,108.80422788182221
2022-08-30 17:00:00,108.82210087783987
2022-08-30 18:00:00,108.81534571031652
2022-08-30 19:00:00,108.80902902513324
2022-08-30 20:00:00,108.761567999969
2022-08-30 21:00:00,108.70597735963028
2022-08-30 22:00:00,108.75613849230845
2022-08-30 23:00:00,108.69961822115474
2022-08-31 00:00:00,108.64352265022077
2022-08-31 01:00:00,108.56619944453946
2022-08-31 02:00:00,108.56037605390446
2022-08-31 03:00:00,108.7161321467881
2022-08-31 04:00:00,108.91377607863264
2022-08-31 05:00:00,109.07279962632772
2022-08-31 06:00:00,109.1332393261892
2022-08-31 07:00:00,109.14661015863103
2022-08-31 08:00:00,108.97404848737924
2022-08-31 09:00:00,108.89354850833273
2022-08-31 10:00:00,108.97235320589759
2022-08-31 11:00:00,108.56772136676767
2022-08-31 12:00:00,108.51082989795881
2022-08-31 13:00:00,108.6025448023351
2022-08-31 14:00:00,108.66839574508398
2022-08-31 15:00:00,108.69902472716551
2022-08-31 16:00:00,108.70750041631212
2022-08-31 17:00:00,108.66998612403277
2022-08-31 18:00:00,108.7047602728921
2022-08-31 19:00:00,108.71949161926335
2022-08-31 20:00:00,108.86128526197867
2022-08-31 21:00:00,109.00667354316013
2022-08-31 22:00:00,109.00649123735134
2022-08-31 23:00:00,109.00709951941703
2022-09-01 00:00:00,109.0668914840417
2022-09-01 01:00:00,109.08004256678456
2022-09-01 02:00:00,109.02006956412207
2022-09-01 03:00:00,108.99301103889614
2022-09-01 04:00:00,108.90468724288581
2022-09-01 05:00:00,108.88619622425146
2022-09-01 06:00:00,108.91312544994099
2022-09-01 07:00:00,109.06273838744328
2022-09-01 08:00:00,109.12586530076696
2022-09-01 09:00:00,109.28326952111775
2022-09-01 10:00:00,109.33532511295476
2022-09-01 11:00:00,109.79672496033785
2022-09-01 12:00:00,109.6358794521528
2022-09-01 13:00:00,109.73856250935539
2022-09-01 14:00:00,109.59871435964106
2022-09-01 15:00:00,109.69659735396401
2022-09-01 16:00:00,109.67789331097109
2022-09-01 17:00:00,109.65602528894814
2022-09-01 18:00:00,109.66850870741389
2022-09-01 19:00:00,109.67111030557255
2022-09-01 20:00:00,109.60092629576755
2022-09-01 21:00:00,109.56530162707213
2022-09-01 22:00:00,109.57751705526724
2022-09-01 23:00:00,109.57153026814132
2022-09-02 00:00:00,109.53987408040895
2022-09-02 01:00:00,109.5261034628547
2022-09-02 02:00:00,109.50410414508727
2022-09-02 03:00:00,109.46178007956583
2022-09-02 04:00:00,109.35185752902842
2022-09-02 05:00:00,109.46509638260146
2022-09-02 06:00:00,109.25235366650175
2022-09-02 07:00:00,109.29441286788892
2022-09-02 08:00:00,109.35868069656217
2022-09-02 09:00:00,109.26124331335582
2022-09-02 10:00:00,109.27859342157421
2022-09-02 11:00:00,108.9895242621856
2022-09-02 12:00:00,108.9751825715182
2022-09-02 13:00:00,109.51249173115572
2022-09-02 14:00:00,109.5807131800045
2022-09-02 15:00:00,109.53089208705974
2022-09-02 16:00:00,109.64080580543963
2022-09-02 17:00:00,109.60446186392208
2022-09-04 18:00:00,109.87008747690616
2022-09-04 19:00:00,109.9028295594973
2022-09-04 20:00:00,110.03532526019413
2022-09-04 21:00:00,109.95435962506627
2022-09-04 22:00:00,109.90367261130648
2022-09-04 23:00:00,109.97752186552913
2022-09-05 00:00:00,109.98982562181712
2022-09-05 01:00:00,110.04896517279063
2022-09-05 02:00:00,110.21082537409164
2022-09-05 03:00:00,110.02640142373359
2022-09-05 04:00:00,110.03649272515511
2022-09-05 05:00:00,110.01457384418744
2022-09-05 06:00:00,109.8633799365728
2022-09-05 07:00:00,109.80588039138271
2022-09-05 08:00:00,109.92351253876988
2022-09-05 09:00:00,109.90112744882667
2022-09-05 10:00:00,109.86003460340535
2022-09-05 11:00:00,109.89457133097233
2022-09-05 12:00:00,109.80568872501182
2022-09-05 13:00:00,109.81869337477386
2022-09-05 14:00:00,109.81663136641194
2022-09-05 15:00:00,109.82550128281179
2022-09-05 16:00:00,109.81196223678535
2022-09-05 17:00:00,109.81315529591375
2022-09-05 18:00:00,109.81627150109897
2022-09-05 19:00:00,109.6820455511145
2022-09-05 20:00:00,109.60030474964974
2022-09-05 21:00:00,109.39595732508747
2022-09-05 22:00:00,109.44194404048635
2022-09-05 23:00:00,109.48837449456428
2022-09-06 00:00:00,109.64715990727451
2022-09-06 01:00:00,109.67744189652493
2022-09-06 02:00:00,109.57325280961942
2022-09-06 03:00:00,109.5088159693266
2022-09-06 04:00:00,109.49169498750685
2022-09-06 05:00:00,109.65142619044732
2022-09-06 06:00:00,109.65436878232224
2022-09-06 07:00:00,109.87998616040443
2022-09-06 08:00:00,109.91719989143317
2022-09-06 09:00:00,110.16998173193917
2022-09-06 10:00:00,110.34607729257937
2022-09-06 11:00:00,110.19947138939868
2022-09-06 12:00:00,110.14769283869268
2022-09-06 13:00:00,110.20824425626671
2022-09-06 14:00:00,110.30495758655428
2022-09-06 15:00:00,110.21384708144514
2022-09-06 16:00:00,110.24492799659293
2022-09-06 17:00:00,110.23062764650922
2022-09-06 18:00:00,110.23561076361382
2022-09-06 19:00:00,110.36408380367958
2022-09-06 20:00:00,110.34251237081511
2022-09-06 21:00:00,110.43449635290769
2022-09-06 22:00:00,110.45150391266353
2022-09-06 23:00:00,110.56316444686962
2022-09-07 00:00:00,110.59640544363786
2022-09-07 01:00:00,110.52652166931507
2022-09-07 02:00:00,110.53429311448728
2022-09-07 03:00:00,110.410820509223
2022-09-07 04:00:00,110.23441422849307
2022-09-07 05:00:00,110.38872572386353
2022-09-07 06:00:00,110.37840214704384
2022-09-07 07:00:00,110.58665505977318
2022-09-07 08:00:00,110.7776865442798
2022-09-07 09:00:00,110.65352292446389
2022-09-07 10:00:00,110.60493373064593
2022-09-07 11:00:00,110.19332775606452
2022-09-07 12:00:00,110.21884136498522
2022-09-07 13:00:00,109.93516502387386
2022-09-07 14:00:00,109.68756594944045
2022-09-07 15:00:00,109.83961408754772
2022-09-07 16:00:00,109.55023789821246
2022-09-07 17:00:00,109.56406995015243
2022-09-07 18:00:00,109.55191156316769
2022-09-07 19:00:00,109.59921349021246
2022-09-07 20:00:00,109.68562987944316
2022-09-07 21:00:00,109.82351836128773
2022-09-07 22:00:00,109.80841755291607
2022-09-07 23:00:00,109.79006860289472
2022-09-08 00:00:00,109.7880457351285
2022-09-08 01:00:00,109.75447593014424
2022-09-08 02:00:00,109.65824894861754
2022-09-08 03:00:00,109.6357699782404
2022-09-08 04:00:00,109.81117767095387
2022-09-08 05:00:00,109.71305173921071
2022-09-08 06:00:00,109.68531126071031
2022-09-08 07:00:00,109.51968038066028
2022-09-08 08:00:00,109.41269839097048
2022-09-08 09:00:00,109.70340916334104
2022-09-08 10:00:00,109.92709596640802
2022-09-08 11:00:00,109.97611542832885
2022-09-08 12:00:00,110.00634279935186
2022-09-08 13:00:00,109.90592159649665
2022-09-08 14:00:00,109.68100835744201
2022-09-08 15:00:00,109.70840968780223
2022-09-08 16:00:00,109.64611764133284
2022-09-08 17:00:00,109.64831419312007
2022-09-08 18:00:00,109.66345952361512
2022-09-08 19:00:00,109.59265846555697
2022-09-08 20:00:00,109.51793652037678
2022-09-08 21:00:00,109.22534022334898
2022-09-08 22:00:00,109.14243146541178
2022-09-08 23:00:00,109.01147197942433
2022-09-09 00:00:00,108.91552065461671
2022-09-09 01:00:00,108.84347728544097
2022-09-09 02:00:00,108.90181913362161
2022-09-09 03:00:00,108.8278947604358
2022-09-09 04:00:00,108.53699744271688
2022-09-09 05:00:00,108.4027059549159
2022-09-09 06:00:00,108.53874444282093
2022-09-09 07:00:00,108.62663890985934
2022-09-09 08:00:00,109.05977950670824
2022-09-09 09:00:00,108.96808673791797
2022-09-09 10:00:00,108.97520498853815
2022-09-09 11:00:00,109.00550106436287
2022-09-09 12:00:00,108.95639588508585
2022-09-09 13:00:00,108.89552976366083
2022-09-09 14:00:00,109.01004257557035
2022-09-09 15:00:00,109.00274722287496
2022-09-09 16:00:00,108.9813848316292
2022-09-09 17:00:00,108.96592721495212
2022-09-11 18:00:00,108.59191017722102
2022-09-11 19:00:00,108.80388423093723
2022-09-11 20:00:00,108.76354784117134
2022-09-11 21:00:00,108.79356285362692
2022-09-11 22:00:00,108.62251556640132
2022-09-11 23:00:00,108.72833027553634
2022-09-12 00:00:00,108.75142047043222
2022-09-12 01:00:00,108.80898678620363
2022-09-12 02:00:00,108.687945017831
2022-09-12 03:00:00,108.2586812003725
2022-09-12 04:00:00,107.97579069083667
2022-09-12 05:00:00,107.83554561899643
2022-09-12 06:00:00,108.15256333461502
2022-09-12 07:00:00,108.20209352801169
2022-09-12 08:00:00,108.13839134876889
2022-09-12 09:00:00,108.13989820495229
2022-09-12 10:00:00,108.24886874884959
2022-09-12 11:00:00,108.18088223481908
2022-09-12 12:00:00,108.21741942479827
2022-09-12 13:00:00,108.05179382200424
2022-09-12 14:00:00,108.16176452066844
2022-09-12 15:00:00,108.32896187245143
2022-09-12 16:00:00,108.36085454407404
2022-09-12 17:00:00,108.30377039816769
2022-09-12 18:00:00,108.32250757431744
2022-09-12 19:00:00,108.28831504279837
2022-09-12 20:00:00,108.21948080282195
2022-09-12 21:00:00,108.15714877538082
2022-09-12 22:00:00,108.1501160268037
2022-09-12 23:00:00,108.20738850444835
2022-09-13 00:00:00,108.20395585319088
2022-09-13 01:00:00,108.23618274078693
2022-09-13 02:00:00,108.14653764963013
2022-09-13 03:00:00,108.09643834373425
2022-09-13 04:00:00,108.00561599719559
2022-09-13 05:00:00,107.97279639075927
2022-09-13 06:00:00,107.89919477645944
2022-09-13 07:00:00,107.74913241597986
2022-09-13 08:00:00,107.78085752972679
2022-09-13 09:00:00,109.27840137762512
2022-09-13 10:00:00,109.27182743372379
2022-09-13 11:00:00,109.46205580537071
2022-09-13 12:00:00,109.62062597664038
2022-09-13 13:00:00,109.6155878155339
2022-09-13 14:00:00,109.71158163008074
2022-09-13 15:00:00,109.81375334816099
2022-09-13 16:00:00,109.86970496859313
2022-09-13 17:00:00,109.93284773987725
2022-09-13 18:00:00,109.96223336505196
2022-09-13 19:00:00,109.9530894060088
2022-09-13 20:00:00,109.82793638277319
2022-09-13 21:00:00,109.82423694647605
2022-09-13 22:00:00,109.82712355596243
2022-09-13 23:00:00,109.76102808979995
2022-09-14 00:00:00,109.7541008773123
2022-09-14 01:00:00,109.62637372877508
2022-09-14 02:00:00,109.73628331789239
2022-09-14 03:00:00,109.85476983411182
2022-09-14 04:00:00,109.60819025004214
2022-09-14 05:00:00,109.56889082010221
2022-09-14 06:00:00,109.373845551166
2022-09-14 07:00:00,109.43519331274821
2022-09-14 08:00:00,109.60613209399575
2022-09-14 09:00:00,109.49811138390814
2022-09-14 10:00:00,109.50484874117933
2022-09-14 11:00:00,109.40460996401023
2022-09-14 12:00:00,109.49600622670049
2022-09-14 13:00:00,109.46157880012123
2022-09-14 14:00:00,109.5868008317607
2022-09-14 15:00:00,109.66339742729625
2022-09-14 16:00:00,109.65918372072824
2022-09-14 17:00:00,109.65567408828879
2022-09-14 18:00:00,109.63083486362567
2022-09-14 19:00:00,109.6045846240904
2022-09-14 20:00:00,109.59908794909977
2022-09-14 21:00:00,109.68739008898062
2022-09-14 22:00:00,109.60851338889515
2022-09-14 23:00:00,109.71213507108033
2022-09-15 00:00:00,109.7314400817298
2022-09-15 01:00:00,109.79238899605616
2022-09-15 02:00:00,109.86856542871351
2022-09-15 03:00:00,109.86153591514234
2022-09-15 04:00:00,109.71760403917939
2022-09-15 05:00:00,109.59941771103702
2022-09-15 06:00:00,109.57284992134353
2022-09-15 07:00:00,109.71471950003773
2022-09-15 08:00:00,109.70378304711312
2022-09-15 09:00:00,109.50090107786698
2022-09-15 10:00:00,109.55890864617129
2022-09-15 11:00:00,109.65849439126247
2022-09-15 12:00:00,109.73899638610386
2022-09-15 13:00:00,109.61351591884036
2022-09-15 14:00:00,109.65611600464364
2022-09-15 15:00:00,109.74164445101025
2022-09-15 16:00:00,109.72566800263843
2022-09-15 17:00:00,109.71709031955635
2022-09-15 18:00:00,109.7193582004578
2022-09-15 19:00:00,109.74821478195595
2022-09-15 20:00:00,109.80194597504696
2022-09-15 21:00:00,109.60937794504538
2022-09-15 22:00:00,109.69801832096495
2022-09-15 23:00:00,109.7431953678148
2022-09-16 00:00:00,109.71835303619221
2022-09-16 01:00:00,109.71597265974296
2022-09-16 02:00:00,109.87008626874155
2022-09-16 03:00:00,109.85917162023227
2022-09-16 04:00:00,110.15609716747986
2022-09-16 05:00:00,110.16502645826658
2022-09-16 06:00:00,110.06400233022563
2022-09-16 07:00:00,109.87427469456176
2022-09-16 08:00:00,109.9913327208159
2022-09-16 09:00:00,110.16784816530236
2022-09-16 10:00:00,110.00390060434155
2022-09-16 11:00:00,109.538191500295
2022-09-16 12:00:00,109.69459115202154
2022-09-16 13:00:00,109.7598555682104
2022-09-16 14:00:00,109.87487263396578
2022-09-16 15:00:00,109.76271382980681
2022-09-16 16:00:00,109.65807013845652
2022-09-16 17:00:00,109.62971585059333
2022-09-18 18:00:00,109.6448140859727
2022-09-18 19:00:00,109.5858806465412
2022-09-18 20:00:00,109.55034325413791
2022-09-18 21:00:00,109.65935216389934
2022-09-18 22:00:00,109.7224512484687
2022-09-18 23:00:00,109.7728251551169
2022-09-19 00:00:00,109.83306703394754
2022-09-19 01:00:00,109.8754462354196
2022-09-19 02:00:00,109.98079004075274
2022-09-19 03:00:00,110.06063255660676
2022-09-19 04:00:00,110.05986113242794
2022-09-19 05:00:00,110.09313655579815
2022-09-19 06:00:00,110.13777763810366
2022-09-19 07:00:00,109.93669291186106
2022-09-19 08:00:00,110.05945574735544
2022-09-19 09:00:00,110.0341811484007
2022-09-19 10:00:00,110.00534244440813
2022-09-19 11:00:00,109.75977790535745
2022-09-19 12:00:00,109.84479908387463
2022-09-19 13:00:00,109.73033132175095
2022-09-19 14:00:00,109.79124959833808
2022-09-19 15:00:00,109.73537227510924
2022-09-19 16:00:00,109.59640608271013
2022-09-19 17:00:00,109.59828177926715
2022-09-19 18:00:00,109.58677246727088
2022-09-19 19:00:00,109.57859125334662
2022-09-19 20:00:00,109.53895884652897
2022-09-19 21:00:00,109.53029175367719
2022-09-19 22:00:00,109.63656858886105
2022-09-19 23:00:00,109.5307710075507
2022-09-20 00:00:00,109.56730467127562
2022-09-20 01:00:00,109.64250747433584
2022-09-20 02:00:00,109.68260510267217
2022-09-20 03:00:00,109.60138192552297
2022-09-20 04:00:00,109.53085371761222
2022-09-20 05:00:00,109.78644347589905
2022-09-20 06:00:00,109.83323099119488
2022-09-20 07:00:00,109.79909619572844
2022-09-20 08:00:00,109.94836154882266
2022-09-20 09:00:00,110.11157798375461
2022-09-20 10:00:00,110.08022770671228
2022-09-20 11:00:00,109.97591716243036
2022-09-20 12:00:00,109.97545516025804
2022-09-20 13:00:00,110.09544047917717
2022-09-20 14:00:00,110.242299997858
2022-09-20 15:00:00,110.21099518366984
2022-09-20 16:00:00,110.1395913243093
2022-09-20 17:00:00,110.19443632555202
2022-09-20 18:00:00,110.19918205112165
2022-09-20 19:00:00,110.19145193630574
2022-09-20 20:00:00,110.17119095883086
2022-09-20 21:00:00,110.25765539957484
2022-09-20 22:00:00,110.23396324596207
2022-09-20 23:00:00,110.24434572230953
2022-09-21 00:00:00,110.24348335762187
2022-09-21 01:00:00,110.32115799360287
2022-09-21 02:00:00,110.3852031881682
2022-09-21 03:00:00,110.75145492694259
2022-09-21 04:00:00,110.68813213849627
2022-09-21 05:00:00,110.75979157658561
2022-09-21 06:00:00,110.53888474689627
2022-09-21 07:00:00,110.61314880568987
2022-09-21 08:00:00,110.79811005142413
2022-09-21 09:00:00,110.69061024872876
2022-09-21 10:00:00,110.78372381538621
2022-09-21 11:00:00,110.95115659300026
2022-09-21 12:00:00,110.96506872315554
2022-09-21 13:00:00,111.08165926309557
2022-09-21 14:00:00,111.00883647769498
2022-09-21 15:00:00,110.6529345439122
2022-09-21 16:00:00,111.22491589552064
2022-09-21 17:00:00,111.36233066858027
2022-09-21 18:00:00,111.34141366424885
2022-09-21 19:00:00,111.41261547006674
2022-09-21 20:00:00,111.47382069779395
2022-09-21 21:00:00,111.66947249218951
2022-09-21 22:00:00,111.62045381225025
2022-09-21 23:00:00,111.60504552232649
2022-09-22 00:00:00,111.67665970955038
2022-09-22 01:00:00,111.57372866153331
2022-09-22 02:00:00,111.63490473841979
2022-09-22 03:00:00,111.77453373947671
2022-09-22 04:00:00,111.55408820667377
2022-09-22 05:00:00,110.81227540346998
2022-09-22 06:00:00,111.1732585665708
2022-09-22 07:00:00,110.8882760203831
2022-09-22 08:00:00,110.86268989120275
2022-09-22 09:00:00,110.67175784476655
2022-09-22 10:00:00,111.25490562923395
2022-09-22 11:00:00,111.4017169091552
2022-09-22 12:00:00,111.2407617568118
2022-09-22 13:00:00,111.25197477297228
2022-09-22 14:00:00,111.20591606836341
2022-09-22 15:00:00,111.3517499420993
2022-09-22 16:00:00,111.25194014985074
2022-09-22 17:00:00,111.29397655518349
2022-09-22 18:00:00,111.27756620246996
2022-09-22 19:00:00,111.31044446405575
2022-09-22 20:00:00,111.22925206778707
2022-09-22 21:00:00,111.17821524389932
2022-09-22 22:00:00,111.23856575994637
2022-09-22 23:00:00,111.32547896729825
2022-09-23 00:00:00,111.39257389025553
2022-09-23 01:00:00,111.40824409935148
2022-09-23 02:00:00,111.32817975041065
2022-09-23 03:00:00,111.49373075912192
2022-09-23 04:00:00,111.81435659929298
2022-09-23 05:00:00,112.06712356154374
2022-09-23 06:00:00,112.01966274942583
2022-09-23 07:00:00,112.3406846985952
2022-09-23 08:00:00,112.21952141181879
2022-09-23 09:00:00,112.20508477213794
2022-09-23 10:00:00,112.4386756692324
2022-09-23 11:00:00,112.84701094241174
2022-09-23 12:00:00,112.72136382976322
2022-09-23 13:00:00,112.81568886534035
2022-09-23 14:00:00,113.00182214134219
2022-09-23 15:00:00,113.18466979537814
2022-09-23 16:00:00,112.99889023929416
2022-09-23 17:00:00,113.0258946504737
2022-09-25 18:00:00,113.19794240124376
2022-09-25 19:00:00,112.98316608216732
2022-09-25 20:00:00,113.14763879836859
2022-09-25 21:00:00,114.56222248630846
2022-09-25 22:00:00,113.71907887455679
2022-09-25 23:00:00,113.73850955811467
2022-09-26 00:00:00,114.00756211351349
2022-09-26 01:00:00,114.02572485599349
2022-09-26 02:00:00,113.93140092007928
2022-09-26 03:00:00,113.75752554080891
2022-09-26 04:00:00,113.40487727976958
2022-09-26 05:00:00,113.23781327106347
2022-09-26 06:00:00,113.6963807085139
2022-09-26 07:00:00,113.71150318818441
2022-09-26 08:00:00,113.68182481678564
2022-09-26 09:00:00,113.23371343288466
2022-09-26 10:00:00,113.23384494300298
2022-09-26 11:00:00,113.60580324700933
2022-09-26 12:00:00,113.99600355325839
2022-09-26 13:00:00,114.03360021146082
2022-09-26 14:00:00,114.24242344626153
2022-09-26 15:00:00,114.10852551982131
2022-09-26 16:00:00,114.09006911442307
2022-09-26 17:00:00,114.12017232389536
2022-09-26 18:00:00,114.11835224883565
2022-09-26 19:00:00,114.10650291475855
2022-09-26 20:00:00,113.88046852536267
2022-09-26 21:00:00,113.73926252779395
2022-09-26 22:00:00,113.821195566075
2022-09-26 23:00:00,113.76672556393733
2022-09-27 00:00:00,113.69253577687483
2022-09-27 01:00:00,113.73892972297999
2022-09-27 02:00:00,113.52627420483277
2022-09-27 03:00:00,113.62092589503986
2022-09-27 04:00:00,113.54315196414109
2022-09-27 05:00:00,113.73681776932797
2022-09-27 06:00:00,113.91654533032603
2022-09-27 07:00:00,113.70880582279074
2022-09-27 08:00:00,113.64699600759349
2022-09-27 09:00:00,113.86566056004261
2022-09-27 10:00:00,113.82499644903837
2022-09-27 11:00:00,113.87114068965266
2022-09-27 12:00:00,113.98072137613315
2022-09-27 13:00:00,114.35650301797862
2022-09-27 14:00:00,114.29987604771833
2022-09-27 15:00:00,114.10221128624147
2022-09-27 16:00:00,114.18423668046009
2022-09-27 17:00:00,114.16574677102383
2022-09-27 18:00:00,114.14085034473058
2022-09-27 19:00:00,114.24218710935881
2022-09-27 20:00:00,114.1444061731357
2022-09-27 21:00:00,114.37934778584942
2022-09-27 22:00:00,114.53262013914832
2022-09-27 23:00:00,114.66097717032923
2022-09-28 00:00:00,114.56165709440239
2022-09-28 01:00:00,114.6295299263915
2022-09-28 02:00:00,114.5416385612715
2022-09-28 03:00:00,114.76340425072489
2022-09-28 04:00:00,114.32848721160099
2022-09-28 05:00:00,114.55823023191235
2022-09-28 06:00:00,114.67381466199399
2022-09-28 07:00:00,114.38566533826442
2022-09-28 08:00:00,114.57889963965678
2022-09-28 09:00:00,114.24272492213558
2022-09-28 10:00:00,114.06027129135123
2022-09-28 11:00:00,113.76656034816477
2022-09-28 12:00:00,113.21596091781507
2022-09-28 13:00:00,113.0193124233996
2022-09-28 14:00:00,112.75545641206683
2022-09-28 15:00:00,112.60725075875317
2022-09-28 16:00:00,112.74517244025131
2022-09-28 17:00:00,112.69485086698852
2022-09-28 18:00:00,112.73016258955585
2022-09-28 19:00:00,112.89690324759908
2022-09-28 20:00:00,113.05181074187045
2022-09-28 21:00:00,113.2060144101638
2022-09-28 22:00:00,113.23672364628347
2022-09-28 23:00:00,113.30686004488761
2022-09-29 00:00:00,113.27026340581853
2022-09-29 01:00:00,113.25688109294502
2022-09-29 02:00:00,113.51584155499671
2022-09-29 03:00:00,113.48559580869079
2022-09-29 04:00:00,113.63710538186936
2022-09-29 05:00:00,113.54346392945742
2022-09-29 06:00:00,113.21313070976116
2022-09-29 07:00:00,113.08653963462262
2022-09-29 08:00:00,112.98384824359137
2022-09-29 09:00:00,113.25451015245508
2022-09-29 10:00:00,112.72980612492807
2022-09-29 11:00:00,112.49717056235829
2022-09-29 12:00:00,112.38286322525323
2022-09-29 13:00:00,112.36640681966048
2022-09-29 14:00:00,112.37414249359352
2022-09-29 15:00:00,112.25053063807384
2022-09-29 16:00:00,112.13993905172505
2022-09-29 17:00:00,111.97924541890956
2022-09-29 18:00:00,111.94725118197503
2022-09-29 19:00:00,111.91744395740209
2022-09-29 20:00:00,111.80508722510206
2022-09-29 21:00:00,111.87640148856134
2022-09-29 22:00:00,112.01420981762287
2022-09-29 23:00:00,112.08313267743465
2022-09-30 00:00:00,112.19593083212308
2022-09-30 01:00:00,112.15534926189996
2022-09-30 02:00:00,111.9083036554975
2022-09-30 03:00:00,112.08524540060127
2022-09-30 04:00:00,111.74731451662181
2022-09-30 05:00:00,111.6879546395349
2022-09-30 06:00:00,112.05747547385373
2022-09-30 07:00:00,112.44270851317184
2022-09-30 08:00:00,112.6131891403379
2022-09-30 09:00:00,112.49799466584467
2022-09-30 10:00:00,112.22567710008701
2022-09-30 11:00:00,112.13948990945502
2022-09-30 12:00:00,112.27986971288883
2022-09-30 13:00:00,112.24592769458224
2022-09-30 14:00:00,112.20652194619908
2022-09-30 15:00:00,112.11977649718038
2022-09-30 16:00:00,112.15677383474721
2022-09-30 17:00:00,112.17197682399443
2022-10-02 18:00:00,112.16786642670674
2022-10-02 19:00:00,112.15217567889812
2022-10-02 20:00:00,112.2296203049573
2022-10-02 21:00:00,112.18993820617177
2022-10-02 22:00:00,111.92330055073936
2022-10-02 23:00:00,112.07455591429927
2022-10-03 00:00:00,112.1444478482995
2022-10-03 01:00:00,112.33662789652745
2022-10-03 02:00:00,111.80817266133285
2022-10-03 03:00:00,112.14835824141211
2022-10-03 04:00:00,112.02668347666794
2022-10-03 05:00:00,112.03437197861363
2022-10-03 06:00:00,112.44377619142514
2022-10-03 07:00:00,112.304365135994
2022-10-03 08:00:00,112.28335631243047
2022-10-03 09:00:00,112.29612502473773
2022-10-03 10:00:00,112.27314521019605
2022-10-03 11:00:00,111.78895108752813
2022-10-03 12:00:00,111.8409837235107
2022-10-03 13:00:00,111.82939382670041
2022-10-03 14:00:00,111.95959954414835
2022-10-03 15:00:00,111.74665892211345
2022-10-03 16:00:00,111.63841062907383
2022-10-03 17:00:00,111.64808131222166
2022-10-03 18:00:00,111.67449573877437
2022-10-03 19:00:00,111.61934067777855
2022-10-03 20:00:00,111.5696134199535
2022-10-03 21:00:00,111.64837157088692
2022-10-03 22:00:00,111.82191970761848
2022-10-03 23:00:00,111.68336629707674
2022-10-04 00:00:00,111.5182837354717
2022-10-04 01:00:00,111.60141715752523
2022-10-04 02:00:00,111.48169205497523
2022-10-04 03:00:00,111.2190314184702
2022-10-04 04:00:00,111.1689918187113
2022-10-04 05:00:00,111.20960014784593
2022-10-04 06:00:00,111.20827773408922
2022-10-04 07:00:00,111.15320833773124
2022-10-04 08:00:00,111.18728821973127
2022-10-04 09:00:00,110.88641910504816
2022-10-04 10:00:00,110.86766846808035
2022-10-04 11:00:00,110.56750082538888
2022-10-04 12:00:00,110.33799384284289
2022-10-04 13:00:00,110.36284909649929
2022-10-04 14:00:00,110.29943597881336
2022-10-04 15:00:00,110.07017250990128
2022-10-04 16:00:00,110.13817002423407
2022-10-04 17:00:00,110.16500932659338
2022-10-04 18:00:00,110.2116851845656
2022-10-04 19:00:00,110.21217067022185
2022-10-04 20:00:00,110.18725009691009
2022-10-04 21:00:00,110.26862322993738
2022-10-04 22:00:00,110.3983668307431
2022-10-04 23:00:00,110.39461989199401
2022-10-05 00:00:00,110.3519537890242
2022-10-05 01:00:00,110.38591254931656
2022-10-05 02:00:00,110.39757364121479
2022-10-05 03:00:00,110.26265480449108
2022-10-05 04:00:00,110.65558544979045
2022-10-05 05:00:00,110.57878869149204
2022-10-05 06:00:00,110.77930524811445
2022-10-05 07:00:00,110.80997295321393
2022-10-05 08:00:00,111.04266179031004
2022-10-05 09:00:00,110.99774536075094
2022-10-05 10:00:00,111.30122508257723
2022-10-05 11:00:00,111.57054732661027
2022-10-05 12:00:00,111.44082066744616
2022-10-05 13:00:00,111.42711938321686
2022-10-05 14:00:00,111.29824247287253
2022-10-05 15:00:00,111.07231166755378
2022-10-05 16:00:00,111.177991415241
2022-10-05 17:00:00,111.19969002739501
2022-10-05 18:00:00,111.19785422443768
2022-10-05 19:00:00,111.14386217033461
2022-10-05 20:00:00,110.93104381016892
2022-10-05 21:00:00,110.89861598424109
2022-10-05 22:00:00,110.9533478134228
2022-10-05 23:00:00,110.90415644136063
2022-10-06 00:00:00,110.88151768255307
2022-10-06 01:00:00,110.8393135859195
2022-10-06 02:00:00,110.85080181097013
2022-10-06 03:00:00,111.10250223573685
2022-10-06 04:00:00,110.99984688322081
2022-10-06 05:00:00,111.2511888277616
2022-10-06 06:00:00,111.27486426842098
2022-10-06 07:00:00,111.34558575198682
2022-10-06 08:00:00,111.44421956972687
2022-10-06 09:00:00,111.45882247161279
2022-10-06 10:00:00,111.81110267126277
2022-10-06 11:00:00,111.81293373237554
2022-10-06 12:00:00,112.16084209906832
2022-10-06 13:00:00,112.16320675182098
2022-10-06 14:00:00,112.01877342116047
2022-10-06 15:00:00,112.26232314255654
2022-10-06 16:00:00,112.2292420889273
2022-10-06 17:00:00,112.253934579669
2022-10-06 18:00:00,112.23316928040596
2022-10-06 19:00:00,112.23589891920466
2022-10-06 20:00:00,112.25896265464722
2022-10-06 21:00:00,112.23891785499926
2022-10-06 22:00:00,112.182576662196
2022-10-06 23:00:00,112.08075948206937
2022-10-07 00:00:00,112.12044371135471
2022-10-07 01:00:00,112.25532071961143
2022-10-07 02:00:00,112.15102650562545
2022-10-07 03:00:00,112.35715986431698
2022-10-07 04:00:00,112.16980236091912
2022-10-07 05:00:00,112.09239965351452
2022-10-07 06:00:00,112.01200575617189
2022-10-07 07:00:00,112.11650366615419
2022-10-07 08:00:00,112.18951620628249
2022-10-07 09:00:00,112.56898250061633
2022-10-07 10:00:00,112.59526761223034
2022-10-07 11:00:00,112.29797995413759
2022-10-07 12:00:00,112.34271915196788
2022-10-07 13:00:00,112.55427721923
2022-10-07 14:00:00,112.60531757875357
2022-10-07 15:00:00,112.79536669652407
2022-10-07 16:00:00,112.77631455357265
2022-10-07 17:00:00,112.73082530820209
2022-10-09 18:00:00,112.76242349218124
2022-10-09 19:00:00,112.84820443755443
2022-10-09 20:00:00,112.81909807808974
2022-10-09 21:00:00,112.77667798133848
2022-10-09 22:00:00,112.63747524187949
2022-10-09 23:00:00,112.69934411829303
2022-10-10 00:00:00,112.77989671238385
2022-10-10 01:00:00,112.76840970795868
2022-10-10 02:00:00,112.97901394257045
2022-10-10 03:00:00,112.95414649983992
2022-10-10 04:00:00,113.05461109936209
2022-10-10 05:00:00,113.21459275074322
2022-10-10 06:00:00,113.02853555958379
2022-10-10 07:00:00,113.18427799605699
2022-10-10 08:00:00,113.12107069788028
2022-10-10 09:00:00,112.97010691258482
2022-10-10 10:00:00,113.14973736487332
2022-10-10 11:00:00,113.16817493921712
2022-10-10 12:00:00,113.16169151174438
2022-10-10 13:00:00,113.28839642267381
2022-10-10 14:00:00,113.04169602349366
2022-10-10 15:00:00,113.14734767671263
2022-10-10 16:00:00,113.15709840092565
2022-10-10 17:00:00,113.15212994845635
2022-10-10 18:00:00,113.15451678154525
2022-10-10 19:00:00,113.10330711914914
2022-10-10 20:00:00,113.06486046781616
2022-10-10 21:00:00,112.99044410216162
2022-10-10 22:00:00,113.2307172978893
2022-10-10 23:00:00,113.34850945562371
2022-10-11 00:00:00,113.39361162323661
2022-10-11 01:00:00,113.46201245303968
2022-10-11 02:00:00,113.38015849543811
2022-10-11 03:00:00,113.37192886420213
2022-10-11 04:00:00,113.29094563575018
2022-10-11 05:00:00,113.19314090690771
2022-10-11 06:00:00,113.26282008984812
2022-10-11 07:00:00,113.04829298489868
2022-10-11 08:00:00,112.94686217050034
2022-10-11 09:00:00,113.00137258941872
2022-10-11 10:00:00,113.20970774531328
2022-10-11 11:00:00,113.14503160936279
2022-10-11 12:00:00,112.58598226076599
2022-10-11 13:00:00,112.52135074819145
2022-10-11 14:00:00,112.66455124887894
2022-10-11 15:00:00,113.21231613524182
2022-10-11 16:00:00,113.2378932744806
2022-10-11 17:00:00,113.3091759136199
2022-10-11 18:00:00,113.29084371093862
2022-10-11 19:00:00,113.20471955322002
2022-10-11 20:00:00,113.33970508673836
2022-10-11 21:00:00,113.33455782667798
2022-10-11 22:00:00,113.48610505262482
2022-10-11 23:00:00,113.42205031082541
2022-10-12 00:00:00,113.43182086159744
2022-10-12 01:00:00,113.23380025646748
2022-10-12 02:00:00,113.15588053283358
2022-10-12 03:00:00,113.15336963519174
2022-10-12 04:00:00,113.30566602757446
2022-10-12 05:00:00,113.25677566539683
2022-10-12 06:00:00,113.17481484186474
2022-10-12 07:00:00,113.13735591989936
2022-10-12 08:00:00,113.24107924191769
2022-10-12 09:00:00,113.28854448692306
2022-10-12 10:00:00,113.41453063986005
2022-10-12 11:00:00,113.28051945043514
2022-10-12 12:00:00,113.34768969047528
2022-10-12 13:00:00,113.45389009859427
2022-10-12 14:00:00,113.36468369638798
2022-10-12 15:00:00,113.3179291149329
2022-10-12 16:00:00,113.28715303520109
2022-10-12 17:00:00,113.26603092565905
2022-10-12 18:00:00,113.23657422113781
2022-10-12 19:00:00,113.22319410100071
2022-10-12 20:00:00,113.24104557362625
2022-10-12 21:00:00,113.14723363311361
2022-10-12 22:00:00,113.24941450463514
2022-10-12 23:00:00,113.32096220910621
2022-10-13 00:00:00,113.30512291512363
2022-10-13 01:00:00,113.27041944692401
2022-10-13 02:00:00,113.34013262480359
2022-10-13 03:00:00,113.4172140369424
2022-10-13 04:00:00,113.26952644048018
2022-10-13 05:00:00,113.18074127452628
2022-10-13 06:00:00,113.0310706885605
2022-10-13 07:00:00,113.03333736444357
2022-10-13 08:00:00,112.73573940713891
2022-10-13 09:00:00,113.54684988870696
2022-10-13 10:00:00,113.3390402205783
2022-10-13 11:00:00,113.13826521268489
2022-10-13 12:00:00,112.41083463128477
2022-10-13 13:00:00,112.47848886827943
2022-10-13 14:00:00,112.24871129740642
2022-10-13 15:00:00,112.36433447395214
2022-10-13 16:00:00,112.49043591373486
2022-10-13 17:00:00,112.44246630195745
2022-10-13 18:00:00,112.4536605628539
2022-10-13 19:00:00,112.45620904356056
2022-10-13 20:00:00,112.58425918645847
2022-10-13 21:00:00,112.5742253918742
2022-10-13 22:00:00,112.23128583762528
2022-10-13 23:00:00,112.34410943244764
2022-10-14 00:00:00,112.36431692090306
2022-10-14 01:00:00,112.42326405889044
2022-10-14 02:00:00,112.47960652054375
2022-10-14 03:00:00,112.35921637041115
2022-10-14 04:00:00,112.56062146361685
2022-10-14 05:00:00,112.79435201867615
2022-10-14 06:00:00,112.99539576088847
2022-10-14 07:00:00,112.94157143709974
2022-10-14 08:00:00,113.16626317539759
2022-10-14 09:00:00,112.60123201361827
2022-10-14 10:00:00,113.05873841533702
2022-10-14 11:00:00,112.93704018123492
2022-10-14 12:00:00,113.12343752539167
2022-10-14 13:00:00,113.37954279739638
2022-10-14 14:00:00,113.27016969625022
2022-10-14 15:00:00,113.30695883911386
2022-10-14 16:00:00,113.24097768626594
2022-10-14 17:00:00,113.32159451421063
2022-10-16 18:00:00,113.20903398907576
2022-10-16 19:00:00,113.14598199358299
2022-10-16 20:00:00,113.0589075572605
2022-10-16 21:00:00,113.02810680623709
2022-10-16 22:00:00,113.0154338343261
2022-10-16 23:00:00,113.01306120714503
2022-10-17 00:00:00,113.0566011778102
2022-10-17 01:00:00,113.10654142652362
2022-10-17 02:00:00,112.89697304940896
2022-10-17 03:00:00,113.0807173427336
2022-10-17 04:00:00,112.94723943130352
2022-10-17 05:00:00,113.0246221219947
2022-10-17 06:00:00,112.8813071626499
2022-10-17 07:00:00,112.9391816009373
2022-10-17 08:00:00,112.9646893645802
2022-10-17 09:00:00,112.59809648032981
2022-10-17 10:00:00,112.53729247087797
2022-10-17 11:00:00,112.17058960122067
2022-10-17 12:00:00,111.98774078822186
2022-10-17 13:00:00,112.05345790659487
2022-10-17 14:00:00,112.05827937470616
2022-10-17 15:00:00,112.0423579526253
2022-10-17 16:00:00,112.1730097744886
2022-10-17 17:00:00,112.06742274597573
2022-10-17 18:00:00,112.09690657193775
2022-10-17 19:00:00,112.09078064086339
2022-10-17 20:00:00,112.08003384370679
2022-10-17 21:00:00,112.07406348029893
2022-10-17 22:00:00,112.17263098008358
2022-10-17 23:00:00,112.1782229079429
2022-10-18 00:00:00,112.04085748912023
2022-10-18 01:00:00,111.87224728320975
2022-10-18 02:00:00,111.96297846195131
2022-10-18 03:00:00,111.90812266953026
2022-10-18 04:00:00,111.94312046276133
2022-10-18 05:00:00,112.29227622480553
2022-10-18 06:00:00,112.233502313254
2022-10-18 07:00:00,112.41347927211136
2022-10-18 08:00:00,112.22559700168206
2022-10-18 09:00:00,111.9953033902745
2022-10-18 10:00:00,112.05823258429152
2022-10-18 11:00:00,112.0918583511095
2022-10-18 12:00:00,112.22430858049799
2022-10-18 13:00:00,112.10151972888411
2022-10-18 14:00:00,112.08985514450416
2022-10-18 15:00:00,112.12951069456975
2022-10-18 16:00:00,112.036846755381
2022-10-18 17:00:00,112.0351746358955
2022-10-18 18:00:00,111.9949201690867
2022-10-18 19:00:00,111.94365939992463
2022-10-18 20:00:00,111.96745062926303
2022-10-18 21:00:00,111.98161933922943
2022-10-18 22:00:00,111.99517178156191
2022-10-18 23:00:00,112.05314093676779
2022-10-19 00:00:00,112.12377807083769
2022-10-19 01:00:00,112.17879415655486
2022-10-19 02:00:00,112.22072510971601
2022-10-19 03:00:00,112.41392889373738
2022-10-19 04:00:00,112.26144755070062
2022-10-19 05:00:00,112.46810767224366
2022-10-19 06:00:00,112.39980215790769
2022-10-19 07:00:00,112.76029238070609
2022-10-19 08:00:00,112.76697063464931
2022-10-19 09:00:00,112.79566452220386
2022-10-19 10:00:00,112.87695640801694
2022-10-19 11:00:00,112.71733487384633
2022-10-19 12:00:00,112.84939945964054
2022-10-19 13:00:00,113.0070549045771
2022-10-19 14:00:00,112.98149010699287
2022-10-19 15:00:00,112.98086739472286
2022-10-19 16:00:00,112.89147401645826
2022-10-19 17:00:00,112.91037664767985
2022-10-19 18:00:00,112.89424596006175
2022-10-19 19:00:00,112.97611594123218
2022-10-19 20:00:00,112.97620533672564
2022-10-19 21:00:00,112.98861005658611
2022-10-19 22:00:00,113.06718166434568
2022-10-19 23:00:00,113.0077454679197
2022-10-20 00:00:00,113.0477891720221
2022-10-20 01:00:00,112.87394532091518
2022-10-20 02:00:00,112.83774686698561
2022-10-20 03:00:00,112.75967002469363
2022-10-20 04:00:00,112.80228467933912
2022-10-20 05:00:00,112.90086087791332
2022-10-20 06:00:00,112.83022490975226
2022-10-20 07:00:00,112.61729598659676
2022-10-20 08:00:00,112.53757408822932
2022-10-20 09:00:00,112.63290200388077
2022-10-20 10:00:00,112.74501978970278
2022-10-20 11:00:00,112.16748614710613
2022-10-20 12:00:00,112.43196260938359
2022-10-20 13:00:00,112.63610233978598
2022-10-20 14:00:00,112.84284425541374
2022-10-20 15:00:00,112.88154448675428
2022-10-20 16:00:00,112.87720121155056
2022-10-20 17:00:00,112.82511297248884
2022-10-20 18:00:00,112.84231077417586
2022-10-20 19:00:00,112.87210423410383
2022-10-20 20:00:00,112.92702221459815
2022-10-20 21:00:00,113.00261563123678
2022-10-20 22:00:00,113.02803432134283
2022-10-20 23:00:00,112.97032331169223
2022-10-21 00:00:00,113.05569622558042
2022-10-21 01:00:00,113.04373741423224
2022-10-21 02:00:00,113.00948636630949
2022-10-21 03:00:00,113.10844201271121
2022-10-21 04:00:00,112.96036538813281
2022-10-21 05:00:00,113.33996247572193
2022-10-21 06:00:00,113.47293281946376
2022-10-21 07:00:00,113.4405051345559
2022-10-21 08:00:00,113.52194380029809
2022-10-21 09:00:00,113.38315851483638
2022-10-21 10:00:00,112.93001707912332
2022-10-21 11:00:00,112.84656608317137
2022-10-21 12:00:00,111.81925673400949
2022-10-21 13:00:00,112.06107447893186
2022-10-21 14:00:00,112.25962275379696
2022-10-21 15:00:00,112.03091570180297
2022-10-21 16:00:00,111.86279412135032
2022-10-21 17:00:00,111.87162985204972
2022-10-23 18:00:00,111.60306784554031
2022-10-23 19:00:00,112.08855384266622
2022-10-23 20:00:00,111.84595507795125
2022-10-23 21:00:00,112.06338989184874
2022-10-23 22:00:00,112.19814490053085
2022-10-23 23:00:00,112.13665641013883
2022-10-24 00:00:00,112.2345947578277
2022-10-24 01:00:00,112.07264637296623
2022-10-24 02:00:00,112.12593657474206
2022-10-24 03:00:00,112.11161591222506
2022-10-24 04:00:00,112.26139302692198
2022-10-24 05:00:00,112.28421565839787
2022-10-24 06:00:00,112.28250558804277
2022-10-24 07:00:00,112.39841936217053
2022-10-24 08:00:00,112.25523166171696
2022-10-24 09:00:00,112.19118796953748
2022-10-24 10:00:00,111.92612138210924
2022-10-24 11:00:00,111.87909723894272
2022-10-24 12:00:00,111.96513921371012
2022-10-24 13:00:00,112.0393422269135
2022-10-24 14:00:00,112.04564683966463
2022-10-24 15:00:00,111.98655289677767
2022-10-24 16:00:00,112.00069836520021
2022-10-24 17:00:00,111.99751947727837
2022-10-24 18:00:00,112.00816133278829
2022-10-24 19:00:00,111.83423695616682
2022-10-24 20:00:00,111.86806505758656
2022-10-24 21:00:00,111.77796283043693
2022-10-24 22:00:00,111.83780706256645
2022-10-24 23:00:00,111.87043465990388
2022-10-25 00:00:00,111.85772395838418
2022-10-25 01:00:00,111.92110187624168
2022-10-25 02:00:00,112.00893285341643
2022-10-25 03:00:00,112.06468818678536
2022-10-25 04:00:00,112.09374569383914
2022-10-25 05:00:00,112.05230144818427
2022-10-25 06:00:00,112.01613573047987
2022-10-25 07:00:00,112.05028117109794
2022-10-25 08:00:00,111.99824975075684
2022-10-25 09:00:00,111.8539362854452
2022-10-25 10:00:00,110.85933604448476
2022-10-25 11:00:00,110.97212096019851
2022-10-25 12:00:00,110.95652112867762
2022-10-25 13:00:00,111.01796314153555
2022-10-25 14:00:00,110.91475540218691
2022-10-25 15:00:00,110.95129058051249
2022-10-25 16:00:00,110.87915028926939
2022-10-25 17:00:00,110.87480309649895
2022-10-25 18:00:00,110.89975055614129
2022-10-25 19:00:00,110.97632497235779
2022-10-25 20:00:00,110.94429045613859
2022-10-25 21:00:00,111.10055992433705
2022-10-25 22:00:00,111.09752970943897
2022-10-25 23:00:00,111.03664167142642
2022-10-26 00:00:00,110.97904731453083
2022-10-26 01:00:00,111.01157455816634
2022-10-26 02:00:00,110.94223016090892
2022-10-26 03:00:00,110.7196404554022
2022-10-26 04:00:00,110.16102272681171
2022-10-26 05:00:00,110.05077055752258
2022-10-26 06:00:00,110.22884610142657
2022-10-26 07:00:00,110.24541094100017
2022-10-26 08:00:00,110.25665271926276
2022-10-26 09:00:00,110.42030136579815
2022-10-26 10:00:00,110.3139902907402
2022-10-26 11:00:00,109.98699277499153
2022-10-26 12:00:00,109.81322437652308
2022-10-26 13:00:00,109.76322794949908
2022-10-26 14:00:00,109.72713564569953
2022-10-26 15:00:00,109.70043694618022
2022-10-26 16:00:00,109.70626028119027
2022-10-26 17:00:00,109.67361078720232
2022-10-26 18:00:00,109.70728064966247
2022-10-26 19:00:00,109.72673491383186
2022-10-26 20:00:00,109.56537387083242
2022-10-26 21:00:00,109.69717890611028
2022-10-26 22:00:00,109.70496375912556
2022-10-26 23:00:00,109.80948476713705
2022-10-27 00:00:00,109.77429428233471
2022-10-27 01:00:00,109.71230507296322
2022-10-27 02:00:00,109.60631320048081
2022-10-27 03:00:00,109.86846898463199
2022-10-27 04:00:00,109.79132716701433
2022-10-27 05:00:00,109.8582041924629
2022-10-27 06:00:00,110.11319531518197
2022-10-27 07:00:00,110.1254255813382
2022-10-27 08:00:00,110.0502621626046
2022-10-27 09:00:00,110.30471670389969
2022-10-27 10:00:00,110.23753819471649
2022-10-27 11:00:00,110.248763323208
2022-10-27 12:00:00,110.37291904224443
2022-10-27 13:00:00,110.42902676726801
2022-10-27 14:00:00,110.48121687513809
2022-10-27 15:00:00,110.5867078189366
2022-10-27 16:00:00,110.50763795242474
2022-10-27 17:00:00,110.57294359017901
2022-10-27 18:00:00,110.55467771793074
2022-10-27 19:00:00,110.49058912810378
2022-10-27 20:00:00,110.54943462821825
2022-10-27 21:00:00,110.60213972539053
2022-10-27 22:00:00,110.31262562324524
2022-10-27 23:00:00,110.33941700455806
2022-10-28 00:00:00,110.30828119745175
2022-10-28 01:00:00,110.3947253325052
2022-10-28 02:00:00,110.54868110389593
2022-10-28 03:00:00,110.64823730466391
2022-10-28 04:00:00,110.89371212032557
2022-10-28 05:00:00,110.95311182415534
2022-10-28 06:00:00,110.88924853981551
2022-10-28 07:00:00,110.91397167589788
2022-10-28 08:00:00,110.83831223410976
2022-10-28 09:00:00,110.77874748564946
2022-10-28 10:00:00,110.71338505711404
2022-10-28 11:00:00,110.8098785762383
2022-10-28 12:00:00,110.98216156741948
2022-10-28 13:00:00,110.92731291932388
2022-10-28 14:00:00,110.92926057541305
2022-10-28 15:00:00,110.75385593039007
2022-10-28 16:00:00,110.66215798271791
2022-10-28 17:00:00,110.67101760473598
2022-10-30 18:00:00,110.78030923817585
2022-10-30 19:00:00,110.78903287944505
2022-10-30 20:00:00,110.81524038342651
2022-10-30 21:00:00,110.81378998045369
2022-10-30 22:00:00,110.88720252283855
2022-10-30 23:00:00,110.8308898243395
2022-10-31 00:00:00,110.73626927080366
2022-10-31 01:00:00,110.78680591930546
2022-10-31 02:00:00,110.88049901357432
2022-10-31 03:00:00,110.82169530313855
2022-10-31 04:00:00,111.04863308427836
2022-10-31 05:00:00,111.1692115269321
2022-10-31 06:00:00,111.00027621791007
2022-10-31 07:00:00,111.16256951776245
2022-10-31 08:00:00,111.13606887574858
2022-10-31 09:00:00,111.38722130213264
2022-10-31 10:00:00,111.55916413239508
2022-10-31 11:00:00,111.52488707627047
2022-10-31 12:00:00,111.52966976421628
2022-10-31 13:00:00,111.61086294348449
2022-10-31 14:00:00,111.55120109030584
2022-10-31 15:00:00,111.53011891470193
2022-10-31 16:00:00,111.5731506832292
2022-10-31 17:00:00,111.58108970843007
2022-10-31 18:00:00,111.57747257088047
2022-10-31 19:00:00,111.55259574486539
2022-10-31 20:00:00,111.54697675014381
2022-10-31 21:00:00,111.53753710527003
2022-10-31 22:00:00,111.40920356637365
2022-10-31 23:00:00,111.2673257237188
2022-11-01 00:00:00,111.3129443583807
2022-11-01 01:00:00,111.30550177186242
2022-11-01 02:00:00,111.09605080336097
2022-11-01 03:00:00,110.96662993087574
2022-11-01 04:00:00,111.04078417735707
2022-11-01 05:00:00,111.01007156525706
2022-11-01 06:00:00,110.91251181710776
2022-11-01 07:00:00,110.86377239233397
2022-11-01 08:00:00,110.87111885496971
2022-11-01 09:00:00,110.79842771561194
2022-11-01 10:00:00,110.91227956953489
2022-11-01 11:00:00,111.61423003196408
2022-11-01 12:00:00,111.6047056708574
2022-11-01 13:00:00,111.70125286948971
2022-11-01 14:00:00,111.48862438031854
2022-11-01 15:00:00,111.48170335254345
2022-11-01 16:00:00,111.52170610407236
2022-11-01 17:00:00,111.5589153645732
2022-11-01 18:00:00,111.54480491396271
2022-11-01 19:00:00,111.55655976763832
2022-11-01 20:00:00,111.4883435538418
2022-11-01 21:00:00,111.32119289681319
2022-11-01 22:00:00,111.31673424361973
2022-11-01 23:00:00,111.25484475719043
2022-11-02 00:00:00,111.27720769614295
2022-11-02 01:00:00,111.3726126095648
2022-11-02 02:00:00,111.32186871519494
2022-11-02 03:00:00,111.36875630562812
2022-11-02 04:00:00,111.35554797337227
2022-11-02 05:00:00,111.19754534841788
2022-11-02 06:00:00,111.18178706414938
2022-11-02 07:00:00,111.1716344581244
2022-11-02 08:00:00,111.21767059670856
2022-11-02 09:00:00,111.15218407705237
2022-11-02 10:00:00,111.27945744223312
2022-11-02 11:00:00,111.44226213778009
2022-11-02 12:00:00,111.4571700460112
2022-11-02 13:00:00,111.51172745990227
2022-11-02 14:00:00,111.3963937518552
2022-11-02 15:00:00,111.3725092466339
2022-11-02 16:00:00,112.00468190005633
2022-11-02 17:00:00,112.13020362336636
2022-11-02 18:00:00,112.0971713550032
2022-11-02 19:00:00,112.13598408191024
2022-11-02 20:00:00,112.15269405273939
2022-11-02 21:00:00,112.02326503144631
2022-11-02 22:00:00,111.91081583584995
2022-11-02 23:00:00,111.9516176110794
2022-11-03 00:00:00,111.90449148524246
2022-11-03 01:00:00,111.86602209540047
2022-11-03 02:00:00,111.9585474903827
2022-11-03 03:00:00,112.13520618569041
2022-11-03 04:00:00,112.43186473028511
2022-11-03 05:00:00,112.71496412859395
2022-11-03 06:00:00,112.8527249483052
2022-11-03 07:00:00,112.90609390102091
2022-11-03 08:00:00,112.98038847581581
2022-11-03 09:00:00,113.10173532375546
2022-11-03 10:00:00,112.99972008559226
2022-11-03 11:00:00,112.57391937123427
2022-11-03 12:00:00,112.86812165220319
2022-11-03 13:00:00,112.9378939035927
2022-11-03 14:00:00,112.95968502261718
2022-11-03 15:00:00,112.9181633686388
2022-11-03 16:00:00,112.94645032607073
2022-11-03 17:00:00,112.98256042540518
2022-11-03 18:00:00,112.96815417650843
2022-11-03 19:00:00,112.93991490905783
2022-11-03 20:00:00,112.97692686868133
2022-11-03 21:00:00,112.90930489808552
2022-11-03 22:00:00,112.77988630079396
2022-11-03 23:00:00,112.74601486592664
2022-11-04 00:00:00,112.67417307736943
2022-11-04 01:00:00,112.49819437518592
2022-11-04 02:00:00,112.62373565448364
2022-11-04 03:00:00,112.56000791795717
2022-11-04 04:00:00,112.71582635410726
2022-11-04 05:00:00,112.57442162270517
2022-11-04 06:00:00,112.56519587109986
2022-11-04 07:00:00,112.4207903376469
2022-11-04 08:00:00,112.3660292629021
2022-11-04 09:00:00,111.80104062231733
2022-11-04 10:00:00,111.66640592575509
2022-11-04 11:00:00,111.07247055820746
2022-11-04 12:00:00,111.44841341029844
2022-11-04 13:00:00,111.27434380684747
2022-11-04 14:00:00,111.14809281306064
2022-11-04 15:00:00,110.87612479389483
2022-11-04 16:00:00,110.77174610896674
2022-11-04 17:00:00,110.78935503310792
2022-11-06 18:00:00,111.1890510500511
2022-11-06 19:00:00,111.10539527976375
2022-11-06 20:00:00,111.09685238488238
2022-11-06 21:00:00,111.13297779385847
2022-11-06 22:00:00,111.08369255911994
2022-11-06 23:00:00,111.07976017549727
2022-11-07 00:00:00,111.07286976583887
2022-11-07 01:00:00,111.02118648405724
2022-11-07 02:00:00,111.07881476165122
2022-11-07 03:00:00,111.23697550899469
2022-11-07 04:00:00,110.55049670200589
2022-11-07 05:00:00,110.51269771113223
2022-11-07 06:00:00,110.51103502906241
2022-11-07 07:00:00,110.51617280761106
2022-11-07 08:00:00,110.45447339415291
2022-11-07 09:00:00,110.37992068135533
2022-11-07 10:00:00,110.47765516790221
2022-11-07 11:00:00,110.3605464246091
2022-11-07 12:00:00,110.42649083777619
2022-11-07 13:00:00,110.16924763230028
2022-11-07 14:00:00,110.07762809643113
2022-11-07 15:00:00,110.12032183853665
2022-11-07 16:00:00,110.1902382961972
2022-11-07 17:00:00,110.18824045506015
2022-11-07 18:00:00,110.2160645905669
2022-11-07 19:00:00,110.21821792582091
2022-11-07 20:00:00,110.10113521323078
2022-11-07 21:00:00,110.25452959149911
2022-11-07 22:00:00,110.32405631544357
2022-11-07 23:00:00,110.26362090565392
2022-11-08 00:00:00,110.35195122582805
2022-11-08 01:00:00,110.44612408286996
2022-11-08 02:00:00,110.41044365623249
2022-11-08 03:00:00,110.42091113471953
2022-11-08 04:00:00,110.52584054718386
2022-11-08 05:00:00,110.28708983938083
2022-11-08 06:00:00,110.4061159015893
2022-11-08 07:00:00,110.36335635973552
2022-11-08 08:00:00,110.44826862682771
2022-11-08 09:00:00,110.38379155710388
2022-11-08 10:00:00,110.20938598981992
2022-11-08 11:00:00,109.62438754236511
2022-11-08 12:00:00,109.40810256576015
2022-11-08 13:00:00,109.4475793911152
2022-11-08 14:00:00,109.67148884298757
2022-11-08 15:00:00,109.64878005691119
2022-11-08 16:00:00,109.65199518004599
2022-11-08 17:00:00,109.62969894604238
2022-11-08 18:00:00,109.63166946488748
2022-11-08 19:00:00,109.52708773673797
2022-11-08 20:00:00,109.72832060597904
2022-11-08 21:00:00,109.72717919117169
2022-11-08 22:00:00,109.54187984756264
2022-11-08 23:00:00,109.63616056841792
2022-11-09 00:00:00,109.65752650280994
2022-11-09 01:00:00,109.7047998702138
2022-11-09 02:00:00,109.77303958802557
2022-11-09 03:00:00,109.6946888884974
2022-11-09 04:00:00,109.61224824330725
2022-11-09 05:00:00,109.94242605761859
2022-11-09 06:00:00,109.96263985632098
2022-11-09 07:00:00,109.855632304622
2022-11-09 08:00:00,109.90456546157644
2022-11-09 09:00:00,110.17820369826882
2022-11-09 10:00:00,110.28548539958159
2022-11-09 11:00:00,110.24803905708094
2022-11-09 12:00:00,110.12835244243685
2022-11-09 13:00:00,110.23433015925548
2022-11-09 14:00:00,110.42962665528293
2022-11-09 15:00:00,110.54863894528906
2022-11-09 16:00:00,110.47522125394228
2022-11-09 17:00:00,110.43523922403922
2022-11-09 18:00:00,110.44136322424173
2022-11-09 19:00:00,110.34717676215196
2022-11-09 20:00:00,110.32905263104087
2022-11-09 21:00:00,110.29890527692106
2022-11-09 22:00:00,110.35936622964401
2022-11-09 23:00:00,110.26347036531307
2022-11-10 00:00:00,110.24893011335168
2022-11-10 01:00:00,110.19785374523774
2022-11-10 02:00:00,110.24040495386271
2022-11-10 03:00:00,110.50862039245091
2022-11-10 04:00:00,110.53151670034777
2022-11-10 05:00:00,110.7864740403786
2022-11-10 06:00:00,110.80083364020484
2022-11-10 07:00:00,110.92552252841172
2022-11-10 08:00:00,110.82423455167113
2022-11-10 09:00:00,108.97434260372968
2022-11-10 10:00:00,108.41321255340023
2022-11-10 11:00:00,108.18697147934309
2022-11-10 12:00:00,108.27832746394611
2022-11-10 13:00:00,108.59305352896435
2022-11-10 14:00:00,108.44436417538982
2022-11-10 15:00:00,108.20269193195486
2022-11-10 16:00:00,107.99354383101272
2022-11-10 17:00:00,107.88520307369656
2022-11-10 18:00:00,108.05281174943923
2022-11-10 19:00:00,108.10760683409885
2022-11-10 20:00:00,108.18980960879487
2022-11-10 21:00:00,108.41993066414199
2022-11-10 22:00:00,108.1240917788936
2022-11-10 23:00:00,108.20704594764273
2022-11-11 00:00:00,108.12392846425395
2022-11-11 01:00:00,107.88307266935688
2022-11-11 02:00:00,107.87819505834116
2022-11-11 03:00:00,107.61837055081777
2022-11-11 04:00:00,107.33653268392766
2022-11-11 05:00:00,107.29688440787392
2022-11-11 06:00:00,107.3860436655106
2022-11-11 07:00:00,107.07695544096258
2022-11-11 08:00:00,106.91016844612449
2022-11-11 09:00:00,106.81057056591494
2022-11-11 10:00:00,107.04763626193225
2022-11-11 11:00:00,106.70447491298538
2022-11-11 12:00:00,106.64073808779473
2022-11-11 13:00:00,106.53662136946456
2022-11-11 14:00:00,106.35962839326862
2022-11-11 15:00:00,106.29699130953105
2022-11-11 16:00:00,106.3773762673112
2022-11-11 17:00:00,106.42807402845588
2022-11-13 18:00:00,106.85123317954923
2022-11-13 19:00:00,106.74229678337454
2022-11-13 20:00:00,106.65714103633498
2022-11-13 21:00:00,106.69092794068398
2022-11-13 22:00:00,106.69727007059511
2022-11-13 23:00:00,106.70629485985704
2022-11-14 00:00:00,106.85261671868422
2022-11-14 01:00:00,106.9939384080527
2022-11-14 02:00:00,106.76836053354764
2022-11-14 03:00:00,106.73084158643886
2022-11-14 04:00:00,106.60810250045108
2022-11-14 05:00:00,106.92905000924883
2022-11-14 06:00:00,107.13098371815038
2022-11-14 07:00:00,107.17178182695747
2022-11-14 08:00:00,106.75920430524874
2022-11-14 09:00:00,106.96651063084359
2022-11-14 10:00:00,107.04940147874815
2022-11-14 11:00:00,106.91436309868423
2022-11-14 12:00:00,106.89874406003628
2022-11-14 13:00:00,106.84303801094705
2022-11-14 14:00:00,106.63705391566305
2022-11-14 15:00:00,106.66067899882196
2022-11-14 16:00:00,106.85179570224147
2022-11-14 17:00:00,106.88278291381307
2022-11-14 18:00:00,106.93192071620138
2022-11-14 19:00:00,106.96279251538256
2022-11-14 20:00:00,107.00578259764097
2022-11-14 21:00:00,106.98431414975359
2022-11-14 22:00:00,106.956988015612
2022-11-14 23:00:00,106.96262617588441
2022-11-15 00:00:00,106.96705903208276
2022-11-15 01:00:00,106.86308437264547
2022-11-15 02:00:00,106.76923401849866
2022-11-15 03:00:00,106.1638736558164
2022-11-15 04:00:00,106.17488421272914
2022-11-15 05:00:00,106.23262410756327
2022-11-15 06:00:00,105.99690732582141
2022-11-15 07:00:00,106.10186836920928
2022-11-15 08:00:00,106.0987196444801
2022-11-15 09:00:00,105.75540738633507
2022-11-15 10:00:00,106.14969204559347
2022-11-15 11:00:00,106.38600739001876
2022-11-15 12:00:00,106.37971653718614
2022-11-15 13:00:00,106.2758515335799
2022-11-15 14:00:00,106.88467193137178
2022-11-15 15:00:00,106.40889203886917
2022-11-15 16:00:00,106.51262296182414
2022-11-15 17:00:00,106.55836288279941
2022-11-15 18:00:00,106.5718157100562
2022-11-15 19:00:00,106.43135960409192
2022-11-15 20:00:00,106.61266238504591
2022-11-15 21:00:00,106.67177265205513
2022-11-15 22:00:00,106.41498319428852
2022-11-15 23:00:00,106.64962036908047
2022-11-16 00:00:00,106.71112670663148
2022-11-16 01:00:00,106.42722790181665
2022-11-16 02:00:00,106.3737357105189
2022-11-16 03:00:00,106.15989306777793
2022-11-16 04:00:00,106.18567795071912
2022-11-16 05:00:00,106.03859237309423
2022-11-16 06:00:00,105.95257940418387
2022-11-16 07:00:00,106.06565130661453
2022-11-16 08:00:00,106.02139823766544
2022-11-16 09:00:00,106.31601844150114
2022-11-16 10:00:00,106.34355459068726
2022-11-16 11:00:00,106.21283015048893
2022-11-16 12:00:00,106.33339824415447
2022-11-16 13:00:00,106.35108164071158
2022-11-16 14:00:00,106.51370802553912
2022-11-16 15:00:00,106.27959096532534
2022-11-16 16:00:00,106.24564565727596
2022-11-16 17:00:00,106.29310950384645
2022-11-16 18:00:00,106.28304243540693
2022-11-16 19:00:00,106.27978721298939
2022-11-16 20:00:00,106.34433664192159
2022-11-16 21:00:00,106.44329461953774
2022-11-16 22:00:00,106.50897773376418
2022-11-16 23:00:00,106.50212582107166
2022-11-17 00:00:00,106.50148356003321
2022-11-17 01:00:00,106.41160730062768
2022-11-17 02:00:00,106.3343852684438
2022-11-17 03:00:00,106.24977956290759
2022-11-17 04:00:00,106.32936267355107
2022-11-17 05:00:00,106.55751635306173
2022-11-17 06:00:00,106.81893027747444
2022-11-17 07:00:00,106.76812408409994
2022-11-17 08:00:00,106.97681206118139
2022-11-17 09:00:00,107.18020038455913
2022-11-17 10:00:00,106.9930454621066
2022-11-17 11:00:00,107.06682282872194
2022-11-17 12:00:00,106.94209953600276
2022-11-17 13:00:00,106.80977107577499
2022-11-17 14:00:00,106.68460748649072
2022-11-17 15:00:00,106.69427732985915
2022-11-17 16:00:00,106.6441425918806
2022-11-17 17:00:00,106.66710274828124
2022-11-17 18:00:00,106.6777744210622
2022-11-17 19:00:00,106.72360064912334
2022-11-17 20:00:00,106.5968005657001
2022-11-17 21:00:00,106.60234517688367
2022-11-17 22:00:00,106.57727544192377
2022-11-17 23:00:00,106.42255132863248
2022-11-18 00:00:00,106.60149586249533
2022-11-18 01:00:00,106.52810031067462
2022-11-18 02:00:00,106.51570522786061
2022-11-18 03:00:00,106.49265152012218
2022-11-18 04:00:00,106.6803095781893
2022-11-18 05:00:00,106.47335391470013
2022-11-18 06:00:00,106.54430494049322
2022-11-18 07:00:00,106.59070165075634
2022-11-18 08:00:00,106.64646879299883
2022-11-18 09:00:00,106.6239317714929
2022-11-18 10:00:00,106.86120728518372
2022-11-18 11:00:00,106.59592061670251
2022-11-18 12:00:00,106.75044399323069
2022-11-18 13:00:00,106.91248857189865
2022-11-18 14:00:00,106.92880352255578
2022-11-18 15:00:00,106.9314385902694
2022-11-18 16:00:00,106.9641410363553
2022-11-18 17:00:00,106.98413562091324
2022-11-20 18:00:00,106.96343443086964
2022-11-20 19:00:00,106.91483973192997
2022-11-20 20:00:00,107.03973069922883
2022-11-20 21:00:00,107.08883080870477
2022-11-20 22:00:00,107.28538939149078
2022-11-20 23:00:00,107.1630962112254
2022-11-21 00:00:00,107.3385372570146
2022-11-21 01:00:00,107.34115253847058
2022-11-21 02:00:00,107.56224042669251
2022-11-21 03:00:00,107.57064142847821
2022-11-21 04:00:00,107.61089110813812
2022-11-21 05:00:00,107.89775689484894
2022-11-21 06:00:00,107.76225941160867
2022-11-21 07:00:00,107.82883400200899
2022-11-21 08:00:00,107.81337468637514
2022-11-21 09:00:00,107.67344186318064
2022-11-21 10:00:00,107.64877486471006
2022-11-21 11:00:00,107.88165150055777
2022-11-21 12:00:00,107.89030500066265
2022-11-21 13:00:00,107.90366345554006
2022-11-21 14:00:00,107.87774966785042
2022-11-21 15:00:00,107.83896110236154
2022-11-21 16:00:00,107.80985793874049
2022-11-21 17:00:00,107.81311671341447
2022-11-21 18:00:00,107.80475791521205
2022-11-21 19:00:00,107.77576953290642
2022-11-21 20:00:00,107.68170551877667
2022-11-21 21:00:00,107.59847100846038
2022-11-21 22:00:00,107.55285297518738
2022-11-21 23:00:00,107.58489284203792
2022-11-22 00:00:00,107.58195439515468
2022-11-22 01:00:00,107.66273038759178
2022-11-22 02:00:00,107.73303718473768
2022-11-22 03:00:00,107.5709653809456
2022-11-22 04:00:00,107.52784175422066
2022-11-22 05:00:00,107.45109300748976
2022-11-22 06:00:00,107.37539816132816
2022-11-22 07:00:00,107.40693184881083
2022-11-22 08:00:00,107.40234621662394
2022-11-22 09:00:00,107.50222502128506
2022-11-22 10:00:00,107.47633909234413
2022-11-22 11:00:00,107.33794186017627
2022-11-22 12:00:00,107.38917617490982
2022-11-22 13:00:00,107.23110922381903
2022-11-22 14:00:00,107.1467583587071
2022-11-22 15:00:00,107.22213924838037
2022-11-22 16:00:00,107.17527301953716
2022-11-22 17:00:00,107.17146652775429
2022-11-22 18:00:00,107.15576560121465
2022-11-22 19:00:00,107.09221514208572
2022-11-22 20:00:00,107.13809195055128
2022-11-22 21:00:00,107.12730625540863
2022-11-22 22:00:00,107.01831352671574
2022-11-22 23:00:00,107.11889608188919
2022-11-23 00:00:00,107.11503533842182
2022-11-23 01:00:00,107.035032575198
2022-11-23 02:00:00,106.99540802111115
2022-11-23 03:00:00,106.87421573195243
2022-11-23 04:00:00,107.10603770882803
2022-11-23 05:00:00,106.99443632450823
2022-11-23 06:00:00,107.09947487323
2022-11-23 07:00:00,107.02959285342602
2022-11-23 08:00:00,106.97150100426832
2022-11-23 09:00:00,106.86014105982478
2022-11-23 10:00:00,106.4431911887977
2022-11-23 11:00:00,106.27732620931319
2022-11-23 12:00:00,106.42232819558481
2022-11-23 13:00:00,106.43775393184379
2022-11-23 14:00:00,106.35868415933648
2022-11-23 15:00:00,106.07687697510903
2022-11-23 16:00:00,106.07200588137718
2022-11-23 17:00:00,106.14530073314474
2022-11-23 18:00:00,106.13847821389793
2022-11-23 19:00:00,105.92365782348068
2022-11-23 20:00:00,105.9475058813603
2022-11-23 21:00:00,105.82876041211077
2022-11-23 22:00:00,105.77603704953977
2022-11-23 23:00:00,105.64463007629237
2022-11-24 00:00:00,105.64773812752556
2022-11-24 01:00:00,105.77316021528458
2022-11-24 02:00:00,105.80409771078692
2022-11-24 03:00:00,105.91064923415844
2022-11-24 04:00:00,106.0120112042122
2022-11-24 05:00:00,105.85087442674512
2022-11-24 06:00:00,105.87442036065967
2022-11-24 07:00:00,105.86651245461279
2022-11-24 08:00:00,105.82494551873502
2022-11-24 09:00:00,105.74597397973916
2022-11-24 10:00:00,105.68462737222964
2022-11-24 11:00:00,105.800707806898
2022-11-24 12:00:00,105.84696307451857
2022-11-24 13:00:00,105.83154552946169
2022-11-24 14:00:00,105.87452658509076
2022-11-24 15:00:00,105.81613737687599
2022-11-24 16:00:00,105.82025737541782
2022-11-24 17:00:00,105.85231727469353
2022-11-24 18:00:00,105.86384187073321
2022-11-24 19:00:00,105.8744447720684
2022-11-24 20:00:00,105.94537752719779
2022-11-24 21:00:00,105.89522816214706
2022-11-24 22:00:00,105.87290474385118
2022-11-24 23:00:00,105.81801450362457
2022-11-25 00:00:00,105.7492833199448
2022-11-25 01:00:00,105.86612511359195
2022-11-25 02:00:00,105.78751271324177
2022-11-25 03:00:00,105.93429851139815
2022-11-25 04:00:00,105.82256478171566
2022-11-25 05:00:00,106.10955012938848
2022-11-25 06:00:00,105.91267034922924
2022-11-25 07:00:00,106.14559658863872
2022-11-25 08:00:00,106.1738684629885
2022-11-25 09:00:00,106.25766726405787
2022-11-25 10:00:00,106.19157076152244
2022-11-25 11:00:00,106.00729239510675
2022-11-25 12:00:00,106.02814877721245
2022-11-25 13:00:00,106.00115986626167
2022-11-25 14:00:00,106.02788825457021
2022-11-25 15:00:00,105.94798125420365
2022-11-25 16:00:00,105.96156951201532
2022-11-25 17:00:00,106.06851066821281
2022-11-27 18:00:00,106.24821450637756
2022-11-27 19:00:00,106.34691096425136
2022-11-27 20:00:00,106.21735711858835
2022-11-27 21:00:00,106.45329300125127
2022-11-27 22:00:00,106.31853812351784
2022-11-27 23:00:00,106.38820706087598
2022-11-28 00:00:00,106.31071691861928
2022-11-28 01:00:00,106.38942172305919
2022-11-28 02:00:00,106.20046868245906
2022-11-28 03:00:00,106.21727903057456
2022-11-28 04:00:00,105.66243749035111
2022-11-28 05:00:00,105.64900866022981
2022-11-28 06:00:00,105.488595976019
2022-11-28 07:00:00,105.51399969030452
2022-11-28 08:00:00,105.54253824054823
2022-11-28 09:00:00,105.65644831100661
2022-11-28 10:00:00,105.89322469238726
2022-11-28 11:00:00,106.13252184902771
2022-11-28 12:00:00,106.20620247641386
2022-11-28 13:00:00,106.3774976110444
2022-11-28 14:00:00,106.49868541720946
2022-11-28 15:00:00,106.68178878659447
2022-11-28 16:00:00,106.71831526073453
2022-11-28 17:00:00,106.66207744051813
2022-11-28 18:00:00,106.64605440190651
2022-11-28 19:00:00,106.62241457174275
2022-11-28 20:00:00,106.63583916162425
2022-11-28 21:00:00,106.4648353373882
2022-11-28 22:00:00,106.54790125988814
2022-11-28 23:00:00,106.28662890679591
2022-11-29 00:00:00,106.15534218367814
2022-11-29 01:00:00,106.21242862843687
2022-11-29 02:00:00,106.43414926921827
2022-11-29 03:00:00,106.19853735375159
2022-11-29 04:00:00,106.1499113044217
2022-11-29 05:00:00,106.37607753418402
2022-11-29 06:00:00,106.20711756791981
2022-11-29 07:00:00,106.1777297573407
2022-11-29 08:00:00,106.28154109271635
2022-11-29 09:00:00,106.71514137253553
2022-11-29 10:00:00,106.68195319181956
2022-11-29 11:00:00,106.52849650900116
2022-11-29 12:00:00,106.58482211522377
2022-11-29 13:00:00,106.6992615765059
2022-11-29 14:00:00,106.72809661360029
2022-11-29 15:00:00,106.81691131530619
2022-11-29 16:00:00,106.85457752409476
2022-11-29 17:00:00,106.81148080038605
2022-11-29 18:00:00,106.81543649822596
2022-11-29 19:00:00,106.86565261389431
2022-11-29 20:00:00,106.69259876052028
2022-11-29 21:00:00,106.63920027862075
2022-11-29 22:00:00,106.6489757073386
2022-11-29 23:00:00,106.65650262346668
2022-11-30 00:00:00,106.57978682399524
2022-11-30 01:00:00,106.62709493683191
2022-11-30 02:00:00,106.70132982997845
2022-11-30 03:00:00,106.60783093660437
2022-11-30 04:00:00,106.47285961575224
2022-11-30 05:00:00,106.51174579470565
2022-11-30 06:00:00,106.584845203157
2022-11-30 07:00:00,106.49877382880544
2022-11-30 08:00:00,106.4578776728058
2022-11-30 09:00:00,106.60587318996023
2022-11-30 10:00:00,106.37750598785352
2022-11-30 11:00:00,107.13124077607759
2022-11-30 12:00:00,106.87339464158944
2022-11-30 13:00:00,106.95055208375473
2022-11-30 14:00:00,106.34450797087005
2022-11-30 15:00:00,105.94937069978654
2022-11-30 16:00:00,106.0133998833472
2022-11-30 17:00:00,106.00296368629846
2022-11-30 18:00:00,105.97859420916895
2022-11-30 19:00:00,105.78049100438824
2022-11-30 20:00:00,105.59512156355932
2022-11-30 21:00:00,105.69035241079585
2022-11-30 22:00:00,105.69720015362022
2022-11-30 23:00:00,105.64341950198158
2022-12-01 00:00:00,105.58495939136542
2022-12-01 01:00:00,105.492192008897
2022-12-01 02:00:00,105.39331362000632
2022-12-01 03:00:00,105.83826384264047
2022-12-01 04:00:00,105.48674918924807
2022-12-01 05:00:00,105.49047358976804
2022-12-01 06:00:00,105.64724846730145
2022-12-01 07:00:00,105.49588160317167
2022-12-01 08:00:00,105.43424780940809
2022-12-01 09:00:00,105.08086679459078
2022-12-01 10:00:00,104.75097329234904
2022-12-01 11:00:00,104.99979171736766
2022-12-01 12:00:00,104.90867398657481
2022-12-01 13:00:00,104.81695413599243
2022-12-01 14:00:00,104.84845143760195
2022-12-01 15:00:00,104.72887608733978
2022-12-01 16:00:00,104.72305528143806
2022-12-01 17:00:00,104.70185223388438
2022-12-01 18:00:00,104.7132417624218
2022-12-01 19:00:00,104.66733759052347
2022-12-01 20:00:00,104.85048797694532
2022-12-01 21:00:00,104.77965124529288
2022-12-01 22:00:00,104.80879619997545
2022-12-01 23:00:00,104.69919979073386
2022-12-02 00:00:00,104.70497763527335
2022-12-02 01:00:00,104.7304453252225
2022-12-02 02:00:00,104.680806578108
2022-12-02 03:00:00,104.59138988532088
2022-12-02 04:00:00,104.4490794013642
2022-12-02 05:00:00,104.5128978563411
2022-12-02 06:00:00,104.5223776269563
2022-12-02 07:00:00,104.46795734523978
2022-12-02 08:00:00,104.45291263392446
2022-12-02 09:00:00,105.24766558191406
2022-12-02 10:00:00,105.16618378674978
2022-12-02 11:00:00,105.14761815157547
2022-12-02 12:00:00,104.68215212219633
2022-12-02 13:00:00,104.6560090297221
2022-12-02 14:00:00,104.70488507066099
2022-12-02 15:00:00,104.54318256773145
2022-12-02 16:00:00,104.55798349276718
2022-12-02 17:00:00,104.50247146707514
2022-12-04 18:00:00,104.51170986134889
2022-12-04 19:00:00,104.48014523723717
2022-12-04 20:00:00,104.50856793363165
2022-12-04 21:00:00,104.2489417017627
2022-12-04 22:00:00,104.2248861221281
2022-12-04 23:00:00,104.14775995865928
2022-12-05 00:00:00,104.142124415726
2022-12-05 01:00:00,104.16473555869933
2022-12-05 02:00:00,104.27620768034646
2022-12-05 03:00:00,104.5691218659924
2022-12-05 04:00:00,104.48162498636349
2022-12-05 05:00:00,104.44658846826388
2022-12-05 06:00:00,104.66148644485358
2022-12-05 07:00:00,104.42171051125014
2022-12-05 08:00:00,104.20417194667881
2022-12-05 09:00:00,104.49185742013515
2022-12-05 10:00:00,104.6619632999642
2022-12-05 11:00:00,104.93885315706189
2022-12-05 12:00:00,105.2665911344822
2022-12-05 13:00:00,105.25223532934771
2022-12-05 14:00:00,105.24900340578637
2022-12-05 15:00:00,105.29654603938977
2022-12-05 16:00:00,105.3609077569499
2022-12-05 17:00:00,105.2646157532914
2022-12-05 18:00:00,105.26293005590462
2022-12-05 19:00:00,105.24111743288981
2022-12-05 20:00:00,105.11547391832335
2022-12-05 21:00:00,105.11740743721796
2022-12-05 22:00:00,105.26188060629296
2022-12-05 23:00:00,105.29100640478315
2022-12-06 00:00:00,105.31466742812991
2022-12-06 01:00:00,105.29630152913572
2022-12-06 02:00:00,105.42151786258201
2022-12-06 03:00:00,105.30701167231447
2022-12-06 04:00:00,105.30507581882891
2022-12-06 05:00:00,105.28884164096294
2022-12-06 06:00:00,105.24543763943679
2022-12-06 07:00:00,105.05650472554322
2022-12-06 08:00:00,104.96644483753231
2022-12-06 09:00:00,105.10588085589245
2022-12-06 10:00:00,105.24439478949472
2022-12-06 11:00:00,105.23647803384927
2022-12-06 12:00:00,105.28397979055933
2022-12-06 13:00:00,105.41547596431353
2022-12-06 14:00:00,105.59462482281462
2022-12-06 15:00:00,105.57992174774931
2022-12-06 16:00:00,105.53585778407667
2022-12-06 17:00:00,105.57036836587206
2022-12-06 18:00:00,105.5661643561818
2022-12-06 19:00:00,105.54621109100658
2022-12-06 20:00:00,105.61692771514753
2022-12-06 21:00:00,105.5014880644082
2022-12-06 22:00:00,105.56046948175633
2022-12-06 23:00:00,105.56830558207798
2022-12-07 00:00:00,105.62628242543927
2022-12-07 01:00:00,105.61144928623021
2022-12-07 02:00:00,105.76378671995226
2022-12-07 03:00:00,105.65229160044231
2022-12-07 04:00:00,105.53515860427939
2022-12-07 05:00:00,105.6052041491416
2022-12-07 06:00:00,105.39176636773207
2022-12-07 07:00:00,105.51088166020874
2022-12-07 08:00:00,105.09461460582095
2022-12-07 09:00:00,104.93729980612113
2022-12-07 10:00:00,105.11711696430997
2022-12-07 11:00:00,105.18158651671426
2022-12-07 12:00:00,105.21406661156443
2022-12-07 13:00:00,105.06364833945015
2022-12-07 14:00:00,105.12212976469011
2022-12-07 15:00:00,105.09850089245712
2022-12-07 16:00:00,105.15208000351899
2022-12-07 17:00:00,105.19309087645905
2022-12-07 18:00:00,105.16906862516835
2022-12-07 19:00:00,105.13996480510282
2022-12-07 20:00:00,105.26073690334844
2022-12-07 21:00:00,105.30812055387929
2022-12-07 22:00:00,105.3608802612565
2022-12-07 23:00:00,105.27541940618211
2022-12-08 00:00:00,105.31362021917722
2022-12-08 01:00:00,105.30729260471516
2022-12-08 02:00:00,105.17719757648545
2022-12-08 03:00:00,105.09536866050229
2022-12-08 04:00:00,105.12899537925124
2022-12-08 05:00:00,105.37532687961335
2022-12-08 06:00:00,105.23124472917904
2022-12-08 07:00:00,105.23658561094084
2022-12-08 08:00:00,105.11850873069821
2022-12-08 09:00:00,105.0460381926831
2022-12-08 10:00:00,104.90008554719402
2022-12-08 11:00:00,104.87676233038768
2022-12-08 12:00:00,104.807858157535
2022-12-08 13:00:00,104.86223494776135
2022-12-08 14:00:00,104.76371291614579
2022-12-08 15:00:00,104.77032584428578
2022-12-08 16:00:00,104.79766498549031
2022-12-08 17:00:00,104.81249332125718
2022-12-08 18:00:00,104.80196062187477
2022-12-08 19:00:00,104.81044614102032
2022-12-08 20:00:00,104.77697940674447
2022-12-08 21:00:00,104.54665145600497
2022-12-08 22:00:00,104.60094920592229
2022-12-08 23:00:00,104.51782768791995
2022-12-09 00:00:00,104.56409557810241
2022-12-09 01:00:00,104.58453434527144
2022-12-09 02:00:00,104.57157138559013
2022-12-09 03:00:00,104.6701588833966
2022-12-09 04:00:00,104.75361646853445
2022-12-09 05:00:00,104.76448534994229
2022-12-09 06:00:00,104.72234843218658
2022-12-09 07:00:00,104.70732931786131
2022-12-09 08:00:00,104.67427687323116
2022-12-09 09:00:00,104.84818140131397
2022-12-09 10:00:00,104.90849443344236
2022-12-09 11:00:00,104.84562434271834
2022-12-09 12:00:00,104.72446575585347
2022-12-09 13:00:00,104.79695989437789
2022-12-09 14:00:00,104.7792794346147
2022-12-09 15:00:00,104.80771672959746
2022-12-09 16:00:00,104.96850613933137
2022-12-09 17:00:00,104.92853041660088
2022-12-11 18:00:00,104.92325149854001
2022-12-11 19:00:00,105.06111488724476
2022-12-11 20:00:00,105.13858952390854
2022-12-11 21:00:00,105.15671267717748
2022-12-11 22:00:00,105.1577061542195
2022-12-11 23:00:00,105.12601109329148
2022-12-12 00:00:00,105.1208543768613
2022-12-12 01:00:00,105.13024229397568
2022-12-12 02:00:00,105.07848867085015
2022-12-12 03:00:00,105.00120661045035
2022-12-12 04:00:00,104.91604718273074
2022-12-12 05:00:00,104.77638020797937
2022-12-12 06:00:00,104.73920873110264
2022-12-12 07:00:00,104.75328300158527
2022-12-12 08:00:00,104.8385733426388
2022-12-12 09:00:00,104.72341911581775
2022-12-12 10:00:00,104.87280764315
2022-12-12 11:00:00,105.11833853317938
2022-12-12 12:00:00,104.9475339312891
2022-12-12 13:00:00,105.01986756953777
2022-12-12 14:00:00,105.15516344069277
2022-12-12 15:00:00,105.13701089331649
2022-12-12 16:00:00,105.0227934935787
2022-12-12 17:00:00,105.01922751919837
2022-12-12 18:00:00,105.01143921463759
2022-12-12 19:00:00,104.97190252435607
2022-12-12 20:00:00,104.97025902970047
2022-12-12 21:00:00,104.94605781311569
2022-12-12 22:00:00,104.93817043355894
2022-12-12 23:00:00,105.04857855734657
2022-12-13 00:00:00,104.9895734955793
2022-12-13 01:00:00,104.89290149082942
2022-12-13 02:00:00,104.93701387724826
2022-12-13 03:00:00,104.85970833496192
2022-12-13 04:00:00,104.93869342947126
2022-12-13 05:00:00,104.96492709023364
2022-12-13 06:00:00,105.00262267117027
2022-12-13 07:00:00,104.98302241895124
2022-12-13 08:00:00,104.84739144883712
2022-12-13 09:00:00,103.83140636898881
2022-12-13 10:00:00,103.79839839650938
2022-12-13 11:00:00,103.91326238023268
2022-12-13 12:00:00,103.96243608556026
2022-12-13 13:00:00,104.1045871071042
2022-12-13 14:00:00,104.10943364154367
2022-12-13 15:00:00,103.98165777660849
2022-12-13 16:00:00,104.0693767539537
2022-12-13 17:00:00,104.02136501346027
2022-12-13 18:00:00,103.99880188244076
2022-12-13 19:00:00,104.08593226327511
2022-12-13 20:00:00,103.99951109923154
2022-12-13 21:00:00,104.02975671840954
2022-12-13 22:00:00,104.07637070170978
2022-12-13 23:00:00,104.08237649139062
2022-12-14 00:00:00,104.1052847055499
2022-12-14 01:00:00,104.07555740411084
2022-12-14 02:00:00,103.96434709720124
2022-12-14 03:00:00,104.02652185910807
2022-12-14 04:00:00,103.92487440854735
2022-12-14 05:00:00,103.76118069390351
2022-12-14 06:00:00,103.6822850071242
2022-12-14 07:00:00,103.83532735084378
2022-12-14 08:00:00,103.89169994974264
2022-12-14 09:00:00,103.87285556950582
2022-12-14 10:00:00,103.87906947698715
2022-12-14 11:00:00,103.80852626160991
2022-12-14 12:00:00,103.77417055056948
2022-12-14 13:00:00,103.79032732256789
2022-12-14 14:00:00,103.57345888912536
2022-12-14 15:00:00,103.77016575844952
2022-12-14 16:00:00,103.63090640153169
2022-12-14 17:00:00,103.62554428377616
2022-12-14 18:00:00,103.624464412834
2022-12-14 19:00:00,103.66412095869123
2022-12-14 20:00:00,103.63179017287003
2022-12-14 21:00:00,103.78559136786646
2022-12-14 22:00:00,103.83645404403414
2022-12-14 23:00:00,103.8561249066925
2022-12-15 00:00:00,103.92822242441332
2022-12-15 01:00:00,103.83136612965707
2022-12-15 02:00:00,103.85700676793344
2022-12-15 03:00:00,103.99656821058304
2022-12-15 04:00:00,104.2588711701932
2022-12-15 05:00:00,104.25036806115764
2022-12-15 06:00:00,104.30801644902535
2022-12-15 07:00:00,104.23431220474495
2022-12-15 08:00:00,104.27422598737306
2022-12-15 09:00:00,104.09674219419354
2022-12-15 10:00:00,103.87356628393493
2022-12-15 11:00:00,104.3764848956858
2022-12-15 12:00:00,104.51544320731641
2022-12-15 13:00:00,104.83876748756683
2022-12-15 14:00:00,104.63578105361037
2022-12-15 15:00:00,104.55379609828931
2022-12-15 16:00:00,104.59438281536839
2022-12-15 17:00:00,104.60228556479603
2022-12-15 18:00:00,104.56711211178013
2022-12-15 19:00:00,104.51039791886319
2022-12-15 20:00:00,104.4535628094174
2022-12-15 21:00:00,104.41555487121595
2022-12-15 22:00:00,104.31174410744491
2022-12-15 23:00:00,104.36227508905557
2022-12-16 00:00:00,104.35480521417149
2022-12-16 01:00:00,104.38371003338248
2022-12-16 02:00:00,104.29799820624537
2022-12-16 03:00:00,104.5124756438009
2022-12-16 04:00:00,104.34892593174388
2022-12-16 05:00:00,104.68844314525707
2022-12-16 06:00:00,104.58099378012602
2022-12-16 07:00:00,104.46273748670181
2022-12-16 08:00:00,104.57570826805605
2022-12-16 09:00:00,104.49400453012687
2022-12-16 10:00:00,104.37224222474762
2022-12-16 11:00:00,104.62088863658363
2022-12-16 12:00:00,104.64211906673249
2022-12-16 13:00:00,104.64959242323555
2022-12-16 14:00:00,104.57728622060445
2022-12-16 15:00:00,104.70367804110666
2022-12-16 16:00:00,104.76720344342448
2022-12-16 17:00:00,104.8492926082453
2022-12-18 18:00:00,104.70293961293159
2022-12-18 19:00:00,104.8039714045913
2022-12-18 20:00:00,104.6207341097624
2022-12-18 21:00:00,104.51630229352598
2022-12-18 22:00:00,104.56956454393703
2022-12-18 23:00:00,104.57049750399094
2022-12-19 00:00:00,104.57648467687179
2022-12-19 01:00:00,104.59196709482815
2022-12-19 02:00:00,104.44410894976353
2022-12-19 03:00:00,104.43579273197098
2022-12-19 04:00:00,104.26583262815458
2022-12-19 05:00:00,104.44490587675595
2022-12-19 06:00:00,104.44671443098854
2022-12-19 07:00:00,104.5880320775523
2022-12-19 08:00:00,104.59891054210438
2022-12-19 09:00:00,104.64515614082026
2022-12-19 10:00:00,104.6509298106251
2022-12-19 11:00:00,104.90426220965092
2022-12-19 12:00:00,104.531781446465
2022-12-19 13:00:00,104.50022214493019
2022-12-19 14:00:00,104.61585944077838
2022-12-19 15:00:00,104.71614260431686
2022-12-19 16:00:00,104.71087819614361
2022-12-19 17:00:00,104.6674615860663
2022-12-19 18:00:00,104.66677444995734
2022-12-19 19:00:00,104.63206458171483
2022-12-19 20:00:00,104.75843893115598
2022-12-19 21:00:00,104.70721830696671
2022-12-19 22:00:00,104.6296504536788
2022-12-19 23:00:00,104.33083130289336
2022-12-20 00:00:00,104.32308756776209
2022-12-20 01:00:00,104.4419102223307
2022-12-20 02:00:00,104.40549527663687
2022-12-20 03:00:00,104.21608067090608
2022-12-20 04:00:00,103.95181830510633
2022-12-20 05:00:00,103.94226410520777
2022-12-20 06:00:00,104.01870206944595
2022-12-20 07:00:00,103.94305466297523
2022-12-20 08:00:00,104.20624747631055
2022-12-20 09:00:00,104.12322073708869
2022-12-20 10:00:00,103.98042436332305
2022-12-20 11:00:00,103.87182590376284
2022-12-20 12:00:00,103.87114399259292
2022-12-20 13:00:00,104.0163977697651
2022-12-20 14:00:00,104.08848911286182
2022-12-20 15:00:00,103.97035835871395
2022-12-20 16:00:00,104.03487245383779
2022-12-20 17:00:00,103.98170750550614
2022-12-20 18:00:00,103.96037864532862
2022-12-20 19:00:00,103.96226889318768
2022-12-20 20:00:00,103.9662582330424
2022-12-20 21:00:00,104.05332099882563
2022-12-20 22:00:00,104.08127309951398
2022-12-20 23:00:00,104.06872455592972
2022-12-21 00:00:00,104.14444051068017
2022-12-21 01:00:00,104.07413257428013
2022-12-21 02:00:00,104.12108803780346
2022-12-21 03:00:00,103.92750836695832
2022-12-21 04:00:00,103.91721625230078
2022-12-21 05:00:00,104.06437874586321
2022-12-21 06:00:00,104.07161707824665
2022-12-21 07:00:00,104.18276888255905
2022-12-21 08:00:00,103.99543379894058
2022-12-21 09:00:00,104.01438807229914
2022-12-21 10:00:00,104.23189824327163
2022-12-21 11:00:00,104.10972968714864
2022-12-21 12:00:00,104.31302781837404
2022-12-21 13:00:00,104.28230296699282
2022-12-21 14:00:00,104.20392302038586
2022-12-21 15:00:00,104.1625772566123
2022-12-21 16:00:00,104.19676947989453
2022-12-21 17:00:00,104.2509778722654
2022-12-21 18:00:00,104.23556017341383
2022-12-21 19:00:00,104.24129172996398
2022-12-21 20:00:00,104.09999818216978
2022-12-21 21:00:00,103.99615863485388
2022-12-21 22:00:00,103.977745222038
2022-12-21 23:00:00,103.86433190244303
2022-12-22 00:00:00,103.86732866962056
2022-12-22 01:00:00,103.91864025472415
2022-12-22 02:00:00,103.88071580983075
2022-12-22 03:00:00,103.89455903481047
2022-12-22 04:00:00,103.93814867021081
2022-12-22 05:00:00,103.891322847198
2022-12-22 06:00:00,104.06240977185217
2022-12-22 07:00:00,104.19854660819314
2022-12-22 08:00:00,104.05044349420446
2022-12-22 09:00:00,104.29313540063386
2022-12-22 10:00:00,104.32274628010164
2022-12-22 11:00:00,104.37001687297585
2022-12-22 12:00:00,104.46509915106148
2022-12-22 13:00:00,104.51740976022295
2022-12-22 14:00:00,104.56562872355224
2022-12-22 15:00:00,104.43814405325415
2022-12-22 16:00:00,104.3840841983636
2022-12-22 17:00:00,104.39529930148481
2022-12-22 18:00:00,104.4002891790829
2022-12-22 19:00:00,104.36633939251173
2022-12-22 20:00:00,104.49515187877923
2022-12-22 21:00:00,104.38769457228648
2022-12-22 22:00:00,104.3502420561385
2022-12-22 23:00:00,104.34478854373225
2022-12-23 00:00:00,104.37048489134092
2022-12-23 01:00:00,104.39342233940023
2022-12-23 02:00:00,104.36053927457093
2022-12-23 03:00:00,104.17976104409829
2022-12-23 04:00:00,104.33488485448953
2022-12-23 05:00:00,104.28948776510549
2022-12-23 06:00:00,104.21472779640955
2022-12-23 07:00:00,104.27524915018677
2022-12-23 08:00:00,104.22327931040178
2022-12-23 09:00:00,104.34765449285923
2022-12-23 10:00:00,104.41329955253829
2022-12-23 11:00:00,104.32255391838447
2022-12-23 12:00:00,104.28393988351151
2022-12-23 13:00:00,104.28955250763762
2022-12-23 14:00:00,104.39498350412124
2022-12-23 15:00:00,104.31236374771711
2022-12-23 16:00:00,104.32847568180644
2022-12-23 17:00:00,104.32383504556762
2022-12-27 01:00:00,103.98510938916533
2022-12-27 02:00:00,103.91019540968125
2022-12-27 03:00:00,104.05123542347064
2022-12-27 04:00:00,104.04013029989048
2022-12-27 05:00:00,103.99403958849014
2022-12-27 06:00:00,103.96486536742447
2022-12-27 07:00:00,104.08332544500416
2022-12-27 08:00:00,104.21214896004466
2022-12-27 09:00:00,104.2649215932553
2022-12-27 10:00:00,104.27095749454446
2022-12-27 11:00:00,104.0986612297346
2022-12-27 12:00:00,104.08773288725509
2022-12-27 13:00:00,104.20234103112692
2022-12-27 14:00:00,104.11887967956261
2022-12-27 15:00:00,104.17957894100402
2022-12-27 16:00:00,104.18892218588351
2022-12-27 17:00:00,104.2041630351411
2022-12-27 18:00:00,104.17399974676007
2022-12-27 19:00:00,104.21256086296633
2022-12-27 20:00:00,104.30686844091912
2022-12-27 21:00:00,104.2063479144961
2022-12-27 22:00:00,104.29688024271778
2022-12-27 23:00:00,104.32291026962453
2022-12-28 00:00:00,104.24501032221467
2022-12-28 01:00:00,104.22513320564008
2022-12-28 02:00:00,104.21621982729545
2022-12-28 03:00:00,104.17727328727206
2022-12-28 04:00:00,104.28747165215256
2022-12-28 05:00:00,104.2736507192846
2022-12-28 06:00:00,104.21160946672785
2022-12-28 07:00:00,104.10804702452641
2022-12-28 08:00:00,104.05056678705321
2022-12-28 09:00:00,104.1192950831814
2022-12-28 10:00:00,104.03144560701064
2022-12-28 11:00:00,104.42103031054424
2022-12-28 12:00:00,104.41281285282861
2022-12-28 13:00:00,104.32339662760477
2022-12-28 14:00:00,104.42973162780572
2022-12-28 15:00:00,104.46043827025409
2022-12-28 16:00:00,104.55618268047894
2022-12-28 17:00:00,104.52201376029944
2022-12-28 18:00:00,104.47938773690844
2022-12-28 19:00:00,104.35739239071873
2022-12-28 20:00:00,104.29901342215801
2022-12-28 21:00:00,104.30934248031515
2022-12-28 22:00:00,104.32193694165242
2022-12-28 23:00:00,104.34998584955156
2022-12-29 00:00:00,104.30793130482628
2022-12-29 01:00:00,104.31751396842881
2022-12-29 02:00:00,104.4120030770845
2022-12-29 03:00:00,104.35861430105496
2022-12-29 04:00:00,104.2972572008065
2022-12-29 05:00:00,104.09961662127566
2022-12-29 06:00:00,104.28197020845833
2022-12-29 07:00:00,104.26429136228535
2022-12-29 08:00:00,104.15573893876577
2022-12-29 09:00:00,104.06291117403013
2022-12-29 10:00:00,104.09383418612553
2022-12-29 11:00:00,103.98734708079532
2022-12-29 12:00:00,103.96440548228168
2022-12-29 13:00:00,103.84064668288539
2022-12-29 14:00:00,103.88674053596927
2022-12-29 15:00:00,103.83861210270413
2022-12-29 16:00:00,103.92538045901178
2022-12-29 17:00:00,103.98860126280813
2022-12-29 18:00:00,103.98735300366359
2022-12-29 19:00:00,103.98062658362146
2022-12-29 20:00:00,103.86973855560645
2022-12-29 21:00:00,103.92274762455051
2022-12-29 22:00:00,103.9541451777582
2022-12-29 23:00:00,103.97265512947051
2022-12-30 00:00:00,103.99658870020065
2022-12-30 01:00:00,104.06585869880416
2022-12-30 02:00:00,104.03851061076678
2022-12-30 03:00:00,103.94377469599128
2022-12-30 04:00:00,103.77015254747661
2022-12-30 05:00:00,103.9422103132676
2022-12-30 06:00:00,103.79635646970117
2022-12-30 07:00:00,103.72601700538429
2022-12-30 08:00:00,103.78810299529535
2022-12-30 09:00:00,103.80718705665753
2022-12-30 10:00:00,103.64779265654057
2022-12-30 11:00:00,103.8242793984512
2022-12-30 12:00:00,103.60904291150645
2022-12-30 13:00:00,103.40943556486789
2022-12-30 14:00:00,103.50171791360125
2022-12-30 15:00:00,103.52456477967058
2022-12-30 16:00:00,103.50319168431494
2022-12-30 17:00:00,103.48447573588531
2023-01-03 01:00:00,103.62335327170359
2023-01-03 02:00:00,103.69465192517092
2023-01-03 03:00:00,103.92374193593646
2023-01-03 04:00:00,104.6356474476752
2023-01-03 05:00:00,104.61865637992322
2023-01-03 06:00:00,104.78299026996726
2023-01-03 07:00:00,104.8018706796359
2023-01-03 08:00:00,104.76351252583481
2023-01-03 09:00:00,104.53973829015374
2023-01-03 10:00:00,104.31254574520752
2023-01-03 11:00:00,104.54425517028905
2023-01-03 12:00:00,104.59986549240892
2023-01-03 13:00:00,104.67049537449111
2023-01-03 14:00:00,104.56332466364606
2023-01-03 15:00:00,104.51558332688846
2023-01-03 16:00:00,104.64853927764771
2023-01-03 17:00:00,104.67173038572477
2023-01-03 18:00:00,104.67370136751435
2023-01-03 19:00:00,104.73198392039275
2023-01-03 20:00:00,104.5841545817303
2023-01-03 21:00:00,104.47028643172821
2023-01-03 22:00:00,104.51444618709864
2023-01-03 23:00:00,104.46102649821805
2023-01-04 00:00:00,104.44774572785172
2023-01-04 01:00:00,104.49635474427555
2023-01-04 02:00:00,104.4702128184305
2023-01-04 03:00:00,104.190707674655
2023-01-04 04:00:00,104.0218606686938
2023-01-04 05:00:00,104.03776522408457
2023-01-04 06:00:00,103.95593651637977
2023-01-04 07:00:00,104.08367160480003
2023-01-04 08:00:00,104.10611385375779
2023-01-04 09:00:00,104.03784829113872
2023-01-04 10:00:00,103.98030370900698
2023-01-04 11:00:00,104.24276499938642
2023-01-04 12:00:00,104.0979378320539
2023-01-04 13:00:00,104.22338817952749
2023-01-04 14:00:00,104.27483339893583
2023-01-04 15:00:00,104.24565173633711
2023-01-04 16:00:00,104.27054413507193
2023-01-04 17:00:00,104.26002014451538
2023-01-04 18:00:00,104.21342524013151
2023-01-04 19:00:00,104.21390189888598
2023-01-04 20:00:00,104.01320944245114
2023-01-04 21:00:00,104.08849140863596
2023-01-04 22:00:00,104.13552555347313
2023-01-04 23:00:00,104.25825102361006
2023-01-05 00:00:00,104.26894012101877
2023-01-05 01:00:00,104.24201077506466
2023-01-05 02:00:00,104.31132985582602
2023-01-05 03:00:00,104.30747398735183
2023-01-05 04:00:00,104.21842075132143
2023-01-05 05:00:00,104.17517600130934
2023-01-05 06:00:00,104.20444172258253
2023-01-05 07:00:00,104.2511815383944
2023-01-05 08:00:00,104.38115273396524
2023-01-05 09:00:00,104.90973861146311
2023-01-05 10:00:00,105.03710183613327
2023-01-05 11:00:00,105.25248270820114
2023-01-05 12:00:00,105.1752453035532
2023-01-05 13:00:00,105.08032084707617
2023-01-05 14:00:00,104.98700120826032
2023-01-05 15:00:00,105.04397637643208
2023-01-05 16:00:00,105.14614160300272
2023-01-05 17:00:00,105.13439640004874
2023-01-05 18:00:00,105.12522681611739
2023-01-05 19:00:00,105.12511370322233
2023-01-05 20:00:00,105.06423076253645
2023-01-05 21:00:00,105.12540826423187
2023-01-05 22:00:00,105.09115754639235
2023-01-05 23:00:00,105.06784387402514
2023-01-06 00:00:00,105.14347572439648
2023-01-06 01:00:00,105.26456586276122
2023-01-06 02:00:00,105.2617262297681
2023-01-06 03:00:00,105.30934506087529
2023-01-06 04:00:00,105.30801991953147
2023-01-06 05:00:00,105.44442507685045
2023-01-06 06:00:00,105.45579569863673
2023-01-06 07:00:00,105.56320138005617
2023-01-06 08:00:00,105.56840422225244
2023-01-06 09:00:00,104.94574261463379
2023-01-06 10:00:00,105.28667563868164
2023-01-06 11:00:00,104.29877826547416
2023-01-06 12:00:00,104.1248525035873
2023-01-06 13:00:00,103.96937099444466
2023-01-06 14:00:00,103.96847458937924
2023-01-06 15:00:00,103.88786831726404
2023-01-06 16:00:00,103.89505738277055
2023-01-06 17:00:00,103.91013165637506
2023-01-08 18:00:00,103.94240021843096
2023-01-08 19:00:00,103.73516990574501
2023-01-08 20:00:00,103.75303523351973
2023-01-08 21:00:00,103.6948471636548
2023-01-08 22:00:00,103.55815458251473
2023-01-08 23:00:00,103.6671103603035
2023-01-09 00:00:00,103.5940478082063
2023-01-09 01:00:00,103.5904791700403
2023-01-09 02:00:00,103.56004281706026
2023-01-09 03:00:00,103.67474833609737
2023-01-09 04:00:00,103.52601988003133
2023-01-09 05:00:00,103.65785940674016
2023-01-09 06:00:00,103.73947132758448
2023-01-09 07:00:00,103.59503067991062
2023-01-09 08:00:00,103.54153675418144
2023-01-09 09:00:00,103.23259410771358
2023-01-09 10:00:00,103.19802681064549
2023-01-09 11:00:00,103.11385868612751
2023-01-09 12:00:00,102.95305763909943
2023-01-09 13:00:00,103.03653217589283
2023-01-09 14:00:00,103.11177127320187
2023-01-09 15:00:00,103.00091753965337
2023-01-09 16:00:00,103.19503578264798
2023-01-09 17:00:00,103.18601894492524
2023-01-09 18:00:00,103.19298589919102
2023-01-09 19:00:00,103.17585153690273
2023-01-09 20:00:00,103.21840816960365
2023-01-09 21:00:00,103.12413249345457
2023-01-09 22:00:00,103.21102005175494
2023-01-09 23:00:00,103.20703080113327
2023-01-10 00:00:00,103.24433520919106
2023-01-10 01:00:00,103.12163257770854
2023-01-10 02:00:00,103.19119224170859
2023-01-10 03:00:00,103.26342011887803
2023-01-10 04:00:00,103.15336656922366
2023-01-10 05:00:00,103.09918720705176
2023-01-10 06:00:00,103.19709108353518
2023-01-10 07:00:00,103.23863997762588
2023-01-10 08:00:00,103.42268844498001
2023-01-10 09:00:00,103.37660260278592
2023-01-10 10:00:00,103.20744029205134
2023-01-10 11:00:00,103.33477033063342
2023-01-10 12:00:00,103.28902834206714
2023-01-10 13:00:00,103.30920297832918
2023-01-10 14:00:00,103.26062693539518
2023-01-10 15:00:00,103.23520125248254
2023-01-10 16:00:00,103.28218932225721
2023-01-10 17:00:00,103.29428628180051
2023-01-10 18:00:00,103.27618636977296
2023-01-10 19:00:00,103.25449121771571
2023-01-10 20:00:00,103.21817391325956
2023-01-10 21:00:00,103.33736608961324
2023-01-10 22:00:00,103.38235906995062
2023-01-10 23:00:00,103.32078585844317
2023-01-11 00:00:00,103.26012447706508
2023-01-11 01:00:00,103.188422885724
2023-01-11 02:00:00,103.21116340046147
2023-01-11 03:00:00,103.23331870092704
2023-01-11 04:00:00,103.40794117824215
2023-01-11 05:00:00,103.30859618973426
2023-01-11 06:00:00,103.26712535577872
2023-01-11 07:00:00,103.30431498689207
2023-01-11 08:00:00,103.40832920514123
2023-01-11 09:00:00,103.33921506326577
2023-01-11 10:00:00,103.16569546972822
2023-01-11 11:00:00,103.30064776292221
2023-01-11 12:00:00,103.3834195197844
2023-01-11 13:00:00,103.34330776809279
2023-01-11 14:00:00,103.24484525377912
2023-01-11 15:00:00,103.18736298981243
2023-01-11 16:00:00,103.27101097549252
2023-01-11 17:00:00,103.24063273412223
2023-01-11 18:00:00,103.23236136506823
2023-01-11 19:00:00,103.12827835928255
2023-01-11 20:00:00,103.16127082548718
2023-01-11 21:00:00,103.09408379325443
2023-01-11 22:00:00,103.08062148551653
2023-01-11 23:00:00,103.08094804525103
2023-01-12 00:00:00,103.028376799394
2023-01-12 01:00:00,103.12128843726468
2023-01-12 02:00:00,103.18322184564946
2023-01-12 03:00:00,103.1365572295293
2023-01-12 04:00:00,103.25573624312439
2023-01-12 05:00:00,103.01861277193599
2023-01-12 06:00:00,103.03786862533666
2023-01-12 07:00:00,103.0425808607938
2023-01-12 08:00:00,103.03942910067529
2023-01-12 09:00:00,102.3598900829574
2023-01-12 10:00:00,103.03626245921764
2023-01-12 11:00:00,102.65577240763507
2023-01-12 12:00:00,102.51517068733175
2023-01-12 13:00:00,102.22783843730362
2023-01-12 14:00:00,102.17846542396958
2023-01-12 15:00:00,102.24335437297806
2023-01-12 16:00:00,102.2291763472701
2023-01-12 17:00:00,102.24817054284742
2023-01-12 18:00:00,102.26103838644977
2023-01-12 19:00:00,102.1893411756202
2023-01-12 20:00:00,102.25192798710106
2023-01-12 21:00:00,102.18837135150625
2023-01-12 22:00:00,102.29836058338323
2023-01-12 23:00:00,102.29615149648276
2023-01-13 00:00:00,102.34924755198368
2023-01-13 01:00:00,102.37540269611318
2023-01-13 02:00:00,102.22826332034496
2023-01-13 03:00:00,102.1513819887141
2023-01-13 04:00:00,102.06938485877797
2023-01-13 05:00:00,102.18111630058337
2023-01-13 06:00:00,102.13298625847378
2023-01-13 07:00:00,102.45935842826346
2023-01-13 08:00:00,102.44392944274189
2023-01-13 09:00:00,102.56192576695409
2023-01-13 10:00:00,102.29836416876276
2023-01-13 11:00:00,102.17801444232627
2023-01-13 12:00:00,102.37093402029012
2023-01-13 13:00:00,102.2166747133437
2023-01-13 14:00:00,102.19300782075656
2023-01-13 15:00:00,102.20511776672089
2023-01-13 16:00:00,102.17273306656469
2023-01-13 17:00:00,102.18628800161737
2023-01-15 18:00:00,102.16352944314556
2023-01-15 19:00:00,102.26138841139579
2023-01-15 20:00:00,102.09462848547214
2023-01-15 21:00:00,101.8745274697275
2023-01-15 22:00:00,101.8280169833287
2023-01-15 23:00:00,101.8889085800818
2023-01-16 00:00:00,101.98175019335206
2023-01-16 01:00:00,101.92320865104709
2023-01-16 02:00:00,102.12259377227319
2023-01-16 03:00:00,102.19090633591901
2023-01-16 04:00:00,102.5305750269687
2023-01-16 05:00:00,102.3335280664388
2023-01-16 06:00:00,102.26899308099968
2023-01-16 07:00:00,102.29054366564219
2023-01-16 08:00:00,102.39073696200518
2023-01-16 09:00:00,102.3835029527345
2023-01-16 10:00:00,102.34909882496883
2023-01-16 11:00:00,102.33449066772715
2023-01-16 12:00:00,102.33295144995802
2023-01-16 13:00:00,102.43019261409938
2023-01-16 14:00:00,102.43733383936245
2023-01-16 15:00:00,102.38900613046494
2023-01-16 16:00:00,102.38557017262752
2023-01-16 17:00:00,102.35435960479818
2023-01-16 18:00:00,102.3499509303402
2023-01-16 19:00:00,102.28506070374684
2023-01-16 20:00:00,102.3069832001118
2023-01-16 21:00:00,102.43559384288066
2023-01-16 22:00:00,102.47940594451059
2023-01-16 23:00:00,102.38193020498608
2023-01-17 00:00:00,102.35651000956133
2023-01-17 01:00:00,102.3169789381268
2023-01-17 02:00:00,102.48233490251909
2023-01-17 03:00:00,102.32945870340413
2023-01-17 04:00:00,102.30277253242389
2023-01-17 05:00:00,102.41290046361964
2023-01-17 06:00:00,102.39338610511649
2023-01-17 07:00:00,102.25322110970309
2023-01-17 08:00:00,102.1082331964429
2023-01-17 09:00:00,102.19161903249365
2023-01-17 10:00:00,101.96143040693752
2023-01-17 11:00:00,102.2976488081955
2023-01-17 12:00:00,102.37978620797949
2023-01-17 13:00:00,102.46176782992835
2023-01-17 14:00:00,102.40745942313683
2023-01-17 15:00:00,102.38623007853317
2023-01-17 16:00:00,102.36961147484189
2023-01-17 17:00:00,102.39105312918463
2023-01-17 18:00:00,102.37866721939672
2023-01-17 19:00:00,102.40479323594133
2023-01-17 20:00:00,102.51156458204987
2023-01-17 21:00:00,102.38754578202077
2023-01-17 22:00:00,102.67279986639416
2023-01-17 23:00:00,102.82079528934769
2023-01-18 00:00:00,102.80931141469213
2023-01-18 01:00:00,102.72251200474355
2023-01-18 02:00:00,102.63701057125307
2023-01-18 03:00:00,102.32794642678425
2023-01-18 04:00:00,102.12513449435045
2023-01-18 05:00:00,101.89721716815531
2023-01-18 06:00:00,101.98134168571002
2023-01-18 07:00:00,102.16324891803055
2023-01-18 08:00:00,102.12996793772597
2023-01-18 09:00:00,101.80247807931518
2023-01-18 10:00:00,101.72987953080114
2023-01-18 11:00:00,101.9667690652909
2023-01-18 12:00:00,102.08450909557776
2023-01-18 13:00:00,102.36298014505135
2023-01-18 14:00:00,102.36593329559386
2023-01-18 15:00:00,102.3659869333113
2023-01-18 16:00:00,102.43316771719965
2023-01-18 17:00:00,102.3970234072687
2023-01-18 18:00:00,102.38239198546735
2023-01-18 19:00:00,102.33735033629407
2023-01-18 20:00:00,102.43148338596495
2023-01-18 21:00:00,102.42646481142931
2023-01-18 22:00:00,102.37497158066036
2023-01-18 23:00:00,102.30796888629476
2023-01-19 00:00:00,102.30740263819048
2023-01-19 01:00:00,102.33265507614209
2023-01-19 02:00:00,102.3379004449879
2023-01-19 03:00:00,102.25600195541381
2023-01-19 04:00:00,102.20720496767937
2023-01-19 05:00:00,102.15578605385379
2023-01-19 06:00:00,102.14629199559988
2023-01-19 07:00:00,102.18383269919305
2023-01-19 08:00:00,102.29573609385086
2023-01-19 09:00:00,102.23627204135353
2023-01-19 10:00:00,102.21881443112018
2023-01-19 11:00:00,102.37394976532896
2023-01-19 12:00:00,102.25533218784933
2023-01-19 13:00:00,102.19126416685438
2023-01-19 14:00:00,102.08949832413927
2023-01-19 15:00:00,102.062641960476
2023-01-19 16:00:00,102.08590440363585
2023-01-19 17:00:00,102.06766578896288
2023-01-19 18:00:00,102.07388876277703
2023-01-19 19:00:00,102.04718534594701
2023-01-19 20:00:00,102.09457483217409
2023-01-19 21:00:00,102.08334966942625
2023-01-19 22:00:00,102.07477630922877
2023-01-19 23:00:00,102.10169949598347
2023-01-20 00:00:00,102.17239798922661
2023-01-20 01:00:00,102.13706561694254
2023-01-20 02:00:00,102.21579424657679
2023-01-20 03:00:00,102.08834397073858
2023-01-20 04:00:00,102.15321055369705
2023-01-20 05:00:00,102.24909696197436
2023-01-20 06:00:00,102.18575901920985
2023-01-20 07:00:00,102.32158411812391
2023-01-20 08:00:00,102.37581370973936
2023-01-20 09:00:00,102.52547023081314
2023-01-20 10:00:00,102.37245681135944
2023-01-20 11:00:00,102.23747782088952
2023-01-20 12:00:00,102.24679359563827
2023-01-20 13:00:00,102.12317923575664
2023-01-20 14:00:00,102.06366453750064
2023-01-20 15:00:00,102.01266402933527
2023-01-20 16:00:00,101.99749829716089
2023-01-20 17:00:00,102.00085944624927
2023-01-22 18:00:00,101.91912163314973
2023-01-22 19:00:00,101.9156450549051
2023-01-22 20:00:00,101.75312594627363
2023-01-22 21:00:00,101.68773049256389
2023-01-22 22:00:00,101.70710569166891
2023-01-22 23:00:00,101.67567086071487
2023-01-23 00:00:00,101.73353397948786
2023-01-23 01:00:00,101.79338754123198
2023-01-23 02:00:00,101.7584063355692
2023-01-23 03:00:00,101.68183297023441
2023-01-23 04:00:00,101.69685637861627
2023-01-23 05:00:00,101.65482877166889
2023-01-23 06:00:00,101.79003286899851
2023-01-23 07:00:00,101.9633792955927
2023-01-23 08:00:00,101.9909090773626
2023-01-23 09:00:00,102.14054701781873
2023-01-23 10:00:00,102.12877674739353
2023-01-23 11:00:00,102.0738620246352
2023-01-23 12:00:00,102.09461534814912
2023-01-23 13:00:00,102.09795728421581
2023-01-23 14:00:00,102.07080319373134
2023-01-23 15:00:00,102.13033925192813
2023-01-23 16:00:00,102.06166662789482
2023-01-23 17:00:00,102.02376119774463
2023-01-23 18:00:00,102.03043399539291
2023-01-23 19:00:00,102.02166537728864
2023-01-23 20:00:00,101.97900746330191
2023-01-23 21:00:00,101.90565802535937
2023-01-23 22:00:00,101.92921130606402
2023-01-23 23:00:00,101.96781798746457
2023-01-24 00:00:00,101.94671812291257
2023-01-24 01:00:00,101.9152771635479
2023-01-24 02:00:00,101.81864806413606
2023-01-24 03:00:00,101.78744035283773
2023-01-24 04:00:00,101.89537405814583
2023-01-24 05:00:00,102.06082532207904
2023-01-24 06:00:00,102.06477644303368
2023-01-24 07:00:00,102.04794926104496
2023-01-24 08:00:00,102.13732573318612
2023-01-24 09:00:00,102.13445094499292
2023-01-24 10:00:00,102.40219059999147
2023-01-24 11:00:00,102.00016798422202
2023-01-24 12:00:00,102.01206168648056
2023-01-24 13:00:00,101.9259051128323
2023-01-24 14:00:00,101.95810895125976
2023-01-24 15:00:00,101.91876640877317
2023-01-24 16:00:00,101.95638218501682
2023-01-24 17:00:00,101.91136988357218
2023-01-24 18:00:00,101.92644051588113
2023-01-24 19:00:00,101.91645661127785
2023-01-24 20:00:00,101.94751564356402
2023-01-24 21:00:00,101.90229938306588
2023-01-24 22:00:00,101.88367167477057
2023-01-24 23:00:00,101.89784729371358
2023-01-25 00:00:00,101.88282093303606
2023-01-25 01:00:00,101.89847363673593
2023-01-25 02:00:00,101.82837345902668
2023-01-25 03:00:00,102.01284796575776
2023-01-25 04:00:00,102.01394981782417
2023-01-25 05:00:00,101.96160808533006
2023-01-25 06:00:00,102.07394147401291
2023-01-25 07:00:00,102.03314816268524
2023-01-25 08:00:00,101.94676652669261
2023-01-25 09:00:00,102.0240476282935
2023-01-25 10:00:00,101.82069611146638
2023-01-25 11:00:00,101.79478218541026
2023-01-25 12:00:00,101.7943314924777
2023-01-25 13:00:00,101.78148615814779
2023-01-25 14:00:00,101.68921034330029
2023-01-25 15:00:00,101.64025687445177
2023-01-25 16:00:00,101.65049827660128
2023-01-25 17:00:00,101.64773975189621
2023-01-25 18:00:00,101.63507419869951
2023-01-25 19:00:00,101.55530310400351
2023-01-25 20:00:00,101.59408156104342
2023-01-25 21:00:00,101.57420318862498
2023-01-25 22:00:00,101.62287309064683
2023-01-25 23:00:00,101.63851376737324
2023-01-26 00:00:00,101.61316524369333
2023-01-26 01:00:00,101.59168078751661
2023-01-26 02:00:00,101.58365741172227
2023-01-26 03:00:00,101.59620858618659
2023-01-26 04:00:00,101.71523395686305
2023-01-26 05:00:00,101.83093587387977
2023-01-26 06:00:00,101.70977372544965
2023-01-26 07:00:00,101.75247728405354
2023-01-26 08:00:00,101.79121173149207
2023-01-26 09:00:00,101.73501245108986
2023-01-26 10:00:00,101.8997371924257
2023-01-26 11:00:00,102.1469484310893
2023-01-26 12:00:00,102.05633252555731
2023-01-26 13:00:00,102.04838235397779
2023-01-26 14:00:00,101.8601390169731
2023-01-26 15:00:00,101.8363813903789
2023-01-26 16:00:00,101.80899004128611
2023-01-26 17:00:00,101.81754468688602
2023-01-26 18:00:00,101.81819028901181
2023-01-26 19:00:00,101.75625934101365
2023-01-26 20:00:00,101.70546515101339
2023-01-26 21:00:00,101.77736125967489
2023-01-26 22:00:00,101.86309845770154
2023-01-26 23:00:00,101.92186088359114
2023-01-27 00:00:00,101.98935918159863
2023-01-27 01:00:00,101.93465743125816
2023-01-27 02:00:00,102.00068364568597
2023-01-27 03:00:00,101.94993813799861
2023-01-27 04:00:00,101.82806223425754
2023-01-27 05:00:00,101.86418174975776
2023-01-27 06:00:00,101.82841326738918
2023-01-27 07:00:00,101.90519641062401
2023-01-27 08:00:00,101.98234932409414
2023-01-27 09:00:00,101.9961350692812
2023-01-27 10:00:00,101.96763111802902
2023-01-27 11:00:00,102.16888569459744
2023-01-27 12:00:00,102.02862727141081
2023-01-27 13:00:00,101.94392256575422
2023-01-27 14:00:00,101.9530038157745
2023-01-27 15:00:00,101.92898247519369
2023-01-27 16:00:00,101.95337048244912
2023-01-27 17:00:00,101.92666419572689
2023-01-29 18:00:00,101.93855568982069
2023-01-29 19:00:00,101.8981023648918
2023-01-29 20:00:00,101.90334495751848
2023-01-29 21:00:00,101.9416437302671
2023-01-29 22:00:00,101.95987232419682
2023-01-29 23:00:00,101.94980014928494
2023-01-30 00:00:00,101.83724274426699
2023-01-30 01:00:00,101.91471408335403
2023-01-30 02:00:00,101.96213394016364
2023-01-30 03:00:00,101.99921875208564
2023-01-30 04:00:00,101.94165380186163
2023-01-30 05:00:00,101.76689588185253
2023-01-30 06:00:00,101.68056386000656
2023-01-30 07:00:00,101.84304661820046
2023-01-30 08:00:00,101.78287777809865
2023-01-30 09:00:00,101.92793840360444
2023-01-30 10:00:00,101.92517568110047
2023-01-30 11:00:00,102.03201608183647
2023-01-30 12:00:00,102.08319696163335
2023-01-30 13:00:00,102.15472596860617
2023-01-30 14:00:00,102.18779086259225
2023-01-30 15:00:00,102.2769065481662
2023-01-30 16:00:00,102.27099408201903
2023-01-30 17:00:00,102.22532453386678
2023-01-30 18:00:00,102.22184291052889
2023-01-30 19:00:00,102.24361345364566
2023-01-30 20:00:00,102.18957163840408
2023-01-30 21:00:00,102.14203270705627
2023-01-30 22:00:00,102.20083496873119
2023-01-30 23:00:00,102.27625945304692
2023-01-31 00:00:00,102.27347636500183
2023-01-31 01:00:00,102.3431130912627
2023-01-31 02:00:00,102.30443540355279
2023-01-31 03:00:00,102.25857549641862
2023-01-31 04:00:00,102.60619883340988
2023-01-31 05:00:00,102.44364615105748
2023-01-31 06:00:00,102.51685997588578
2023-01-31 07:00:00,102.41609954684853
2023-01-31 08:00:00,102.50017665885994
2023-01-31 09:00:00,102.24455162391372
2023-01-31 10:00:00,102.26178569511791
2023-01-31 11:00:00,102.16101507027004
2023-01-31 12:00:00,102.1663139262903
2023-01-31 13:00:00,102.10413334332152
2023-01-31 14:00:00,102.03351698523409
2023-01-31 15:00:00,102.09339222675098
2023-01-31 16:00:00,102.03814090777847
2023-01-31 17:00:00,102.10073971218819
2023-01-31 18:00:00,102.10174863398771
2023-01-31 19:00:00,102.11512635855472
2023-01-31 20:00:00,102.07952607789575
2023-01-31 21:00:00,102.1297421357939
2023-01-31 22:00:00,102.16403176017803
2023-01-31 23:00:00,102.09347809344364
2023-02-01 00:00:00,102.09578221440108
2023-02-01 01:00:00,102.07548224862137
2023-02-01 02:00:00,102.07237850810897
2023-02-01 03:00:00,102.00290957960529
2023-02-01 04:00:00,101.91373336759963
2023-02-01 05:00:00,101.95026903436914
2023-02-01 06:00:00,101.88623733948013
2023-02-01 07:00:00,101.87670301719632
2023-02-01 08:00:00,101.8935938032281
2023-02-01 09:00:00,101.75860807726596
2023-02-01 10:00:00,101.75088761593719
2023-02-01 11:00:00,101.68179499344835
2023-02-01 12:00:00,101.73355649138328
2023-02-01 13:00:00,101.79310967442632
2023-02-01 14:00:00,101.75332162089404
2023-02-01 15:00:00,101.21651487176045
2023-02-01 16:00:00,101.1402510072233
2023-02-01 17:00:00,101.14677479580921
2023-02-01 18:00:00,101.1533587262182
2023-02-01 19:00:00,100.95095766503972
2023-02-01 20:00:00,100.8919562302985
2023-02-01 21:00:00,100.96313858641511
2023-02-01 22:00:00,100.91471830865264
2023-02-01 23:00:00,100.93186540127873
2023-02-02 00:00:00,100.89119439082947
2023-02-02 01:00:00,100.91470487840853
2023-02-02 02:00:00,101.02015830162559
2023-02-02 03:00:00,101.08710250596079
2023-02-02 04:00:00,101.04092435676823
2023-02-02 05:00:00,101.1085901828493
2023-02-02 06:00:00,101.248452767366
2023-02-02 07:00:00,101.09959662946501
2023-02-02 08:00:00,101.20331486358836
2023-02-02 09:00:00,101.4184360536382
2023-02-02 10:00:00,101.7330008329232
2023-02-02 11:00:00,101.46520480920627
2023-02-02 12:00:00,101.63799594911949
2023-02-02 13:00:00,101.7104611754226
2023-02-02 14:00:00,101.63445315475285
2023-02-02 15:00:00,101.75112086900805
2023-02-02 16:00:00,101.71473490242788
2023-02-02 17:00:00,101.75422365228864
2023-02-02 18:00:00,101.7471600179396
2023-02-02 19:00:00,101.7916019040574
2023-02-02 20:00:00,101.83247477671898
2023-02-02 21:00:00,101.85712882428868
2023-02-02 22:00:00,101.8866234983328
2023-02-02 23:00:00,101.84625164451981
2023-02-03 00:00:00,101.84887335275883
2023-02-03 01:00:00,101.85567974454065
2023-02-03 02:00:00,101.81069383239416
2023-02-03 03:00:00,101.83924108737408
2023-02-03 04:00:00,101.85997603496482
2023-02-03 05:00:00,101.61941051124617
2023-02-03 06:00:00,101.56925675553471
2023-02-03 07:00:00,101.59623451197461
2023-02-03 08:00:00,101.59821739314093
2023-02-03 09:00:00,102.51104160535114
2023-02-03 10:00:00,102.39976712222256
2023-02-03 11:00:00,102.51566007910507
2023-02-03 12:00:00,102.77675496977018
2023-02-03 13:00:00,102.77115999847776
2023-02-03 14:00:00,102.86957007573527
2023-02-03 15:00:00,102.91219395430771
2023-02-03 16:00:00,103.00218392410942
2023-02-03 17:00:00,102.99657662468005
2023-02-05 18:00:00,103.102210224819
2023-02-05 19:00:00,103.13223692531388
2023-02-05 20:00:00,103.16550376010545
2023-02-05 21:00:00,103.1867145352812
2023-02-05 22:00:00,103.10910723220664
2023-02-05 23:00:00,103.10117419579026
2023-02-06 00:00:00,103.02901479309072
2023-02-06 01:00:00,103.02089981274791
2023-02-06 02:00:00,103.0998090657901
2023-02-06 03:00:00,103.16164167962734
2023-02-06 04:00:00,103.1233398221166
2023-02-06 05:00:00,103.28076668093293
2023-02-06 06:00:00,103.33590209980498
2023-02-06 07:00:00,103.27869626276386
2023-02-06 08:00:00,103.20025072909438
2023-02-06 09:00:00,103.3771650714087
2023-02-06 10:00:00,103.48371967254953
2023-02-06 11:00:00,103.64714050381163
2023-02-06 12:00:00,103.69009505861165
2023-02-06 13:00:00,103.73884843542332
2023-02-06 14:00:00,103.61855736769216
2023-02-06 15:00:00,103.61963375375699
2023-02-06 16:00:00,103.60452820753135
2023-02-06 17:00:00,103.63795017345507
2023-02-06 18:00:00,103.61900188457972
2023-02-06 19:00:00,103.60194459883456
2023-02-06 20:00:00,103.53153422062509
2023-02-06 21:00:00,103.44692714353616
2023-02-06 22:00:00,103.44907651763789
2023-02-06 23:00:00,103.4679368299043
2023-02-07 00:00:00,103.50832133132188
2023-02-07 01:00:00,103.45117610252814
2023-02-07 02:00:00,103.43827223490402
2023-02-07 03:00:00,103.56808811609613
2023-02-07 04:00:00,103.56960713480447
2023-02-07 05:00:00,103.6138445733975
2023-02-07 06:00:00,103.62991612820137
2023-02-07 07:00:00,103.72272146039751
2023-02-07 08:00:00,103.69072048397139
2023-02-07 09:00:00,103.76888022217848
2023-02-07 10:00:00,103.86471638962179
2023-02-07 11:00:00,103.66252156268675
2023-02-07 12:00:00,103.59729252711398
2023-02-07 13:00:00,103.04898863090567
2023-02-07 14:00:00,103.61894977060597
2023-02-07 15:00:00,103.42843746821893
2023-02-07 16:00:00,103.37925261370113
2023-02-07 17:00:00,103.34919443644587
2023-02-07 18:00:00,103.33338525820058
2023-02-07 19:00:00,103.31766313844771
2023-02-07 20:00:00,103.28272939759282
2023-02-07 21:00:00,103.37084470942541
2023-02-07 22:00:00,103.32167484435858
2023-02-07 23:00:00,103.31249766792236
2023-02-08 00:00:00,103.30708821357292
2023-02-08 01:00:00,103.30291687627079
2023-02-08 02:00:00,103.35798130823638
2023-02-08 03:00:00,103.0434995625597
2023-02-08 04:00:00,103.10130378050778
2023-02-08 05:00:00,103.0418192894763
2023-02-08 06:00:00,103.12404983805092
2023-02-08 07:00:00,103.20581955246175
2023-02-08 08:00:00,103.26408007119177
2023-02-08 09:00:00,103.30969138214277
2023-02-08 10:00:00,103.38639863189539
2023-02-08 11:00:00,103.3978541227099
2023-02-08 12:00:00,103.31015448332333
2023-02-08 13:00:00,103.3465356262394
2023-02-08 14:00:00,103.31126804578948
2023-02-08 15:00:00,103.41059741791871
2023-02-08 16:00:00,103.48329228342662
2023-02-08 17:00:00,103.47699419262445
2023-02-08 18:00:00,103.47227367520772
2023-02-08 19:00:00,103.4629344239014
2023-02-08 20:00:00,103.48201874241335
2023-02-08 21:00:00,103.41671693358805
2023-02-08 22:00:00,103.36015680253617
2023-02-08 23:00:00,103.35717626103347
2023-02-09 00:00:00,103.33453228777265
2023-02-09 01:00:00,103.30459351621367
2023-02-09 02:00:00,103.25302924233813
2023-02-09 03:00:00,103.27172049758789
2023-02-09 04:00:00,103.06689158078035
2023-02-09 05:00:00,102.9472948970719
2023-02-09 06:00:00,102.83038188101817
2023-02-09 07:00:00,102.95338044180615
2023-02-09 08:00:00,102.86569743925517
2023-02-09 09:00:00,102.64180182687063
2023-02-09 10:00:00,102.769890255917
2023-02-09 11:00:00,102.9010667219959
2023-02-09 12:00:00,102.95110362932166
2023-02-09 13:00:00,103.07037426630453
2023-02-09 14:00:00,103.16513635719926
2023-02-09 15:00:00,103.22453302470345
2023-02-09 16:00:00,103.26432338772592
2023-02-09 17:00:00,103.21331571755297
2023-02-09 18:00:00,103.17885335608045
2023-02-09 19:00:00,103.203588134624
2023-02-09 20:00:00,103.2384161310101
2023-02-09 21:00:00,103.26091379693968
2023-02-09 22:00:00,103.34169780352367
2023-02-09 23:00:00,103.38495776252587
2023-02-10 00:00:00,103.38951623738764
2023-02-10 01:00:00,103.30973678397503
2023-02-10 02:00:00,103.31751940792611
2023-02-10 03:00:00,103.05601025830569
2023-02-10 04:00:00,103.0201309068941
2023-02-10 05:00:00,103.35797126334867
2023-02-10 06:00:00,103.32536319471495
2023-02-10 07:00:00,103.39783549608882
2023-02-10 08:00:00,103.52597570426293
2023-02-10 09:00:00,103.34404794906688
2023-02-10 10:00:00,103.35436115878458
2023-02-10 11:00:00,103.55325302105496
2023-02-10 12:00:00,103.65240687632476
2023-02-10 13:00:00,103.6658245827621
2023-02-10 14:00:00,103.6549471449833
2023-02-10 15:00:00,103.62904041693282
2023-02-10 16:00:00,103.57322943446901
2023-02-10 17:00:00,103.58248695927433
2023-02-12 18:00:00,103.57560330598112
2023-02-12 19:00:00,103.60668518996665
2023-02-12 20:00:00,103.66048695141079
2023-02-12 21:00:00,103.7019530238171
2023-02-12 22:00:00,103.71157804905921
2023-02-12 23:00:00,103.79287852078427
2023-02-13 00:00:00,103.76569810577207
2023-02-13 01:00:00,103.75158085300775
2023-02-13 02:00:00,103.72037366153324
2023-02-13 03:00:00,103.62260742224862
2023-02-13 04:00:00,103.72407826930908
2023-02-13 05:00:00,103.74398776355389
2023-02-13 06:00:00,103.70419488619717
2023-02-13 07:00:00,103.710294511072
2023-02-13 08:00:00,103.53608364912078
2023-02-13 09:00:00,103.66796172028015
2023-02-13 10:00:00,103.45858984124406
2023-02-13 11:00:00,103.36798424452222
2023-02-13 12:00:00,103.37618253267979
2023-02-13 13:00:00,103.34137031358156
2023-02-13 14:00:00,103.25854104792445
2023-02-13 15:00:00,103.3405773191708
2023-02-13 16:00:00,103.28018934752369
2023-02-13 17:00:00,103.28023308586822
2023-02-13 18:00:00,103.2792472028033
2023-02-13 19:00:00,103.22013227558811
2023-02-13 20:00:00,103.18612547270584
2023-02-13 21:00:00,103.22146785645475
2023-02-13 22:00:00,103.20618228942202
2023-02-13 23:00:00,103.16901866512232
2023-02-14 00:00:00,103.13361940271075
2023-02-14 01:00:00,103.12896524253301
2023-02-14 02:00:00,103.13528937926196
2023-02-14 03:00:00,103.20076578023951
2023-02-14 04:00:00,103.03605628715535
2023-02-14 05:00:00,102.94478323841618
2023-02-14 06:00:00,103.0120351534375
2023-02-14 07:00:00,103.001205824534
2023-02-14 08:00:00,102.93527396458454
2023-02-14 09:00:00,102.94482805454851
2023-02-14 10:00:00,103.10087187454025
2023-02-14 11:00:00,103.38012881590139
2023-02-14 12:00:00,103.38599835640822
2023-02-14 13:00:00,103.31871479028784
2023-02-14 14:00:00,103.2995955641794
2023-02-14 15:00:00,103.2309802134207
2023-02-14 16:00:00,103.23712556804658
2023-02-14 17:00:00,103.26104053971649
2023-02-14 18:00:00,103.26041699111855
2023-02-14 19:00:00,103.251781879177
2023-02-14 20:00:00,103.20324101392364
2023-02-14 21:00:00,103.20034819373349
2023-02-14 22:00:00,103.34419328121305
2023-02-14 23:00:00,103.41733399593608
2023-02-15 00:00:00,103.40969570892564
2023-02-15 01:00:00,103.44337265898199
2023-02-15 02:00:00,103.52578686565205
2023-02-15 03:00:00,103.60404511491517
2023-02-15 04:00:00,103.49822279705752
2023-02-15 05:00:00,103.47231361740805
2023-02-15 06:00:00,103.56414425061533
2023-02-15 07:00:00,103.61398342754538
2023-02-15 08:00:00,103.73735054067458
2023-02-15 09:00:00,103.89967053922871
2023-02-15 10:00:00,104.04793194695718
2023-02-15 11:00:00,103.99398115834468
2023-02-15 12:00:00,103.90742103400702
2023-02-15 13:00:00,104.05764044180829
2023-02-15 14:00:00,103.96993323757535
2023-02-15 15:00:00,103.92265723737857
2023-02-15 16:00:00,103.83466816302908
2023-02-15 17:00:00,103.85164100909554
2023-02-15 18:00:00,103.83667376284076
2023-02-15 19:00:00,103.79903485194903
2023-02-15 20:00:00,103.86314842426533
2023-02-15 21:00:00,103.70276906138383
2023-02-15 22:00:00,103.62005174129318
2023-02-15 23:00:00,103.65215888746273
2023-02-16 00:00:00,103.67140981336972
2023-02-16 01:00:00,103.6938856997856
2023-02-16 02:00:00,103.75119609066276
2023-02-16 03:00:00,103.65775796936879
2023-02-16 04:00:00,103.67196579739127
2023-02-16 05:00:00,103.71729965360566
2023-02-16 06:00:00,103.6833758025987
2023-02-16 07:00:00,103.675593151153
2023-02-16 08:00:00,103.79623056249973
2023-02-16 09:00:00,103.99967675240693
2023-02-16 10:00:00,104.15070292663415
2023-02-16 11:00:00,104.02226041580155
2023-02-16 12:00:00,103.92277119543138
2023-02-16 13:00:00,103.84812763221626
2023-02-16 14:00:00,103.83606738712096
2023-02-16 15:00:00,103.85604379212265
2023-02-16 16:00:00,104.00653903962957
2023-02-16 17:00:00,104.02546252639073
2023-02-16 18:00:00,104.05836187893651
2023-02-16 19:00:00,104.11557155260705
2023-02-16 20:00:00,104.17593075158962
2023-02-16 21:00:00,104.2813966047573
2023-02-16 22:00:00,104.29591593374623
2023-02-16 23:00:00,104.29128247000567
2023-02-17 00:00:00,104.38622460071977
2023-02-17 01:00:00,104.40167722838231
2023-02-17 02:00:00,104.4400355682639
2023-02-17 03:00:00,104.39662875540084
2023-02-17 04:00:00,104.44434991667866
2023-02-17 05:00:00,104.46311582673509
2023-02-17 06:00:00,104.45731752651875
2023-02-17 07:00:00,104.58360679262785
2023-02-17 08:00:00,104.57299758823379
2023-02-17 09:00:00,104.3721440766998
2023-02-17 10:00:00,104.39109546270076
2023-02-17 11:00:00,104.16797362304585
2023-02-17 12:00:00,104.0412645267333
2023-02-17 13:00:00,104.02942057793807
2023-02-17 14:00:00,103.96760306743694
2023-02-17 15:00:00,103.86157510997216
2023-02-17 16:00:00,103.88178264922823
2023-02-17 17:00:00,103.8836841137511
2023-02-19 18:00:00,103.92036202735729
2023-02-19 19:00:00,103.9821203436973
2023-02-19 20:00:00,104.04012268719583
2023-02-19 21:00:00,104.06244974371823
2023-02-19 22:00:00,103.97366083680922
2023-02-19 23:00:00,103.98278567922439
2023-02-20 00:00:00,103.9251618861328
2023-02-20 01:00:00,103.88851504940658
2023-02-20 02:00:00,103.90597987941847
2023-02-20 03:00:00,103.78070105537667
2023-02-20 04:00:00,103.87525502084968
2023-02-20 05:00:00,103.96213534011328
2023-02-20 06:00:00,103.86883767812618
2023-02-20 07:00:00,103.86686431115548
2023-02-20 08:00:00,103.97389177980108
2023-02-20 09:00:00,103.89864887865419
2023-02-20 10:00:00,103.82881246490322
2023-02-20 11:00:00,103.86180897095718
2023-02-20 12:00:00,103.83923237041436
2023-02-20 13:00:00,103.87950220816938
2023-02-20 14:00:00,103.89159131560197
2023-02-20 15:00:00,103.85649280328231
2023-02-20 16:00:00,103.88810281903082
2023-02-20 17:00:00,103.88815409402706
2023-02-20 18:00:00,103.87716744146341
2023-02-20 19:00:00,103.90951981359176
2023-02-20 20:00:00,103.94201468841702
2023-02-20 21:00:00,103.9826097342661
2023-02-20 22:00:00,104.06734011896769
2023-02-20 23:00:00,104.04378793167652
2023-02-21 00:00:00,104.01826137839748
2023-02-21 01:00:00,103.98270877899519
2023-02-21 02:00:00,104.0309190510907
2023-02-21 03:00:00,104.06711250240286
2023-02-21 04:00:00,104.13044830722792
2023-02-21 05:00:00,103.98043957228299
2023-02-21 06:00:00,104.09010327761968
2023-02-21 07:00:00,104.00298569477069
2023-02-21 08:00:00,103.99347751043882
2023-02-21 09:00:00,104.09901203874865
2023-02-21 10:00:00,104.21262280695815
2023-02-21 11:00:00,103.84904375037098
2023-02-21 12:00:00,104.09285086695756
2023-02-21 13:00:00,104.04659184867664
2023-02-21 14:00:00,104.2054078657186
2023-02-21 15:00:00,104.17293688786063
2023-02-21 16:00:00,104.19880184147243
2023-02-21 17:00:00,104.19856325425961
2023-02-21 18:00:00,104.17556373519369
2023-02-21 19:00:00,104.16394664526541
2023-02-21 20:00:00,104.07589198308636
2023-02-21 21:00:00,104.0825054966759
2023-02-21 22:00:00,104.11419143481203
2023-02-21 23:00:00,104.09360789538356
2023-02-22 00:00:00,104.113729404592
2023-02-22 01:00:00,104.10860985473708
2023-02-22 02:00:00,104.11119238709024
2023-02-22 03:00:00,104.10794438330026
2023-02-22 04:00:00,104.23923507344844
2023-02-22 05:00:00,104.2759790538963
2023-02-22 06:00:00,104.34880477087395
2023-02-22 07:00:00,104.29049023469904
2023-02-22 08:00:00,104.11270072692767
2023-02-22 09:00:00,104.13270145022811
2023-02-22 10:00:00,104.12312971982684
2023-02-22 11:00:00,104.32903800778571
2023-02-22 12:00:00,104.37497080324746
2023-02-22 13:00:00,104.32101806893787
2023-02-22 14:00:00,104.34616689211698
2023-02-22 15:00:00,104.58222746496077
2023-02-22 16:00:00,104.55471132456267
2023-02-22 17:00:00,104.53736676075582
2023-02-22 18:00:00,104.52204017301477
2023-02-22 19:00:00,104.52409278149585
2023-02-22 20:00:00,104.46109469135192
2023-02-22 21:00:00,104.38899754467437
2023-02-22 22:00:00,104.35156841591889
2023-02-22 23:00:00,104.35496139037986
2023-02-23 00:00:00,104.34135092445443
2023-02-23 01:00:00,104.37024333910216
2023-02-23 02:00:00,104.36493104999526
2023-02-23 03:00:00,104.41338773206907
2023-02-23 04:00:00,104.52253983851016
2023-02-23 05:00:00,104.62229707333624
2023-02-23 06:00:00,104.58137161010858
2023-02-23 07:00:00,104.54392953099833
2023-02-23 08:00:00,104.46825331246353
2023-02-23 09:00:00,104.56903962583311
2023-02-23 10:00:00,104.48011649790602
2023-02-23 11:00:00,104.59870130721934
2023-02-23 12:00:00,104.71373768257605
2023-02-23 13:00:00,104.71214697794484
2023-02-23 14:00:00,104.66933645585154
2023-02-23 15:00:00,104.59805665936229
2023-02-23 16:00:00,104.53978701265676
2023-02-23 17:00:00,104.60977757791572
2023-02-23 18:00:00,104.5991876390859
2023-02-23 19:00:00,104.58102425926957
2023-02-23 20:00:00,104.47148366707466
2023-02-23 21:00:00,104.567501708969
2023-02-23 22:00:00,104.5894944190931
2023-02-23 23:00:00,104.56019176288996
2023-02-24 00:00:00,104.56230178782714
2023-02-24 01:00:00,104.5698531866352
2023-02-24 02:00:00,104.5809257800191
2023-02-24 03:00:00,104.64512648613697
2023-02-24 04:00:00,104.68611853150963
2023-02-24 05:00:00,104.70561900940694
2023-02-24 06:00:00,104.7232255705051
2023-02-24 07:00:00,104.82281657144142
2023-02-24 08:00:00,104.95287831078029
2023-02-24 09:00:00,105.09253906107665
2023-02-24 10:00:00,105.20075770307736
2023-02-24 11:00:00,105.28142858443184
2023-02-24 12:00:00,105.24807910026793
2023-02-24 13:00:00,105.24192967381302
2023-02-24 14:00:00,105.26625927697081
2023-02-24 15:00:00,105.21540160670058
2023-02-24 16:00:00,105.2374219510453
2023-02-24 17:00:00,105.26023698824582
2023-02-26 18:00:00,105.22741329232564
2023-02-26 19:00:00,105.1797710984754
2023-02-26 20:00:00,105.14509687383791
2023-02-26 21:00:00,105.09746960837865
2023-02-26 22:00:00,105.15906545525668
2023-02-26 23:00:00,105.25688199900587
2023-02-27 00:00:00,105.21605425397873
2023-02-27 01:00:00,105.2975105975414
2023-02-27 02:00:00,105.31507346705772
2023-02-27 03:00:00,105.1985876569157
2023-02-27 04:00:00,105.16935405233984
2023-02-27 05:00:00,105.164358616334
2023-02-27 06:00:00,105.05215716720934
2023-02-27 07:00:00,105.06934887492712
2023-02-27 08:00:00,105.10389452953785
2023-02-27 09:00:00,104.8481730119627
2023-02-27 10:00:00,104.79603895607082
2023-02-27 11:00:00,104.72385046114404
2023-02-27 12:00:00,104.76806546476385
2023-02-27 13:00:00,104.69932360765489
2023-02-27 14:00:00,104.66781017396782
2023-02-27 15:00:00,104.6745414976733
2023-02-27 16:00:00,104.66296515105935
2023-02-27 17:00:00,104.64355943359202
2023-02-27 18:00:00,104.66819144828169
2023-02-27 19:00:00,104.65483052070077
2023-02-27 20:00:00,104.6411791722647
2023-02-27 21:00:00,104.80158252544985
2023-02-27 22:00:00,104.7448450222672
2023-02-27 23:00:00,104.76461833477752
2023-02-28 00:00:00,104.79005644713456
2023-02-28 01:00:00,104.84333984410858
2023-02-28 02:00:00,104.81386746881007
2023-02-28 03:00:00,104.85270789439306
2023-02-28 04:00:00,104.65567556653627
2023-02-28 05:00:00,104.74030795925867
2023-02-28 06:00:00,104.63344168852733
2023-02-28 07:00:00,104.69496476714218
2023-02-28 08:00:00,104.62551839481313
2023-02-28 09:00:00,104.53177089832883
2023-02-28 10:00:00,104.5098446621046
2023-02-28 11:00:00,104.67360386221631
2023-02-28 12:00:00,104.70814949375138
2023-02-28 13:00:00,104.63626478167683
2023-02-28 14:00:00,104.78245520357271
2023-02-28 15:00:00,104.86849003468369
2023-02-28 16:00:00,104.96710087286036
2023-02-28 17:00:00,104.99697868730604
2023-02-28 18:00:00,104.94507599340234
2023-02-28 19:00:00,104.98253038972608
2023-02-28 20:00:00,105.06437863349048
2023-02-28 21:00:00,104.91473457978215
2023-02-28 22:00:00,104.94051242378212
2023-02-28 23:00:00,104.85070403424254
2023-03-01 00:00:00,104.87431781291092
2023-03-01 01:00:00,104.86866705125917
2023-03-01 02:00:00,104.73518310987048
2023-03-01 03:00:00,104.46247594198196
2023-03-01 04:00:00,104.40405627229262
2023-03-01 05:00:00,104.45081878540141
2023-03-01 06:00:00,104.28775243639254
2023-03-01 07:00:00,104.23836473977833
2023-03-01 08:00:00,104.11986207433775
2023-03-01 09:00:00,104.35644504873241
2023-03-01 10:00:00,104.40873634053668
2023-03-01 11:00:00,104.39092342999052
2023-03-01 12:00:00,104.31766827225897
2023-03-01 13:00:00,104.39429471057034
2023-03-01 14:00:00,104.53293154698834
2023-03-01 15:00:00,104.48535533946196
2023-03-01 16:00:00,104.42500350747795
2023-03-01 17:00:00,104.3895910066401
2023-03-01 18:00:00,104.38416626474279
2023-03-01 19:00:00,104.38934383750185
2023-03-01 20:00:00,104.46053082331362
2023-03-01 21:00:00,104.55150959393187
2023-03-01 22:00:00,104.52444649840746
2023-03-01 23:00:00,104.59979535708175
2023-03-02 00:00:00,104.58831502149197
2023-03-02 01:00:00,104.67095210522301
2023-03-02 02:00:00,104.70278550241727
2023-03-02 03:00:00,104.73929102467987
2023-03-02 04:00:00,104.64106493640973
2023-03-02 05:00:00,104.76680321459979
2023-03-02 06:00:00,104.88130468777246
2023-03-02 07:00:00,104.77015240353988
2023-03-02 08:00:00,104.95458766403819
2023-03-02 09:00:00,105.13274345206072
2023-03-02 10:00:00,104.97193442256787
2023-03-02 11:00:00,104.9005933534232
2023-03-02 12:00:00,105.02968402604434
2023-03-02 13:00:00,105.14728291045851
2023-03-02 14:00:00,105.01628871033827
2023-03-02 15:00:00,105.03060577500656
2023-03-02 16:00:00,104.94694531009135
2023-03-02 17:00:00,104.98459782990803
2023-03-02 18:00:00,104.96612249250362
2023-03-02 19:00:00,104.96872268190049
2023-03-02 20:00:00,104.84957126522195
2023-03-02 21:00:00,104.86852329212532
2023-03-02 22:00:00,104.9181012911189
2023-03-02 23:00:00,104.88643254584176
2023-03-03 00:00:00,104.87381257705881
2023-03-03 01:00:00,104.86602915452171
2023-03-03 02:00:00,104.72382047916133
2023-03-03 03:00:00,104.82386189647023
2023-03-03 04:00:00,104.72289753629342
2023-03-03 05:00:00,104.76270720269068
2023-03-03 06:00:00,104.7247794664993
2023-03-03 07:00:00,104.72309824231763
2023-03-03 08:00:00,104.77585587074445
2023-03-03 09:00:00,104.67196646624436
2023-03-03 10:00:00,104.75478655087709
2023-03-03 11:00:00,104.91256650608285
2023-03-03 12:00:00,104.73975167595867
2023-03-03 13:00:00,104.66167513382685
2023-03-03 14:00:00,104.64914411466435
2023-03-03 15:00:00,104.52432953118452
2023-03-03 16:00:00,104.52105049974263
2023-03-03 17:00:00,104.52744891104304
2023-03-05 18:00:00,104.59384752244851
2023-03-05 19:00:00,104.63358787867584
2023-03-05 20:00:00,104.60844413984617
2023-03-05 21:00:00,104.53044437651899
2023-03-05 22:00:00,104.45420662487982
2023-03-05 23:00:00,104.42008171729367
2023-03-06 00:00:00,104.47500175052959
2023-03-06 01:00:00,104.45074246968734
2023-03-06 02:00:00,104.47786510796398
2023-03-06 03:00:00,104.41675914037596
2023-03-06 04:00:00,104.50077313761896
2023-03-06 05:00:00,104.61186156163372
2023-03-06 06:00:00,104.63381670091972
2023-03-06 07:00:00,104.61226955962653
2023-03-06 08:00:00,104.56526484889557
2023-03-06 09:00:00,104.46685140172565
2023-03-06 10:00:00,104.37422302844654
2023-03-06 11:00:00,104.30339792948376
2023-03-06 12:00:00,104.17987926465487
2023-03-06 13:00:00,104.24029089575207
2023-03-06 14:00:00,104.35370229018729
2023-03-06 15:00:00,104.34979514408396
2023-03-06 16:00:00,104.32712986168492
2023-03-06 17:00:00,104.26444516587591
2023-03-06 18:00:00,104.27831650074087
2023-03-06 19:00:00,104.26400948423378
2023-03-06 20:00:00,104.31690957528848
2023-03-06 21:00:00,104.23686245154538
2023-03-06 22:00:00,104.2210434117755
2023-03-06 23:00:00,104.19185670662912
2023-03-07 00:00:00,104.20528349726469
2023-03-07 01:00:00,104.2480284886828
2023-03-07 02:00:00,104.29895562124113
2023-03-07 03:00:00,104.20899107474258
2023-03-07 04:00:00,104.3057790203976
2023-03-07 05:00:00,104.46418597469919
2023-03-07 06:00:00,104.45639138154306
2023-03-07 07:00:00,104.52546114289541
2023-03-07 08:00:00,104.4532212452594
2023-03-07 09:00:00,104.56949686179722
2023-03-07 10:00:00,104.646477241345
2023-03-07 11:00:00,105.27638218854361
2023-03-07 12:00:00,105.41024441364186
2023-03-07 13:00:00,105.44316403778271
2023-03-07 14:00:00,105.56519324376832
2023-03-07 15:00:00,105.61234542502886
2023-03-07 16:00:00,105.6134447521783
2023-03-07 17:00:00,105.62942517184045
2023-03-07 18:00:00,105.59471428254335
2023-03-07 19:00:00,105.65558430223925
2023-03-07 20:00:00,105.62407625611452
2023-03-07 21:00:00,105.67312238639225
2023-03-07 22:00:00,105.81826957645687
2023-03-07 23:00:00,105.85046936095203
2023-03-08 00:00:00,105.80325533571327
2023-03-08 01:00:00,105.81860553484206
2023-03-08 02:00:00,105.73605495703538
2023-03-08 03:00:00,105.71426200233262
2023-03-08 04:00:00,105.74011525652895
2023-03-08 05:00:00,105.75142297788612
2023-03-08 06:00:00,105.70503377231161
2023-03-08 07:00:00,105.70656668940677
2023-03-08 08:00:00,105.6441699594115
2023-03-08 09:00:00,105.66102915880897
2023-03-08 10:00:00,105.51344388368767
2023-03-08 11:00:00,105.56424693306995
2023-03-08 12:00:00,105.63380822392794
2023-03-08 13:00:00,105.6705530626765
2023-03-08 14:00:00,105.70241913433235
2023-03-08 15:00:00,105.66032600834986
2023-03-08 16:00:00,105.64382489885138
2023-03-08 17:00:00,105.7058134581606
2023-03-08 18:00:00,105.68241909018411
2023-03-08 19:00:00,105.63718501705895
2023-03-08 20:00:00,105.6332681322023
2023-03-08 21:00:00,105.70352033644683
2023-03-08 22:00:00,105.65897107886703
2023-03-08 23:00:00,105.61217975426563
2023-03-09 00:00:00,105.57084314290283
2023-03-09 01:00:00,105.56507644446845
2023-03-09 02:00:00,105.55256367708176
2023-03-09 03:00:00,105.53607328623048
2023-03-09 04:00:00,105.45954511932571
2023-03-09 05:00:00,105.43264317852652
2023-03-09 06:00:00,105.34944486154198
2023-03-09 07:00:00,105.33523836704956
2023-03-09 08:00:00,105.43626514126657
2023-03-09 09:00:00,105.27426903569983
2023-03-09 10:00:00,105.25357255315372
2023-03-09 11:00:00,105.32050174097033
2023-03-09 12:00:00,105.28133445563124
2023-03-09 13:00:00,105.26317064741912
2023-03-09 14:00:00,105.16585139144854
2023-03-09 15:00:00,105.31176462635251
2023-03-09 16:00:00,105.27110212010459
2023-03-09 17:00:00,105.2444303344248
2023-03-09 18:00:00,105.24363246803249
2023-03-09 19:00:00,105.25085932485328
2023-03-09 20:00:00,105.1058166710525
2023-03-09 21:00:00,105.14875786343475
2023-03-09 22:00:00,105.2650104346071
2023-03-09 23:00:00,105.19073512226036
2023-03-10 00:00:00,105.2051240555737
2023-03-10 01:00:00,105.27810703562261
2023-03-10 02:00:00,105.30179333618464
2023-03-10 03:00:00,105.15707739151438
2023-03-10 04:00:00,105.25242833964867
2023-03-10 05:00:00,105.25316769712644
2023-03-10 06:00:00,105.24612672905728
2023-03-10 07:00:00,105.18075130009555
2023-03-10 08:00:00,105.14368762187435
2023-03-10 09:00:00,104.86289417216433
2023-03-10 10:00:00,104.35749476372384
2023-03-10 11:00:00,104.13470392751874
2023-03-10 12:00:00,104.47932709557558
2023-03-10 13:00:00,104.35614894006245
2023-03-10 14:00:00,104.6032770490903
2023-03-10 15:00:00,104.5750336519447
2023-03-10 16:00:00,104.6358938168063
2023-03-10 17:00:00,104.64492942532034
2023-03-12 18:00:00,104.06530727909998
2023-03-12 19:00:00,104.12400271866771
2023-03-12 20:00:00,104.27688307881401
2023-03-12 21:00:00,104.20485472871496
2023-03-12 22:00:00,104.35561518852643
2023-03-12 23:00:00,103.73537399102172
2023-03-13 00:00:00,103.86641503585057
2023-03-13 01:00:00,103.881666410161
2023-03-13 02:00:00,103.90134993740027
2023-03-13 03:00:00,103.9306843533515
2023-03-13 04:00:00,103.88958033417234
2023-03-13 05:00:00,103.93977056442064
2023-03-13 06:00:00,104.16375810767936
2023-03-13 07:00:00,104.19597519137153
2023-03-13 08:00:00,104.19130636148971
2023-03-13 09:00:00,103.88934777068194
2023-03-13 10:00:00,103.90023980782016
2023-03-13 11:00:00,103.62702960047322
2023-03-13 12:00:00,103.58515451159852
2023-03-13 13:00:00,103.57379526127492
2023-03-13 14:00:00,103.57522951329517
2023-03-13 15:00:00,103.5891482407527
2023-03-13 16:00:00,103.63927931096589
2023-03-13 17:00:00,103.62259125314675
2023-03-13 18:00:00,103.62718249605199
2023-03-13 19:00:00,103.65202433926436
2023-03-13 20:00:00,103.6832742991038
2023-03-13 21:00:00,103.72697221789721
2023-03-13 22:00:00,103.85332245566296
2023-03-13 23:00:00,103.90469186982207
2023-03-14 00:00:00,103.88712981263241
2023-03-14 01:00:00,103.89333789985767
2023-03-14 02:00:00,103.85413832897576
2023-03-14 03:00:00,103.88057244061474
2023-03-14 04:00:00,103.92600590682446
2023-03-14 05:00:00,103.86365474608465
2023-03-14 06:00:00,103.8671179610821
2023-03-14 07:00:00,103.77553739560587
2023-03-14 08:00:00,103.74918671643768
2023-03-14 09:00:00,103.59199715183453
2023-03-14 10:00:00,103.8638653278709
2023-03-14 11:00:00,103.79739616543074
2023-03-14 12:00:00,103.75343053851833
2023-03-14 13:00:00,103.78294901686195
2023-03-14 14:00:00,103.67324292643826
2023-03-14 15:00:00,103.58732003651492
2023-03-14 16:00:00,103.57573754791001
2023-03-14 17:00:00,103.66232019602533
2023-03-14 18:00:00,103.67775812036612
2023-03-14 19:00:00,103.67739807327828
2023-03-14 20:00:00,103.73738706278372
2023-03-14 21:00:00,103.69245197682363
2023-03-14 22:00:00,103.6331893520797
2023-03-14 23:00:00,103.48373409609277
2023-03-15 00:00:00,103.53643685954968
2023-03-15 01:00:00,103.61572742152481
2023-03-15 02:00:00,103.68650023252764
2023-03-15 03:00:00,103.70704057383867
2023-03-15 04:00:00,103.69679109100603
2023-03-15 05:00:00,103.70365593214396
2023-03-15 06:00:00,104.07221746879395
2023-03-15 07:00:00,104.39535777567235
2023-03-15 08:00:00,104.63901889128985
2023-03-15 09:00:00,104.71396233149518
2023-03-15 10:00:00,104.84206585186735
2023-03-15 11:00:00,104.83676990938704
2023-03-15 12:00:00,104.96327928929985
2023-03-15 13:00:00,104.94249267402326
2023-03-15 14:00:00,104.83682062738126
2023-03-15 15:00:00,104.65050877378853
2023-03-15 16:00:00,104.69183738841932
2023-03-15 17:00:00,104.76463905524876
2023-03-15 18:00:00,104.73471556665856
2023-03-15 19:00:00,104.72813453946183
2023-03-15 20:00:00,104.65484319175144
2023-03-15 21:00:00,104.62355419810748
2023-03-15 22:00:00,104.5822198702498
2023-03-15 23:00:00,104.5743319169507
2023-03-16 00:00:00,104.51411508736132
2023-03-16 01:00:00,104.4871615898099
2023-03-16 02:00:00,104.4611760937456
2023-03-16 03:00:00,104.47332898689315
2023-03-16 04:00:00,104.32901699975812
2023-03-16 05:00:00,104.40377082163876
2023-03-16 06:00:00,104.38841480277739
2023-03-16 07:00:00,104.43545009295576
2023-03-16 08:00:00,104.40054169719937
2023-03-16 09:00:00,104.51196472603327
2023-03-16 10:00:00,104.39215850589729
2023-03-16 11:00:00,104.43887360366361
2023-03-16 12:00:00,104.34732567603548
2023-03-16 13:00:00,104.38774663524903
2023-03-16 14:00:00,104.57990066861049
2023-03-16 15:00:00,104.42068002352315
2023-03-16 16:00:00,104.39939554993008
2023-03-16 17:00:00,104.45000460565609
2023-03-16 18:00:00,104.42874976821284
2023-03-16 19:00:00,104.42419621127354
2023-03-16 20:00:00,104.39588585523569
2023-03-16 21:00:00,104.38062662733078
2023-03-16 22:00:00,104.28066412895784
2023-03-16 23:00:00,104.21050004444226
2023-03-17 00:00:00,104.15447008266919
2023-03-17 01:00:00,104.06236121237103
2023-03-17 02:00:00,104.0602824033902
2023-03-17 03:00:00,103.95183826474377
2023-03-17 04:00:00,103.96482406233218
2023-03-17 05:00:00,104.08636063777273
2023-03-17 06:00:00,104.1201238921019
2023-03-17 07:00:00,104.21551271993141
2023-03-17 08:00:00,104.19304591138079
2023-03-17 09:00:00,104.19626855032571
2023-03-17 10:00:00,104.20745602488701
2023-03-17 11:00:00,104.12496519292141
2023-03-17 12:00:00,104.0545018328983
2023-03-17 13:00:00,103.90122392068291
2023-03-17 14:00:00,103.83255071311568
2023-03-17 15:00:00,103.7191142726607
2023-03-17 16:00:00,103.91749806804866
2023-03-17 17:00:00,103.8648482919982
2023-03-19 18:00:00,103.7021920809658
2023-03-19 19:00:00,103.85535409156324
2023-03-19 20:00:00,103.80738051830485
2023-03-19 21:00:00,103.81420709352224
2023-03-19 22:00:00,103.85021860025549
2023-03-19 23:00:00,103.79828225223059
2023-03-20 00:00:00,103.85978476230575
2023-03-20 01:00:00,103.82459502388463
2023-03-20 02:00:00,103.75430541758332
2023-03-20 03:00:00,103.82217719856335
2023-03-20 04:00:00,103.83690233221093
2023-03-20 05:00:00,103.74937374330322
2023-03-20 06:00:00,103.73167118430449
2023-03-20 07:00:00,103.55285647028003
2023-03-20 08:00:00,103.447797035752
2023-03-20 09:00:00,103.49295140088402
2023-03-20 10:00:00,103.33570528773932
2023-03-20 11:00:00,103.33619839700759
2023-03-20 12:00:00,103.36788230405084
2023-03-20 13:00:00,103.32183842871531
2023-03-20 14:00:00,103.38845622541572
2023-03-20 15:00:00,103.28093589369233
2023-03-20 16:00:00,103.30456998806743
2023-03-20 17:00:00,103.29123918868639
2023-03-20 18:00:00,103.30765947699815
2023-03-20 19:00:00,103.30769846798738
2023-03-20 20:00:00,103.34265264754313
2023-03-20 21:00:00,103.32560679531865
2023-03-20 22:00:00,103.34570409734253
2023-03-20 23:00:00,103.31294124759482
2023-03-21 00:00:00,103.35976018712748
2023-03-21 01:00:00,103.40080873685456
2023-03-21 02:00:00,103.37857783440474
2023-03-21 03:00:00,103.48891458703217
2023-03-21 04:00:00,103.43883640798892
2023-03-21 05:00:00,103.39711608280976
2023-03-21 06:00:00,103.26821794085964
2023-03-21 07:00:00,103.15824533151819
2023-03-21 08:00:00,103.07000200142399
2023-03-21 09:00:00,103.0438095170075
2023-03-21 10:00:00,103.08888782877979
2023-03-21 11:00:00,103.11945147710178
2023-03-21 12:00:00,103.24597541905395
2023-03-21 13:00:00,103.26492245174035
2023-03-21 14:00:00,103.27579654206889
2023-03-21 15:00:00,103.26116042756303
2023-03-21 16:00:00,103.21829178973707
2023-03-21 17:00:00,103.2126034845031
2023-03-21 18:00:00,103.22107123818657
2023-03-21 19:00:00,103.19526056176481
2023-03-21 20:00:00,103.17921586324272
2023-03-21 21:00:00,103.22787324006532
2023-03-21 22:00:00,103.20519788828692
2023-03-21 23:00:00,103.19866678917454
2023-03-22 00:00:00,103.18527083456289
2023-03-22 01:00:00,103.20041144580367
2023-03-22 02:00:00,103.1745117433099
2023-03-22 03:00:00,103.2003363070496
2023-03-22 04:00:00,103.21323365087925
2023-03-22 05:00:00,103.09874749322104
2023-03-22 06:00:00,103.04716908887245
2023-03-22 07:00:00,103.03776032443679
2023-03-22 08:00:00,103.05151798818845
2023-03-22 09:00:00,103.12820097384561
2023-03-22 10:00:00,103.17423259562193
2023-03-22 11:00:00,103.05378495975692
2023-03-22 12:00:00,103.12090157821119
2023-03-22 13:00:00,103.06184660281731
2023-03-22 14:00:00,103.06709885112501
2023-03-22 15:00:00,102.34626148333287
2023-03-22 16:00:00,102.47882966552555
2023-03-22 17:00:00,102.57055863167682
2023-03-22 18:00:00,102.53765440887764
2023-03-22 19:00:00,102.55508487459014
2023-03-22 20:00:00,102.44141739427388
2023-03-22 21:00:00,102.29839608140395
2023-03-22 22:00:00,102.28950437652395
2023-03-22 23:00:00,102.15212225925706
2023-03-23 00:00:00,102.11730464143224
2023-03-23 01:00:00,102.0989118801658
2023-03-23 02:00:00,102.10109456784485
2023-03-23 03:00:00,102.0441298825175
2023-03-23 04:00:00,102.11802331140363
2023-03-23 05:00:00,102.16688330956504
2023-03-23 06:00:00,102.25799864816075
2023-03-23 07:00:00,102.37089731931677
2023-03-23 08:00:00,102.35973473061968
2023-03-23 09:00:00,102.43254507047513
2023-03-23 10:00:00,102.24478479291601
2023-03-23 11:00:00,102.21009817449948
2023-03-23 12:00:00,102.19787556433546
2023-03-23 13:00:00,102.14283859139354
2023-03-23 14:00:00,102.34929302769545
2023-03-23 15:00:00,102.53257047462661
2023-03-23 16:00:00,102.52571134201187
2023-03-23 17:00:00,102.61162624148497
2023-03-23 18:00:00,102.5922532529091
2023-03-23 19:00:00,102.61829514175423
2023-03-23 20:00:00,102.60523220800425
2023-03-23 21:00:00,102.57705582554097
2023-03-23 22:00:00,102.6611156542136
2023-03-23 23:00:00,102.66966135453265
2023-03-24 00:00:00,102.57979632104784
2023-03-24 01:00:00,102.51455700439587
2023-03-24 02:00:00,102.5257494069272
2023-03-24 03:00:00,102.62886204044173
2023-03-24 04:00:00,102.59149395698437
2023-03-24 05:00:00,102.90312992542644
2023-03-24 06:00:00,103.23691998850857
2023-03-24 07:00:00,103.26903505409392
2023-03-24 08:00:00,103.20952876808363
2023-03-24 09:00:00,103.16481377942841
2023-03-24 10:00:00,103.15467266009205
2023-03-24 11:00:00,103.17244462798519
2023-03-24 12:00:00,103.11715140027943
2023-03-24 13:00:00,103.14482654599641
2023-03-24 14:00:00,103.10216613340063
2023-03-24 15:00:00,103.11396994222625
2023-03-24 16:00:00,103.1228905230058
2023-03-24 17:00:00,103.12008078753097
2023-03-26 18:00:00,103.06016800234372
2023-03-26 19:00:00,102.99558568331649
2023-03-26 20:00:00,102.99861093187202
2023-03-26 21:00:00,103.10935252698448
2023-03-26 22:00:00,103.11711871926387
2023-03-26 23:00:00,103.03835750611674
2023-03-27 00:00:00,103.0035308554104
2023-03-27 01:00:00,103.04961977391898
2023-03-27 02:00:00,103.09176164515202
2023-03-27 03:00:00,103.10880844550408
2023-03-27 04:00:00,103.16494032993553
2023-03-27 05:00:00,103.0457942705726
2023-03-27 06:00:00,103.11365416932671
2023-03-27 07:00:00,103.0955741808024
2023-03-27 08:00:00,103.05304272649066
2023-03-27 09:00:00,103.09728346647618
2023-03-27 10:00:00,102.95867072957635
2023-03-27 11:00:00,102.9816290482118
2023-03-27 12:00:00,102.9332713620115
2023-03-27 13:00:00,102.90606135091261
2023-03-27 14:00:00,102.89416951567551
2023-03-27 15:00:00,102.85452775395089
2023-03-27 16:00:00,102.85323618649548
2023-03-27 17:00:00,102.83817648681985
2023-03-27 18:00:00,102.85271995980813
2023-03-27 19:00:00,102.82892085815138
2023-03-27 20:00:00,102.74860783706808
2023-03-27 21:00:00,102.62207836700276
2023-03-27 22:00:00,102.61659058751371
2023-03-27 23:00:00,102.61039591337948
2023-03-28 00:00:00,102.58656105734677
2023-03-28 01:00:00,102.61367937802639
2023-03-28 02:00:00,102.62966790273352
2023-03-28 03:00:00,102.67098870803146
2023-03-28 04:00:00,102.63352829175173
2023-03-28 05:00:00,102.72183687050487
2023-03-28 06:00:00,102.69715775735737
2023-03-28 07:00:00,102.62560940512934
2023-03-28 08:00:00,102.5534927751824
2023-03-28 09:00:00,102.49491782039777
2023-03-28 10:00:00,102.62651813899286
2023-03-28 11:00:00,102.54953212561368
2023-03-28 12:00:00,102.46013255682246
2023-03-28 13:00:00,102.44854833226928
2023-03-28 14:00:00,102.45670968006569
2023-03-28 15:00:00,102.43366757269152
2023-03-28 16:00:00,102.39799542005994
2023-03-28 17:00:00,102.4275695060321
2023-03-28 18:00:00,102.44868080581824
2023-03-28 19:00:00,102.45595844108172
2023-03-28 20:00:00,102.49049171056961
2023-03-28 21:00:00,102.45962241918055
2023-03-28 22:00:00,102.49926832769465
2023-03-28 23:00:00,102.57762068917444
2023-03-29 00:00:00,102.58349433461035
2023-03-29 01:00:00,102.57473587287667
2023-03-29 02:00:00,102.65332549409841
2023-03-29 03:00:00,102.70182243204042
2023-03-29 04:00:00,102.62812196231927
2023-03-29 05:00:00,102.65732603452692
2023-03-29 06:00:00,102.4103153638609
2023-03-29 07:00:00,102.47048156671663
2023-03-29 08:00:00,102.51469908413762
2023-03-29 09:00:00,102.57469172582796
2023-03-29 10:00:00,102.60074583177877
2023-03-29 11:00:00,102.71827954209739
2023-03-29 12:00:00,102.76804985377254
2023-03-29 13:00:00,102.7567842787022
2023-03-29 14:00:00,102.61566616941357
2023-03-29 15:00:00,102.64154076996982
2023-03-29 16:00:00,102.68731019599804
2023-03-29 17:00:00,102.64314683026726
2023-03-29 18:00:00,102.66269584212307
2023-03-29 19:00:00,102.6309318854441
2023-03-29 20:00:00,102.64187809818367
2023-03-29 21:00:00,102.69056184081798
2023-03-29 22:00:00,102.73642239942097
2023-03-29 23:00:00,102.7488349923189
2023-03-30 00:00:00,102.72819158003855
2023-03-30 01:00:00,102.6654403017645
2023-03-30 02:00:00,102.61068218919485
2023-03-30 03:00:00,102.57154484034741
2023-03-30 04:00:00,102.50516149625422
2023-03-30 05:00:00,102.39747299414562
2023-03-30 06:00:00,102.50932559464242
2023-03-30 07:00:00,102.39140987460759
2023-03-30 08:00:00,102.378374700531
2023-03-30 09:00:00,102.1755061708069
2023-03-30 10:00:00,102.11320297472103
2023-03-30 11:00:00,102.14301610507178
2023-03-30 12:00:00,102.24786256550084
2023-03-30 13:00:00,102.15186034883844
2023-03-30 14:00:00,102.19885878676583
2023-03-30 15:00:00,102.14315387387748
2023-03-30 16:00:00,102.15841816114556
2023-03-30 17:00:00,102.16526243264249
2023-03-30 18:00:00,102.16474108951778
2023-03-30 19:00:00,102.20901587152665
2023-03-30 20:00:00,102.2315969564056
2023-03-30 21:00:00,102.1556082227384
2023-03-30 22:00:00,102.17903434028658
2023-03-30 23:00:00,102.1650740608794
2023-03-31 00:00:00,102.15967910588206
2023-03-31 01:00:00,102.1871512653913
2023-03-31 02:00:00,102.27449077140471
2023-03-31 03:00:00,102.22476206503653
2023-03-31 04:00:00,102.38112765280115
2023-03-31 05:00:00,102.3862235255188
2023-03-31 06:00:00,102.41123053748503
2023-03-31 07:00:00,102.48462182352762
2023-03-31 08:00:00,102.48401605277294
2023-03-31 09:00:00,102.32685924563428
2023-03-31 10:00:00,102.28257991691112
2023-03-31 11:00:00,102.45665860948758
2023-03-31 12:00:00,102.37284035411085
2023-03-31 13:00:00,102.40992259505649
2023-03-31 14:00:00,102.55463589870048
2023-03-31 15:00:00,102.50701971768189
2023-03-31 16:00:00,102.55993469857847
2023-03-31 17:00:00,102.5967852563245
2023-04-02 18:00:00,102.64312549740517
2023-04-02 19:00:00,102.78965821455287
2023-04-02 20:00:00,102.93236759409785
2023-04-02 21:00:00,102.809688124958
2023-04-02 22:00:00,102.86576896291922
2023-04-02 23:00:00,102.98767822721966
2023-04-03 00:00:00,103.03798048908214
2023-04-03 01:00:00,103.02482591504604
2023-04-03 02:00:00,103.0183272360669
2023-04-03 03:00:00,102.88544004129562
2023-04-03 04:00:00,102.6939334756335
2023-04-03 05:00:00,102.65036809941564
2023-04-03 06:00:00,102.5690892004849
2023-04-03 07:00:00,102.42610199430247
2023-04-03 08:00:00,102.30574703577226
2023-04-03 09:00:00,102.4196685462418
2023-04-03 10:00:00,102.25580654461412
2023-04-03 11:00:00,102.18366280417972
2023-04-03 12:00:00,102.15151808508712
2023-04-03 13:00:00,102.17058247311112
2023-04-03 14:00:00,102.18061532610766
2023-04-03 15:00:00,102.09401942918896
2023-04-03 16:00:00,102.03694119894529
2023-04-03 17:00:00,102.06662020040326
2023-04-03 18:00:00,102.0753208457907
2023-04-03 19:00:00,102.05750000002749
2023-04-03 20:00:00,102.03549807437629
2023-04-03 21:00:00,102.0977957009152
2023-04-03 22:00:00,102.18581341602537
2023-04-03 23:00:00,102.18999226191804
2023-04-04 00:00:00,102.21401499671627
2023-04-04 01:00:00,102.1595188653825
2023-04-04 02:00:00,102.24182357201875
2023-04-04 03:00:00,102.06274820767092
2023-04-04 04:00:00,101.89613955145708
2023-04-04 05:00:00,101.96818550206484
2023-04-04 06:00:00,101.82755480015217
2023-04-04 07:00:00,101.90093438296513
2023-04-04 08:00:00,102.08089916216423
2023-04-04 09:00:00,102.13831017328722
2023-04-04 10:00:00,102.00915899362175
2023-04-04 11:00:00,101.48875909380808
2023-04-04 12:00:00,101.60333390619084
2023-04-04 13:00:00,101.63032538373386
2023-04-04 14:00:00,101.63178759064185
2023-04-04 15:00:00,101.5854557373524
2023-04-04 16:00:00,101.55807993161422
2023-04-04 17:00:00,101.56621108845216
2023-04-04 18:00:00,101.57634670977508
2023-04-04 19:00:00,101.55594844355558
2023-04-04 20:00:00,101.52786605760087
2023-04-04 21:00:00,101.53579108756018
2023-04-04 22:00:00,101.55313305776906
2023-04-04 23:00:00,101.54185381652806
2023-04-05 00:00:00,101.55482604082576
2023-04-05 01:00:00,101.59314249176616
2023-04-05 02:00:00,101.54907755649435
2023-04-05 03:00:00,101.61156147233208
2023-04-05 04:00:00,101.60355820608189
2023-04-05 05:00:00,101.61355483678963
2023-04-05 06:00:00,101.64668291559667
2023-04-05 07:00:00,101.68528341652294
2023-04-05 08:00:00,101.68913410703689
2023-04-05 09:00:00,101.51515761822691
2023-04-05 10:00:00,101.63166681493591
2023-04-05 11:00:00,101.84115093334117
2023-04-05 12:00:00,101.79302160159348
2023-04-05 13:00:00,101.96198257930018
2023-04-05 14:00:00,101.90548776852924
2023-04-05 15:00:00,101.8522620364968
2023-04-05 16:00:00,101.92029181293017
2023-04-05 17:00:00,101.89429756591491
2023-04-05 18:00:00,101.88558483943947
2023-04-05 19:00:00,101.84679220528591
2023-04-05 20:00:00,101.87565205249993
2023-04-05 21:00:00,101.9747020038621
2023-04-05 22:00:00,101.9959293008023
2023-04-05 23:00:00,102.03784842470172
2023-04-06 00:00:00,102.00730276704182
2023-04-06 01:00:00,102.00042092478148
2023-04-06 02:00:00,101.99420615190053
2023-04-06 03:00:00,101.94574970880461
2023-04-06 04:00:00,101.89263374844545
2023-04-06 05:00:00,101.9510648083659
2023-04-06 06:00:00,101.89830804223149
2023-04-06 07:00:00,101.96324257048313
2023-04-06 08:00:00,101.8563993347479
2023-04-06 09:00:00,102.06419758632654
2023-04-06 10:00:00,102.0865923757721
2023-04-06 11:00:00,101.88979705615567
2023-04-06 12:00:00,101.84214412294315
2023-04-06 13:00:00,101.7836274868345
2023-04-06 14:00:00,101.79752981642861
2023-04-06 15:00:00,101.82015200960048
2023-04-06 16:00:00,101.88809023060259
2023-04-06 17:00:00,101.90767152790404
2023-04-06 18:00:00,101.91910673118329
2023-04-06 19:00:00,101.9439693323929
2023-04-06 20:00:00,101.91104955465333
2023-04-06 21:00:00,101.94126089801154
2023-04-06 22:00:00,101.90855793557161
2023-04-06 23:00:00,101.90016504801119
2023-04-07 00:00:00,101.9026339974285
2023-04-07 01:00:00,101.92922176835238
2023-04-07 02:00:00,101.92341211754145
2023-04-07 03:00:00,101.93606140753894
2023-04-07 04:00:00,101.95343592157181
2023-04-07 05:00:00,101.95584455941007
2023-04-07 06:00:00,101.95186343421764
2023-04-07 07:00:00,101.88455449220949
2023-04-07 08:00:00,101.9314593723092
2023-04-07 09:00:00,102.0902386375742
2023-04-07 10:00:00,102.14401810917303
2023-04-07 11:00:00,102.00873498156216
2023-04-07 12:00:00,102.05179280395785
2023-04-07 13:00:00,102.06105238624527
2023-04-07 14:00:00,102.0837659551183
2023-04-07 15:00:00,102.09204912346637
2023-04-07 16:00:00,102.09417802144984
2023-04-07 17:00:00,102.12066982914912
2023-04-09 18:00:00,102.10317478429239
2023-04-09 19:00:00,102.03195917882505
2023-04-09 20:00:00,102.02216791349635
2023-04-09 21:00:00,102.15309929125824
2023-04-09 22:00:00,102.17560589852494
2023-04-09 23:00:00,102.19023349018705
2023-04-10 00:00:00,102.1980239575997
2023-04-10 01:00:00,102.21607457655162
2023-04-10 02:00:00,102.18564611072284
2023-04-10 03:00:00,102.12546454716214
2023-04-10 04:00:00,101.99651555126607
2023-04-10 05:00:00,102.02658932243672
2023-04-10 06:00:00,102.05962433870053
2023-04-10 07:00:00,102.07291667666651
2023-04-10 08:00:00,102.25812543322941
2023-04-10 09:00:00,102.65204972101952
2023-04-10 10:00:00,102.74386554364075
2023-04-10 11:00:00,102.77071123986431
2023-04-10 12:00:00,102.75251989080287
2023-04-10 13:00:00,102.66892409940631
2023-04-10 14:00:00,102.60205716904686
2023-04-10 15:00:00,102.57607830932231
2023-04-10 16:00:00,102.53496106595212
2023-04-10 17:00:00,102.5520529947476
2023-04-10 18:00:00,102.55247621432778
2023-04-10 19:00:00,102.51282615637311
2023-04-10 20:00:00,102.4784555153755
2023-04-10 21:00:00,102.40859740237266
2023-04-10 22:00:00,102.4155663544757
2023-04-10 23:00:00,102.36436570589368
2023-04-11 00:00:00,102.37468672617594
2023-04-11 01:00:00,102.36989468680032
2023-04-11 02:00:00,102.27032883032314
2023-04-11 03:00:00,102.35822179232355
2023-04-11 04:00:00,102.22962515526484
2023-04-11 05:00:00,102.14326306012053
2023-04-11 06:00:00,102.11025569381654
2023-04-11 07:00:00,102.04014830089966
2023-04-11 08:00:00,102.19936685275057
2023-04-11 09:00:00,102.13263271115753
2023-04-11 10:00:00,102.07997529605696
2023-04-11 11:00:00,102.15637397022707
2023-04-11 12:00:00,102.2307948169002
2023-04-11 13:00:00,102.27816996592576
2023-04-11 14:00:00,102.17737815085773
2023-04-11 15:00:00,102.20274095528501
2023-04-11 16:00:00,102.1494234645527
2023-04-11 17:00:00,102.15241611333164
2023-04-11 18:00:00,102.15675330019492
2023-04-11 19:00:00,102.11427624324611
2023-04-11 20:00:00,102.1201546154177
2023-04-11 21:00:00,102.07300478441533
2023-04-11 22:00:00,102.04899847968802
2023-04-11 23:00:00,102.12901589844306
2023-04-12 00:00:00,102.09237382079577
2023-04-12 01:00:00,102.06681550656687
2023-04-12 02:00:00,102.00115794906317
2023-04-12 03:00:00,102.04495826973961
2023-04-12 04:00:00,102.06759753244951
2023-04-12 05:00:00,102.09533720422027
2023-04-12 06:00:00,102.05824875720263
2023-04-12 07:00:00,102.0882060415211
2023-04-12 08:00:00,102.10879994642784
2023-04-12 09:00:00,101.71572870047052
2023-04-12 10:00:00,101.65868898692943
2023-04-12 11:00:00,101.66088580955912
2023-04-12 12:00:00,101.5886893611655
2023-04-12 13:00:00,101.49628378917173
2023-04-12 14:00:00,101.52967176785374
2023-04-12 15:00:00,101.50023926240775
2023-04-12 16:00:00,101.55560815116951
2023-04-12 17:00:00,101.54237526671126
2023-04-12 18:00:00,101.52443931453777
2023-04-12 19:00:00,101.4945252790116
2023-04-12 20:00:00,101.48357898780188
2023-04-12 21:00:00,101.45918748210892
2023-04-12 22:00:00,101.49468385393435
2023-04-12 23:00:00,101.51845802669722
2023-04-13 00:00:00,101.5554039922086
2023-04-13 01:00:00,101.53995012655245
2023-04-13 02:00:00,101.58905269784053
2023-04-13 03:00:00,101.56979433565523
2023-04-13 04:00:00,101.43272475902543
2023-04-13 05:00:00,101.33201612637593
2023-04-13 06:00:00,101.27818853619746
2023-04-13 07:00:00,101.33673526889096
2023-04-13 08:00:00,101.38484868192288
2023-04-13 09:00:00,101.02257330208575
2023-04-13 10:00:00,100.88607843376734
2023-04-13 11:00:00,101.0356312594019
2023-04-13 12:00:00,100.9473201903187
2023-04-13 13:00:00,100.93069412152944
2023-04-13 14:00:00,100.96280137510882
2023-04-13 15:00:00,101.00850621552111
2023-04-13 16:00:00,101.0231370318852
2023-04-13 17:00:00,101.01104992835221
2023-04-13 18:00:00,101.0145749845331
2023-04-13 19:00:00,101.00965648126179
2023-04-13 20:00:00,100.97390760771037
2023-04-13 21:00:00,100.96759728793614
2023-04-13 22:00:00,100.87390331303534
2023-04-13 23:00:00,100.82577019667987
2023-04-14 00:00:00,100.82208314187488
2023-04-14 01:00:00,100.84109360500318
2023-04-14 02:00:00,100.8059207807009
2023-04-14 03:00:00,100.86138756171857
2023-04-14 04:00:00,100.84670513957018
2023-04-14 05:00:00,100.9411408355028
2023-04-14 06:00:00,100.90262500612135
2023-04-14 07:00:00,100.92301867005065
2023-04-14 08:00:00,100.99589893744819
2023-04-14 09:00:00,101.17319696760899
2023-04-14 10:00:00,101.20217377758867
2023-04-14 11:00:00,101.44869052307989
2023-04-14 12:00:00,101.67816034319931
2023-04-14 13:00:00,101.7096437309832
2023-04-14 14:00:00,101.64307450157088
2023-04-14 15:00:00,101.55115135623734
2023-04-14 16:00:00,101.56733022553496
2023-04-14 17:00:00,101.57418864971324
2023-04-16 18:00:00,101.59262248281799
2023-04-16 19:00:00,101.64151854080194
2023-04-16 20:00:00,101.67717822106918
2023-04-16 21:00:00,101.74575804285399
2023-04-16 22:00:00,101.75331257157993
2023-04-16 23:00:00,101.66527214775363
2023-04-17 00:00:00,101.7112707138077
2023-04-17 01:00:00,101.6605883853839
2023-04-17 02:00:00,101.61260394899821
2023-04-17 03:00:00,101.62529185066163
2023-04-17 04:00:00,101.60990280582286
2023-04-17 05:00:00,101.80511352257916
2023-04-17 06:00:00,101.70167270737714
2023-04-17 07:00:00,101.67614672889337
2023-04-17 08:00:00,101.6653652480898
2023-04-17 09:00:00,101.8544716019037
2023-04-17 10:00:00,102.04385413930909
2023-04-17 11:00:00,102.1991850489074
2023-04-17 12:00:00,102.21474281799908
2023-04-17 13:00:00,102.2184373880828
2023-04-17 14:00:00,102.13830954190402
2023-04-17 15:00:00,102.10787007816536
2023-04-17 16:00:00,102.06998140167224
2023-04-17 17:00:00,102.09946034141262
2023-04-17 18:00:00,102.0937043205354
2023-04-17 19:00:00,102.11420707646623
2023-04-17 20:00:00,102.11579017690157
2023-04-17 21:00:00,102.10278095827083
2023-04-17 22:00:00,102.05902677558763
2023-04-17 23:00:00,102.04726671440856
2023-04-18 00:00:00,102.03074463073867
2023-04-18 01:00:00,102.02469741892764
2023-04-18 02:00:00,101.96443080279721
2023-04-18 03:00:00,101.91086308956376
2023-04-18 04:00:00,101.74616526918221
2023-04-18 05:00:00,101.6587901784952
2023-04-18 06:00:00,101.69742133941502
2023-04-18 07:00:00,101.67584293587744
2023-04-18 08:00:00,101.72302889549564
2023-04-18 09:00:00,101.82243383206261
2023-04-18 10:00:00,101.83115549391603
2023-04-18 11:00:00,101.7836321619029
2023-04-18 12:00:00,101.84299266996375
2023-04-18 13:00:00,101.74674545833582
2023-04-18 14:00:00,101.76572287766382
2023-04-18 15:00:00,101.74537857749645
2023-04-18 16:00:00,101.75003480070853
2023-04-18 17:00:00,101.73057119245966
2023-04-18 18:00:00,101.73956712021257
2023-04-18 19:00:00,101.71923037737514
2023-04-18 20:00:00,101.72018410466181
2023-04-18 21:00:00,101.66680371892099
2023-04-18 22:00:00,101.7958719010113
2023-04-18 23:00:00,101.77014438429481
2023-04-19 00:00:00,101.76341683668525
2023-04-19 01:00:00,101.80292199905863
2023-04-19 02:00:00,101.87575870135281
2023-04-19 03:00:00,101.8838542492367
2023-04-19 04:00:00,101.84905361148466
2023-04-19 05:00:00,101.94072414964947
2023-04-19 06:00:00,102.10857874795467
2023-04-19 07:00:00,102.09517018887816
2023-04-19 08:00:00,102.10242749345348
2023-04-19 09:00:00,101.9257073869078
2023-04-19 10:00:00,101.86363976547126
2023-04-19 11:00:00,101.90388118664423
2023-04-19 12:00:00,101.96862398180293
2023-04-19 13:00:00,101.85991848871028
2023-04-19 14:00:00,101.9430374564972
2023-04-19 15:00:00,101.9672818963859
2023-04-19 16:00:00,101.95824379053158
2023-04-19 17:00:00,101.95081268699244
2023-04-19 18:00:00,101.93562332290884
2023-04-19 19:00:00,101.97893470814063
2023-04-19 20:00:00,101.9901832397414
2023-04-19 21:00:00,101.97268900774398
2023-04-19 22:00:00,101.94242695224554
2023-04-19 23:00:00,101.98539780665718
2023-04-20 00:00:00,101.9459397730897
2023-04-20 01:00:00,101.95008441413424
2023-04-20 02:00:00,101.91706862033689
2023-04-20 03:00:00,101.85121948832973
2023-04-20 04:00:00,101.92744919607405
2023-04-20 05:00:00,101.85230815394615
2023-04-20 06:00:00,101.91219469393639
2023-04-20 07:00:00,101.83226206470113
2023-04-20 08:00:00,101.95975261146043
2023-04-20 09:00:00,101.74786007833899
2023-04-20 10:00:00,101.77311690606182
2023-04-20 11:00:00,101.69273286816639
2023-04-20 12:00:00,101.7769661282912
2023-04-20 13:00:00,101.79370092605865
2023-04-20 14:00:00,101.78650516481267
2023-04-20 15:00:00,101.8402467528735
2023-04-20 16:00:00,101.84710569365458
2023-04-20 17:00:00,101.78979993933359
2023-04-20 18:00:00,101.79725473480504
2023-04-20 19:00:00,101.79994985696048
2023-04-20 20:00:00,101.78572356974878
2023-04-20 21:00:00,101.78027761241684
2023-04-20 22:00:00,101.80205269645826
2023-04-20 23:00:00,101.80435940050015
2023-04-21 00:00:00,101.80977318372425
2023-04-21 01:00:00,101.84168459850527
2023-04-21 02:00:00,101.83558565325966
2023-04-21 03:00:00,102.00549691723312
2023-04-21 04:00:00,101.93563938701473
2023-04-21 05:00:00,101.88045960463452
2023-04-21 06:00:00,101.93466014515873
2023-04-21 07:00:00,101.87821945799018
2023-04-21 08:00:00,101.77064699004495
2023-04-21 09:00:00,101.69554773789174
2023-04-21 10:00:00,102.0094563862106
2023-04-21 11:00:00,101.8938306859022
2023-04-21 12:00:00,101.8542374462305
2023-04-21 13:00:00,101.79114719323111
2023-04-21 14:00:00,101.77575736781873
2023-04-21 15:00:00,101.82278488394815
2023-04-21 16:00:00,101.70544463718073
2023-04-21 17:00:00,101.72018155664395
2023-04-23 18:00:00,101.71653140358177
2023-04-23 19:00:00,101.68922915029522
2023-04-23 20:00:00,101.68503244940025
2023-04-23 21:00:00,101.66477316024661
2023-04-23 22:00:00,101.74156315401767
2023-04-23 23:00:00,101.8186075115153
2023-04-24 00:00:00,101.80658186106153
2023-04-24 01:00:00,101.81603090812513
2023-04-24 02:00:00,101.83436219965341
2023-04-24 03:00:00,101.84804506802487
2023-04-24 04:00:00,101.74391119182421
2023-04-24 05:00:00,101.59892165892995
2023-04-24 06:00:00,101.6909667404919
2023-04-24 07:00:00,101.59360187520097
2023-04-24 08:00:00,101.69151561831544
2023-04-24 09:00:00,101.53216615495064
2023-04-24 10:00:00,101.55370048805999
2023-04-24 11:00:00,101.48671109946754
2023-04-24 12:00:00,101.51811025108009
2023-04-24 13:00:00,101.45381720178513
2023-04-24 14:00:00,101.37779225477556
2023-04-24 15:00:00,101.35126456567396
2023-04-24 16:00:00,101.37177388795716
2023-04-24 17:00:00,101.35229477753025
2023-04-24 18:00:00,101.34340963223534
2023-04-24 19:00:00,101.2938711684321
2023-04-24 20:00:00,101.25019730809807
2023-04-24 21:00:00,101.26291416729872
2023-04-24 22:00:00,101.2755325389457
2023-04-24 23:00:00,101.31129633185914
2023-04-25 00:00:00,101.3261513668591
2023-04-25 01:00:00,101.33430238759304
2023-04-25 02:00:00,101.34370240031642
2023-04-25 03:00:00,101.35165885447715
2023-04-25 04:00:00,101.45763698724555
2023-04-25 05:00:00,101.39809753409672
2023-04-25 06:00:00,101.4260624904928
2023-04-25 07:00:00,101.53641876122721
2023-04-25 08:00:00,101.59979885607987
2023-04-25 09:00:00,101.56223975268698
2023-04-25 10:00:00,101.70955055503151
2023-04-25 11:00:00,101.85451018996126
2023-04-25 12:00:00,101.9285825182948
2023-04-25 13:00:00,101.91644258141291
2023-04-25 14:00:00,101.8880684065387
2023-04-25 15:00:00,101.86408380882007
2023-04-25 16:00:00,101.86731622033903
2023-04-25 17:00:00,101.84552903491577
2023-04-25 18:00:00,101.84323421177098
2023-04-25 19:00:00,101.81607240494317
2023-04-25 20:00:00,101.8182448858344
2023-04-25 21:00:00,101.8217196944975
2023-04-25 22:00:00,101.81439684158629
2023-04-25 23:00:00,101.81114382354525
2023-04-26 00:00:00,101.8236960372235
2023-04-26 01:00:00,101.77887341603697
2023-04-26 02:00:00,101.73354092957008
2023-04-26 03:00:00,101.61325670170197
2023-04-26 04:00:00,101.54043150564934
2023-04-26 05:00:00,101.39936485560949
2023-04-26 06:00:00,101.41882900076217
2023-04-26 07:00:00,101.35958932748191
2023-04-26 08:00:00,101.39156653255
2023-04-26 09:00:00,101.33616289827121
2023-04-26 10:00:00,101.08473343576813
2023-04-26 11:00:00,101.38206585571515
2023-04-26 12:00:00,101.35061974535179
2023-04-26 13:00:00,101.4451975619774
2023-04-26 14:00:00,101.4713198466143
2023-04-26 15:00:00,101.46441323807134
2023-04-26 16:00:00,101.47924963024163
2023-04-26 17:00:00,101.44522927775677
2023-04-26 18:00:00,101.43946645755283
2023-04-26 19:00:00,101.43499375591367
2023-04-26 20:00:00,101.3890133506018
2023-04-26 21:00:00,101.39763271652077
2023-04-26 22:00:00,101.40039828110994
2023-04-26 23:00:00,101.3506545696272
2023-04-27 00:00:00,101.41340811360169
2023-04-27 01:00:00,101.38078708995258
2023-04-27 02:00:00,101.30420271907855
2023-04-27 03:00:00,101.34333615912152
2023-04-27 04:00:00,101.41243821527148
2023-04-27 05:00:00,101.3945674218588
2023-04-27 06:00:00,101.4956088033646
2023-04-27 07:00:00,101.40468248605215
2023-04-27 08:00:00,101.44679079904292
2023-04-27 09:00:00,101.64773986767827
2023-04-27 10:00:00,101.66408534569608
2023-04-27 11:00:00,101.65084118893613
2023-04-27 12:00:00,101.61329803852696
2023-04-27 13:00:00,101.65558603745934
2023-04-27 14:00:00,101.53426582566972
2023-04-27 15:00:00,101.50294660021297
2023-04-27 16:00:00,101.50459473668528
2023-04-27 17:00:00,101.47656168838826
2023-04-27 18:00:00,101.48632969014916
2023-04-27 19:00:00,101.48877012908575
2023-04-27 20:00:00,101.45110591145465
2023-04-27 21:00:00,101.4584039523215
2023-04-27 22:00:00,101.51442121223988
2023-04-27 23:00:00,101.57128772323594
2023-04-28 00:00:00,101.52402010258989
2023-04-28 01:00:00,101.67506774827145
2023-04-28 02:00:00,101.7205162767572
2023-04-28 03:00:00,101.70697684917428
2023-04-28 04:00:00,101.80494066259308
2023-04-28 05:00:00,101.95924047245806
2023-04-28 06:00:00,102.03449402296292
2023-04-28 07:00:00,102.04202650090575
2023-04-28 08:00:00,102.0881512387514
2023-04-28 09:00:00,101.99014786070653
2023-04-28 10:00:00,101.87369806195511
2023-04-28 11:00:00,101.54678601136894
2023-04-28 12:00:00,101.49198769702583
2023-04-28 13:00:00,101.55556363541372
2023-04-28 14:00:00,101.60795951856458
2023-04-28 15:00:00,101.65822216336706
2023-04-28 16:00:00,101.64446225873183
2023-04-28 17:00:00,101.66969874830147
2023-04-30 18:00:00,101.63949267278441
2023-04-30 19:00:00,101.71302364449718
2023-04-30 20:00:00,101.73271542428591
2023-04-30 21:00:00,101.78440869365765
2023-04-30 22:00:00,101.79689655656364
2023-04-30 23:00:00,101.78797824007135
2023-05-01 00:00:00,101.74182727347625
2023-05-01 01:00:00,101.79480176628736
2023-05-01 02:00:00,101.80673856032683
2023-05-01 03:00:00,101.85669667661185
2023-05-01 04:00:00,101.81849185039408
2023-05-01 05:00:00,101.92637057865592
2023-05-01 06:00:00,101.85026506056462
2023-05-01 07:00:00,101.80159601056342
2023-05-01 08:00:00,101.81390317650327
2023-05-01 09:00:00,101.6412389223096
2023-05-01 10:00:00,101.7422475972649
2023-05-01 11:00:00,102.02290487180817
2023-05-01 12:00:00,102.13591160671226
2023-05-01 13:00:00,102.1495003496971
2023-05-01 14:00:00,102.11234003098947
2023-05-01 15:00:00,102.15387196093143
2023-05-01 16:00:00,102.13702167321729
2023-05-01 17:00:00,102.09990142545071
2023-05-01 18:00:00,102.1048312028333
2023-05-01 19:00:00,102.12053189627623
2023-05-01 20:00:00,102.17172915654015
2023-05-01 21:00:00,102.09417009764944
2023-05-01 22:00:00,102.02248543749275
2023-05-01 23:00:00,102.01829619305121
2023-05-02 00:00:00,102.05884561290766
2023-05-02 01:00:00,102.07078064503683
2023-05-02 02:00:00,102.06937662525118
2023-05-02 03:00:00,102.01004029877629
2023-05-02 04:00:00,102.07138186712022
2023-05-02 05:00:00,102.17897920194737
2023-05-02 06:00:00,102.2884287704855
2023-05-02 07:00:00,102.26411762950819
2023-05-02 08:00:00,102.16140276852357
2023-05-02 09:00:00,102.31310493623396
2023-05-02 10:00:00,102.39769042883302
2023-05-02 11:00:00,102.06863616316438
2023-05-02 12:00:00,101.95555197146825
2023-05-02 13:00:00,101.93281287039831
2023-05-02 14:00:00,101.9732563453353
2023-05-02 15:00:00,101.95245643787781
2023-05-02 16:00:00,101.90216943435465
2023-05-02 17:00:00,101.95308661536345
2023-05-02 18:00:00,101.93416848222388
2023-05-02 19:00:00,101.9056457575086
2023-05-02 20:00:00,101.86750083434654
2023-05-02 21:00:00,101.81594776770383
2023-05-02 22:00:00,101.73867711909833
2023-05-02 23:00:00,101.72110854080307
2023-05-03 00:00:00,101.68994581809017
2023-05-03 01:00:00,101.74505418003805
2023-05-03 02:00:00,101.74004438742902
2023-05-03 03:00:00,101.64604338999393
2023-05-03 04:00:00,101.6234630080932
2023-05-03 05:00:00,101.55858259044817
2023-05-03 06:00:00,101.54886003720428
2023-05-03 07:00:00,101.60745126221813
2023-05-03 08:00:00,101.56093962807762
2023-05-03 09:00:00,101.56923672119838
2023-05-03 10:00:00,101.60328262087904
2023-05-03 11:00:00,101.415884378648
2023-05-03 12:00:00,101.43696263889328
2023-05-03 13:00:00,101.43508568975936
2023-05-03 14:00:00,101.40956582351723
2023-05-03 15:00:00,101.3462054911459
2023-05-03 16:00:00,101.37076541383765
2023-05-03 17:00:00,101.28987438177094
2023-05-03 18:00:00,101.25274965828653
2023-05-03 19:00:00,101.23334642851195
2023-05-03 20:00:00,101.22768902712419
2023-05-03 21:00:00,101.16510341776207
2023-05-03 22:00:00,101.1117694675991
2023-05-03 23:00:00,101.07636132088098
2023-05-04 00:00:00,101.1015816442446
2023-05-04 01:00:00,101.10469639287567
2023-05-04 02:00:00,101.07289557994035
2023-05-04 03:00:00,101.14361399060748
2023-05-04 04:00:00,101.28285769404111
2023-05-04 05:00:00,101.40276845253595
2023-05-04 06:00:00,101.30112181155897
2023-05-04 07:00:00,101.25919470651361
2023-05-04 08:00:00,101.15068290883647
2023-05-04 09:00:00,101.59803194754915
2023-05-04 10:00:00,101.41392468021124
2023-05-04 11:00:00,101.50668951995172
2023-05-04 12:00:00,101.43145505548519
2023-05-04 13:00:00,101.28790395750704
2023-05-04 14:00:00,101.33697012065102
2023-05-04 15:00:00,101.3953869037364
2023-05-04 16:00:00,101.40723546166699
2023-05-04 17:00:00,101.43037989141372
2023-05-04 18:00:00,101.42387153365345
2023-05-04 19:00:00,101.3692008176815
2023-05-04 20:00:00,101.33994926613752
2023-05-04 21:00:00,101.3195878359598
2023-05-04 22:00:00,101.23925858193361
2023-05-04 23:00:00,101.27327699027269
2023-05-05 00:00:00,101.16210638334805
2023-05-05 01:00:00,101.1719145055506
2023-05-05 02:00:00,101.19447727803723
2023-05-05 03:00:00,101.1335040005333
2023-05-05 04:00:00,101.27571366832045
2023-05-05 05:00:00,101.2836610154804
2023-05-05 06:00:00,101.30107949764705
2023-05-05 07:00:00,101.2875613090062
2023-05-05 08:00:00,101.39807566116164
2023-05-05 09:00:00,101.69425659901981
2023-05-05 10:00:00,101.54295943631388
2023-05-05 11:00:00,101.4122740223796
2023-05-05 12:00:00,101.2647461412771
2023-05-05 13:00:00,101.18848623936371
2023-05-05 14:00:00,101.32703817778494
2023-05-05 15:00:00,101.21381688050155
2023-05-05 16:00:00,101.28465652323744
2023-05-05 17:00:00,101.27597667005496
2023-05-07 18:00:00,101.26054764985172
2023-05-07 19:00:00,101.32046305484349
2023-05-07 20:00:00,101.32702811192259
2023-05-07 21:00:00,101.25599935565126
2023-05-07 22:00:00,101.20494901389067
2023-05-07 23:00:00,101.19084676011995
2023-05-08 00:00:00,101.14473902509992
2023-05-08 01:00:00,101.0997334626863
2023-05-08 02:00:00,101.13274167092804
2023-05-08 03:00:00,101.06274424059303
2023-05-08 04:00:00,101.0968701909678
2023-05-08 05:00:00,101.16581715500337
2023-05-08 06:00:00,101.1637259714566
2023-05-08 07:00:00,101.06783811568287
2023-05-08 08:00:00,101.16986956283424
2023-05-08 09:00:00,101.13554452663837
2023-05-08 10:00:00,101.08432774455659
2023-05-08 11:00:00,101.27515970455751
2023-05-08 12:00:00,101.24464680575154
2023-05-08 13:00:00,101.1779363322879
2023-05-08 14:00:00,101.2780773797756
2023-05-08 15:00:00,101.3753626689656
2023-05-08 16:00:00,101.40536117399687
2023-05-08 17:00:00,101.3876212513234
2023-05-08 18:00:00,101.38071049778912
2023-05-08 19:00:00,101.39714042246
2023-05-08 20:00:00,101.43578058586306
2023-05-08 21:00:00,101.49247475178436
2023-05-08 22:00:00,101.48714776888625
2023-05-08 23:00:00,101.46487446711775
2023-05-09 00:00:00,101.4244468558016
2023-05-09 01:00:00,101.46225252946584
2023-05-09 02:00:00,101.42372699637805
2023-05-09 03:00:00,101.39885983477687
2023-05-09 04:00:00,101.53531901661444
2023-05-09 05:00:00,101.54216538537213
2023-05-09 06:00:00,101.47179085518432
2023-05-09 07:00:00,101.50303206565557
2023-05-09 08:00:00,101.64597815785015
2023-05-09 09:00:00,101.76759008617815
2023-05-09 10:00:00,101.65082917526335
2023-05-09 11:00:00,101.67838033777254
2023-05-09 12:00:00,101.7097263695076
2023-05-09 13:00:00,101.7073912887792
2023-05-09 14:00:00,101.61976756527854
2023-05-09 15:00:00,101.60423522397679
2023-05-09 16:00:00,101.64309251155149
2023-05-09 17:00:00,101.65552865454808
2023-05-09 18:00:00,101.68576600756376
2023-05-09 19:00:00,101.62262624186775
2023-05-09 20:00:00,101.62762305677532
2023-05-09 21:00:00,101.58304897167656
2023-05-09 22:00:00,101.5717613749018
2023-05-09 23:00:00,101.55846673604329
2023-05-10 00:00:00,101.54216300837105
2023-05-10 01:00:00,101.58505529797016
2023-05-10 02:00:00,101.63550077788211
2023-05-10 03:00:00,101.61263368505246
2023-05-10 04:00:00,101.63560079411972
2023-05-10 05:00:00,101.7181426908607
2023-05-10 06:00:00,101.6848754288529
2023-05-10 07:00:00,101.70808148978165
2023-05-10 08:00:00,101.75480138658253
2023-05-10 09:00:00,101.25131212197486
2023-05-10 10:00:00,101.40044513524622
2023-05-10 11:00:00,101.50842098925236
2023-05-10 12:00:00,101.57698407173781
2023-05-10 13:00:00,101.52479659799026
2023-05-10 14:00:00,101.54873795593664
2023-05-10 15:00:00,101.47635244792664
2023-05-10 16:00:00,101.44361767049541
2023-05-10 17:00:00,101.43784490025669
2023-05-10 18:00:00,101.43018013428122
2023-05-10 19:00:00,101.39992386248898
2023-05-10 20:00:00,101.41374886320092
2023-05-10 21:00:00,101.33770658039182
2023-05-10 22:00:00,101.40344162186986
2023-05-10 23:00:00,101.45455727817804
2023-05-11 00:00:00,101.49163763159376
2023-05-11 01:00:00,101.49057131956631
2023-05-11 02:00:00,101.4705954462691
2023-05-11 03:00:00,101.82001490561204
2023-05-11 04:00:00,101.85985855002174
2023-05-11 05:00:00,101.89217689366826
2023-05-11 06:00:00,101.86558706954224
2023-05-11 07:00:00,101.88731508702612
2023-05-11 08:00:00,101.80523780869278
2023-05-11 09:00:00,101.76596923394027
2023-05-11 10:00:00,102.11589840813345
2023-05-11 11:00:00,102.02991353894711
2023-05-11 12:00:00,102.08460260475454
2023-05-11 13:00:00,102.00061312752561
2023-05-11 14:00:00,102.09456343329774
2023-05-11 15:00:00,102.05527891753101
2023-05-11 16:00:00,102.07001663170358
2023-05-11 17:00:00,102.07837888052917
2023-05-11 18:00:00,102.06347721778246
2023-05-11 19:00:00,102.06529792680035
2023-05-11 20:00:00,102.09604710188852
2023-05-11 21:00:00,102.02831744628311
2023-05-11 22:00:00,102.00781994956822
2023-05-11 23:00:00,102.06571006206921
2023-05-12 00:00:00,102.023869664142
2023-05-12 01:00:00,101.99801854228905
2023-05-12 02:00:00,102.02605933889608
2023-05-12 03:00:00,102.00116071567868
2023-05-12 04:00:00,102.13926485537262
2023-05-12 05:00:00,102.06677904594339
2023-05-12 06:00:00,102.08387565600731
2023-05-12 07:00:00,102.11030273492283
2023-05-12 08:00:00,102.23413401201152
2023-05-12 09:00:00,102.28158030136184
2023-05-12 10:00:00,102.25297156568539
2023-05-12 11:00:00,102.54038128682721
2023-05-12 12:00:00,102.62840757955381
2023-05-12 13:00:00,102.6798680968805
2023-05-12 14:00:00,102.65991246555468
2023-05-12 15:00:00,102.68155013823186
2023-05-12 16:00:00,102.68385636759972
2023-05-12 17:00:00,102.70413276408881
2023-05-14 18:00:00,102.66628376424944
2023-05-14 19:00:00,102.70383552584975
2023-05-14 20:00:00,102.69158237916487
2023-05-14 21:00:00,102.70167927310219
2023-05-14 22:00:00,102.60815763648682
2023-05-14 23:00:00,102.68752988719467
2023-05-15 00:00:00,102.66915703416184
2023-05-15 01:00:00,102.63489830849235
2023-05-15 02:00:00,102.59340740122178
2023-05-15 03:00:00,102.56758320931701
2023-05-15 04:00:00,102.52743837279385
2023-05-15 05:00:00,102.57413161040513
2023-05-15 06:00:00,102.56226006949905
2023-05-15 07:00:00,102.48152023936457
2023-05-15 08:00:00,102.47901327067008
2023-05-15 09:00:00,102.45758525453368
2023-05-15 10:00:00,102.45878401800968
2023-05-15 11:00:00,102.53574526592128
2023-05-15 12:00:00,102.45773817170114
2023-05-15 13:00:00,102.39669128918335
2023-05-15 14:00:00,102.42419373119934
2023-05-15 15:00:00,102.43387132105703
2023-05-15 16:00:00,102.423078744276
2023-05-15 17:00:00,102.4372105672466
2023-05-15 18:00:00,102.43356729194763
2023-05-15 19:00:00,102.41897890279405
2023-05-15 20:00:00,102.43903029783259
2023-05-15 21:00:00,102.37070478565286
2023-05-15 22:00:00,102.41668003013156
2023-05-15 23:00:00,102.36641546984363
2023-05-16 00:00:00,102.37885239852088
2023-05-16 01:00:00,102.37844699870516
2023-05-16 02:00:00,102.47137563035406
2023-05-16 03:00:00,102.46224375505327
2023-05-16 04:00:00,102.32123547738418
2023-05-16 05:00:00,102.30730712361273
2023-05-16 06:00:00,102.27460252406216
2023-05-16 07:00:00,102.28341978868254
2023-05-16 08:00:00,102.34888288022837
2023-05-16 09:00:00,102.38354004580901
2023-05-16 10:00:00,102.453295250572
2023-05-16 11:00:00,102.56963786743883
2023-05-16 12:00:00,102.59986518684813
2023-05-16 13:00:00,102.59718753096728
2023-05-16 14:00:00,102.58048787416958
2023-05-16 15:00:00,102.56494063927659
2023-05-16 16:00:00,102.60745638611023
2023-05-16 17:00:00,102.61602341594828
2023-05-16 18:00:00,102.61045083684321
2023-05-16 19:00:00,102.61045456642955
2023-05-16 20:00:00,102.60114827747093
2023-05-16 21:00:00,102.56647978406662
2023-05-16 22:00:00,102.5674079495028
2023-05-16 23:00:00,102.5634679311021
2023-05-17 00:00:00,102.59742440007759
2023-05-17 01:00:00,102.61971371981062
2023-05-17 02:00:00,102.73902561759381
2023-05-17 03:00:00,102.75064871488622
2023-05-17 04:00:00,102.96200907304299
2023-05-17 05:00:00,102.96818579801554
2023-05-17 06:00:00,102.92280406377718
2023-05-17 07:00:00,102.93473921743333
2023-05-17 08:00:00,102.94481666638482
2023-05-17 09:00:00,102.94888163960547
2023-05-17 10:00:00,103.05684027121592
2023-05-17 11:00:00,103.00577146287064
2023-05-17 12:00:00,102.95444357762368
2023-05-17 13:00:00,102.81305592126117
2023-05-17 14:00:00,102.80336101564471
2023-05-17 15:00:00,102.88096177460207
2023-05-17 16:00:00,102.85226011263605
2023-05-17 17:00:00,102.88254589734832
2023-05-17 18:00:00,102.85539620064212
2023-05-17 19:00:00,102.87341812059886
2023-05-17 20:00:00,102.88947826058177
2023-05-17 21:00:00,102.84360445518443
2023-05-17 22:00:00,102.8151442519697
2023-05-17 23:00:00,102.81540903177405
2023-05-18 00:00:00,102.87800780040371
2023-05-18 01:00:00,102.93227329891458
2023-05-18 02:00:00,102.95367401435728
2023-05-18 03:00:00,102.97936641022501
2023-05-18 04:00:00,103.0805600287825
2023-05-18 05:00:00,103.0999608879364
2023-05-18 06:00:00,103.08317706372227
2023-05-18 07:00:00,103.10410631732353
2023-05-18 08:00:00,103.10928607066822
2023-05-18 09:00:00,103.34548332429583
2023-05-18 10:00:00,103.44619291432014
2023-05-18 11:00:00,103.54140428247395
2023-05-18 12:00:00,103.48628926119902
2023-05-18 13:00:00,103.61250944728066
2023-05-18 14:00:00,103.58726955761837
2023-05-18 15:00:00,103.58213881994968
2023-05-18 16:00:00,103.51769765918598
2023-05-18 17:00:00,103.54160222753787
2023-05-18 18:00:00,103.54741540063472
2023-05-18 19:00:00,103.49703916892668
2023-05-18 20:00:00,103.50438980619026
2023-05-18 21:00:00,103.48411310643536
2023-05-18 22:00:00,103.59051033817028
2023-05-18 23:00:00,103.49643840505067
2023-05-19 00:00:00,103.5264454478222
2023-05-19 01:00:00,103.56725881191537
2023-05-19 02:00:00,103.51051807577814
2023-05-19 03:00:00,103.4120641294345
2023-05-19 04:00:00,103.4185873375891
2023-05-19 05:00:00,103.35357750896753
2023-05-19 06:00:00,103.22629221003474
2023-05-19 07:00:00,103.30809396618915
2023-05-19 08:00:00,103.22144400154272
2023-05-19 09:00:00,103.24653879467989
2023-05-19 10:00:00,103.33613223546875
2023-05-19 11:00:00,103.39846787925897
2023-05-19 12:00:00,103.0775597959037
2023-05-19 13:00:00,103.0661351796554
2023-05-19 14:00:00,103.08603360233822
2023-05-19 15:00:00,103.19777759421135
2023-05-19 16:00:00,103.1978599692787
2023-05-19 17:00:00,103.19304591118271
2023-05-21 18:00:00,103.18211435056199
2023-05-21 19:00:00,103.08896371288358
2023-05-21 20:00:00,103.04594457077908
2023-05-21 21:00:00,103.02717119300726
2023-05-21 22:00:00,103.00841899305033
2023-05-21 23:00:00,103.03578720121327
2023-05-22 00:00:00,103.06094805514587
2023-05-22 01:00:00,103.08647956899632
2023-05-22 02:00:00,103.18021423435233
2023-05-22 03:00:00,103.17136200279563
2023-05-22 04:00:00,103.17526212347077
2023-05-22 05:00:00,103.13742091061056
2023-05-22 06:00:00,103.094624502828
2023-05-22 07:00:00,103.08839148492129
2023-05-22 08:00:00,103.10535911200525
2023-05-22 09:00:00,103.14876794042424
2023-05-22 10:00:00,103.239888120169
2023-05-22 11:00:00,103.35331004186153
2023-05-22 12:00:00,103.31509822840502
2023-05-22 13:00:00,103.2770506224655
2023-05-22 14:00:00,103.19188076061776
2023-05-22 15:00:00,103.1951259152402
2023-05-22 16:00:00,103.26120359391837
2023-05-22 17:00:00,103.24055151255779
2023-05-22 18:00:00,103.23772081824306
2023-05-22 19:00:00,103.23869084979397
2023-05-22 20:00:00,103.26673903998324
2023-05-22 21:00:00,103.23272678023028
2023-05-22 22:00:00,103.31788583697275
2023-05-22 23:00:00,103.2603391522316
2023-05-23 00:00:00,103.26923111626108
2023-05-23 01:00:00,103.23956494581182
2023-05-23 02:00:00,103.28635951224265
2023-05-23 03:00:00,103.24973739610653
2023-05-23 04:00:00,103.32442585502686
2023-05-23 05:00:00,103.32715704495632
2023-05-23 06:00:00,103.52140363341536
2023-05-23 07:00:00,103.54183387056177
2023-05-23 08:00:00,103.55740320051248
2023-05-23 09:00:00,103.64643176332363
2023-05-23 10:00:00,103.45984520067091
2023-05-23 11:00:00,103.47142556855069
2023-05-23 12:00:00,103.53594731105828
2023-05-23 13:00:00,103.56725666664143
2023-05-23 14:00:00,103.47693004813974
2023-05-23 15:00:00,103.48912664202466
2023-05-23 16:00:00,103.5650311210622
2023-05-23 17:00:00,103.53324270889223
2023-05-23 18:00:00,103.51450322943383
2023-05-23 19:00:00,103.5147727412997
2023-05-23 20:00:00,103.54176708867179
2023-05-23 21:00:00,103.50300950689316
2023-05-23 22:00:00,103.48905845501932
2023-05-23 23:00:00,103.49402310129587
2023-05-24 00:00:00,103.45833183206786
2023-05-24 01:00:00,103.44057517231003
2023-05-24 02:00:00,103.40175314885688
2023-05-24 03:00:00,103.48604752406148
2023-05-24 04:00:00,103.51720529837196
2023-05-24 05:00:00,103.53506930574419
2023-05-24 06:00:00,103.5960091579702
2023-05-24 07:00:00,103.74937157388992
2023-05-24 08:00:00,103.5226861906586
2023-05-24 09:00:00,103.50442756533893
2023-05-24 10:00:00,103.68702192514058
2023-05-24 11:00:00,103.78002171298965
2023-05-24 12:00:00,103.82878265857036
2023-05-24 13:00:00,103.85391927136428
2023-05-24 14:00:00,103.84206393460565
2023-05-24 15:00:00,103.88099775195813
2023-05-24 16:00:00,103.90177421885272
2023-05-24 17:00:00,103.91159041108625
2023-05-24 18:00:00,103.89636172842174
2023-05-24 19:00:00,103.84576039450351
2023-05-24 20:00:00,103.84562627811515
2023-05-24 21:00:00,103.89606029628752
2023-05-24 22:00:00,103.98796701431108
2023-05-24 23:00:00,103.99820416484141
2023-05-25 00:00:00,104.03872079026321
2023-05-25 01:00:00,104.05076012802719
2023-05-25 02:00:00,104.01282871738059
2023-05-25 03:00:00,104.04409032253734
2023-05-25 04:00:00,104.08741295447221
2023-05-25 05:00:00,104.07860936510868
2023-05-25 06:00:00,104.01959636351613
2023-05-25 07:00:00,104.1152102632736
2023-05-25 08:00:00,104.02265484252351
2023-05-25 09:00:00,104.17686527357218
2023-05-25 10:00:00,104.23950011568174
2023-05-25 11:00:00,104.15116567698723
2023-05-25 12:00:00,104.20656546156486
2023-05-25 13:00:00,104.30522893148915
2023-05-25 14:00:00,104.17875112540892
2023-05-25 15:00:00,104.25368719574021
2023-05-25 16:00:00,104.2643218962357
2023-05-25 17:00:00,104.22958308925688
2023-05-25 18:00:00,104.20278377044447
2023-05-25 19:00:00,104.20050984180423
2023-05-25 20:00:00,104.23706414153403
2023-05-25 21:00:00,104.21135776088568
2023-05-25 22:00:00,104.1501976773246
2023-05-25 23:00:00,104.13922090709634
2023-05-26 00:00:00,104.10919172161785
2023-05-26 01:00:00,104.07567832793359
2023-05-26 02:00:00,104.08846571696766
2023-05-26 03:00:00,104.1104313830286
2023-05-26 04:00:00,104.0108953751585
2023-05-26 05:00:00,104.08184513224985
2023-05-26 06:00:00,104.04383637040651
2023-05-26 07:00:00,103.95904416035536
2023-05-26 08:00:00,103.89793273712338
2023-05-26 09:00:00,104.03357413271146
2023-05-26 10:00:00,104.2263209471343
2023-05-26 11:00:00,104.37089974844616
2023-05-26 12:00:00,104.31647778013864
2023-05-26 13:00:00,104.2726022508084
2023-05-26 14:00:00,104.2380193992478
2023-05-26 15:00:00,104.2082615487116
2023-05-26 16:00:00,104.19564492666501
2023-05-26 17:00:00,104.24067962673766
2023-05-28 18:00:00,104.23951401051164
2023-05-28 19:00:00,104.27468739853127
2023-05-28 20:00:00,104.27632354286176
2023-05-28 21:00:00,104.27468508492645
2023-05-28 22:00:00,104.17295899981356
2023-05-28 23:00:00,104.1754062782758
2023-05-29 00:00:00,104.19561841390968
2023-05-29 01:00:00,104.12509068531777
2023-05-29 02:00:00,104.11195039334052
2023-05-29 03:00:00,104.08928096848565
2023-05-29 04:00:00,104.19357286215312
2023-05-29 05:00:00,104.19080483306966
2023-05-29 06:00:00,104.2410490776755
2023-05-29 07:00:00,104.24380202016317
2023-05-29 08:00:00,104.26954589633637
2023-05-29 09:00:00,104.23875622249378
2023-05-29 10:00:00,104.27640123737233
2023-05-29 11:00:00,104.27672983808412
2023-05-29 12:00:00,104.2236304923215
2023-05-29 13:00:00,104.23867652216352
2023-05-29 14:00:00,104.2498695150239
2023-05-29 15:00:00,104.26455411460009
2023-05-29 16:00:00,104.27908498877767
2023-05-29 17:00:00,104.28034487677367
2023-05-29 18:00:00,104.26852659899177
2023-05-29 19:00:00,104.28220007854472
2023-05-29 20:00:00,104.31724488774972
2023-05-29 21:00:00,104.220690778061
2023-05-29 22:00:00,104.12150075233008
2023-05-29 23:00:00,104.14547858842182
2023-05-30 00:00:00,104.29257170554826
2023-05-30 01:00:00,104.27895303371099
2023-05-30 02:00:00,104.4835720898349
2023-05-30 03:00:00,104.3803801498689
2023-05-30 04:00:00,104.38600922471142
2023-05-30 05:00:00,104.26523498895791
2023-05-30 06:00:00,104.12936439178024
2023-05-30 07:00:00,104.04413628945092
2023-05-30 08:00:00,103.91003593271466
2023-05-30 09:00:00,104.07473178144393
2023-05-30 10:00:00,104.05578550864836
2023-05-30 11:00:00,104.08392594890422
2023-05-30 12:00:00,104.13109455298563
2023-05-30 13:00:00,104.15365399696923
2023-05-30 14:00:00,104.18375162691407
2023-05-30 15:00:00,104.16426351491317
2023-05-30 16:00:00,104.06637651897842
2023-05-30 17:00:00,104.04811310806511
2023-05-30 18:00:00,104.05148967671308
2023-05-30 19:00:00,104.0611583278315
2023-05-30 20:00:00,104.06217787106982
2023-05-30 21:00:00,104.02072487093747
2023-05-30 22:00:00,104.21780156473092
2023-05-30 23:00:00,104.27527995272736
2023-05-31 00:00:00,104.32920272295956
2023-05-31 01:00:00,104.32883500192116
2023-05-31 02:00:00,104.27806352470553
2023-05-31 03:00:00,104.38535318944002
2023-05-31 04:00:00,104.50664701934059
2023-05-31 05:00:00,104.62796641038905
2023-05-31 06:00:00,104.51352363337632
2023-05-31 07:00:00,104.50461299358545
2023-05-31 08:00:00,104.45617528104901
2023-05-31 09:00:00,104.4499453186276
2023-05-31 10:00:00,104.3103979927177
2023-05-31 11:00:00,104.5029055329168
2023-05-31 12:00:00,104.55512322634976
2023-05-31 13:00:00,104.6673589033518
2023-05-31 14:00:00,104.41806480399877
2023-05-31 15:00:00,104.32957323236538
2023-05-31 16:00:00,104.2450791081229
2023-05-31 17:00:00,104.22073330495722
2023-05-31 18:00:00,104.23331322180184
2023-05-31 19:00:00,104.1734714670044
2023-05-31 20:00:00,104.16176584216946
2023-05-31 21:00:00,104.22400700159548
2023-05-31 22:00:00,104.19921912731004
2023-05-31 23:00:00,104.21684984024051
2023-06-01 00:00:00,104.2470084216413
2023-06-01 01:00:00,104.27401190949261
2023-06-01 02:00:00,104.3428820214993
2023-06-01 03:00:00,104.29308531669791
2023-06-01 04:00:00,104.43746751268631
2023-06-01 05:00:00,104.29860369800974
2023-06-01 06:00:00,104.12933330409955
2023-06-01 07:00:00,104.09568718632595
2023-06-01 08:00:00,104.08724318474759
2023-06-01 09:00:00,104.02487738173635
2023-06-01 10:00:00,103.84842514117427
2023-06-01 11:00:00,103.81477782942487
2023-06-01 12:00:00,103.61036441580097
2023-06-01 13:00:00,103.55483467855855
2023-06-01 14:00:00,103.53132360531943
2023-06-01 15:00:00,103.55885132954148
2023-06-01 16:00:00,103.54844213192516
2023-06-01 17:00:00,103.5514275501263
2023-06-01 18:00:00,103.56800711902177
2023-06-01 19:00:00,103.51602796642935
2023-06-01 20:00:00,103.54943289106035
2023-06-01 21:00:00,103.56373986516392
2023-06-01 22:00:00,103.54565805008872
2023-06-01 23:00:00,103.49033919882032
2023-06-02 00:00:00,103.46824898686715
2023-06-02 01:00:00,103.52813496392277
2023-06-02 02:00:00,103.4655836137693
2023-06-02 03:00:00,103.46061133326666
2023-06-02 04:00:00,103.53803828828626
2023-06-02 05:00:00,103.40938308467044
2023-06-02 06:00:00,103.45350868011491
2023-06-02 07:00:00,103.46199277538425
2023-06-02 08:00:00,103.55284301793289
2023-06-02 09:00:00,103.65933880009509
2023-06-02 10:00:00,103.69659093624708
2023-06-02 11:00:00,103.88422780799179
2023-06-02 12:00:00,103.91579245711014
2023-06-02 13:00:00,104.02773465578892
2023-06-02 14:00:00,104.0380068349795
2023-06-02 15:00:00,104.01100835982193
2023-06-02 16:00:00,104.03886927300024
2023-06-02 17:00:00,104.03824305736377
2023-06-04 18:00:00,104.03263617194335
2023-06-04 19:00:00,104.10009893865231
2023-06-04 20:00:00,104.15787151074836
2023-06-04 21:00:00,104.16911498139129
2023-06-04 22:00:00,104.11639889316123
2023-06-04 23:00:00,104.13157298043546
2023-06-05 00:00:00,104.10190477540925
2023-06-05 01:00:00,104.13508787758978
2023-06-05 02:00:00,104.12788265502562
2023-06-05 03:00:00,104.22654134978521
2023-06-05 04:00:00,104.27155442019492
2023-06-05 05:00:00,104.21856427560645
2023-06-05 06:00:00,104.26330377108849
2023-06-05 07:00:00,104.26928322507794
2023-06-05 08:00:00,104.29191967222084
2023-06-05 09:00:00,104.35645474676576
2023-06-05 10:00:00,104.32653088743845
2023-06-05 11:00:00,104.06005149187901
2023-06-05 12:00:00,103.95050757562127
2023-06-05 13:00:00,104.010202159934
2023-06-05 14:00:00,104.01673804499028
2023-06-05 15:00:00,104.00179866398842
2023-06-05 16:00:00,104.00958940373809
2023-06-05 17:00:00,104.01478738036737
2023-06-05 18:00:00,104.00940822440008
2023-06-05 19:00:00,103.99195380747614
2023-06-05 20:00:00,104.00629446161712
2023-06-05 21:00:00,103.98453131176453
2023-06-05 22:00:00,103.98315335724085
2023-06-05 23:00:00,103.94262861457756
2023-06-06 00:00:00,103.96506377532901
2023-06-06 01:00:00,103.88486772935899
2023-06-06 02:00:00,103.88102851379065
2023-06-06 03:00:00,103.86669756211803
2023-06-06 04:00:00,103.93415338195831
2023-06-06 05:00:00,104.04158013190174
2023-06-06 06:00:00,104.11474056386429
2023-06-06 07:00:00,104.0881165061975
2023-06-06 08:00:00,104.25644628816706
2023-06-06 09:00:00,104.32697521148418
2023-06-06 10:00:00,104.34557952387041
2023-06-06 11:00:00,104.1865111702808
2023-06-06 12:00:00,104.13931362616339
2023-06-06 13:00:00,104.16818450287883
2023-06-06 14:00:00,104.2008537775609
2023-06-06 15:00:00,104.12722446665613
2023-06-06 16:00:00,104.15248732575974
2023-06-06 17:00:00,104.1481994895059
2023-06-06 18:00:00,104.1334796796044
2023-06-06 19:00:00,104.12291400450785
2023-06-06 20:00:00,104.08406201045958
2023-06-06 21:00:00,104.05090880871118
2023-06-06 22:00:00,104.07967929219367
2023-06-06 23:00:00,104.10040653388462
2023-06-07 00:00:00,104.11017307240346
2023-06-07 01:00:00,104.11981592021503
2023-06-07 02:00:00,104.15671652074326
2023-06-07 03:00:00,104.22705134356421
2023-06-07 04:00:00,104.18267998643611
2023-06-07 05:00:00,104.07100426382205
2023-06-07 06:00:00,104.03372336514043
2023-06-07 07:00:00,103.91610382217958
2023-06-07 08:00:00,103.89814620619671
2023-06-07 09:00:00,103.92629855156723
2023-06-07 10:00:00,103.69565788690142
2023-06-07 11:00:00,103.9778259555144
2023-06-07 12:00:00,104.07255466430321
2023-06-07 13:00:00,104.16467335343297
2023-06-07 14:00:00,104.1180094889997
2023-06-07 15:00:00,104.09732034211045
2023-06-07 16:00:00,104.17710839325272
2023-06-07 17:00:00,104.12922180264911
2023-06-07 18:00:00,104.11910393076121
2023-06-07 19:00:00,104.10860137081048
2023-06-07 20:00:00,104.04527991008023
2023-06-07 21:00:00,104.02038943988157
2023-06-07 22:00:00,104.01681155631448
2023-06-07 23:00:00,104.0177645308548
2023-06-08 00:00:00,104.01097076296602
2023-06-08 01:00:00,103.97922938255454
2023-06-08 02:00:00,104.00783730233486
2023-06-08 03:00:00,103.99893066922536
2023-06-08 04:00:00,103.95042482454063
2023-06-08 05:00:00,103.85268337628825
2023-06-08 06:00:00,103.87826714053132
2023-06-08 07:00:00,103.8551467646466
2023-06-08 08:00:00,103.81135188471731
2023-06-08 09:00:00,103.67374222361259
2023-06-08 10:00:00,103.48512099697383
2023-06-08 11:00:00,103.44171942316238
2023-06-08 12:00:00,103.37430327048932
2023-06-08 13:00:00,103.31365715623758
2023-06-08 14:00:00,103.3584503362625
2023-06-08 15:00:00,103.34592909631029
2023-06-08 16:00:00,103.34066848961338
2023-06-08 17:00:00,103.31986415572392
2023-06-08 18:00:00,103.31886470236441
2023-06-08 19:00:00,103.30638386733312
2023-06-08 20:00:00,103.32759971690449
2023-06-08 21:00:00,103.34896759188905
2023-06-08 22:00:00,103.37590731605519
2023-06-08 23:00:00,103.41078124850186
2023-06-09 00:00:00,103.4063848786284
2023-06-09 01:00:00,103.42502047922537
2023-06-09 02:00:00,103.39796020721667
2023-06-09 03:00:00,103.37838804586201
2023-06-09 04:00:00,103.42489957493984
2023-06-09 05:00:00,103.5286921423514
2023-06-09 06:00:00,103.5598019871004
2023-06-09 07:00:00,103.52818094082899
2023-06-09 08:00:00,103.4148642483161
2023-06-09 09:00:00,103.4564741130587
2023-06-09 10:00:00,103.42678163971647
2023-06-09 11:00:00,103.4874163344651
2023-06-09 12:00:00,103.55306370797265
2023-06-09 13:00:00,103.55017139488126
2023-06-09 14:00:00,103.5504279112672
2023-06-09 15:00:00,103.55634534479043
2023-06-09 16:00:00,103.59211798847419
2023-06-09 17:00:00,103.54342207031651
2023-06-11 18:00:00,103.56509882294988
2023-06-11 19:00:00,103.58435660104129
2023-06-11 20:00:00,103.54004133981772
2023-06-11 21:00:00,103.58321720324828
2023-06-11 22:00:00,103.6655974630122
2023-06-11 23:00:00,103.65525633478981
2023-06-12 00:00:00,103.62180932945625
2023-06-12 01:00:00,103.63102082915512
2023-06-12 02:00:00,103.57805548958386
2023-06-12 03:00:00,103.55668606901621
2023-06-12 04:00:00,103.41115245577495
2023-06-12 05:00:00,103.3199365412029
2023-06-12 06:00:00,103.2806310504333
2023-06-12 07:00:00,103.37880465917267
2023-06-12 08:00:00,103.48459571136925
2023-06-12 09:00:00,103.46175801596712
2023-06-12 10:00:00,103.6356307425318
2023-06-12 11:00:00,103.69306361676205
2023-06-12 12:00:00,103.74268265220535
2023-06-12 13:00:00,103.72546560112491
2023-06-12 14:00:00,103.67253933614755
2023-06-12 15:00:00,103.65186878541057
2023-06-12 16:00:00,103.6082738554546
2023-06-12 17:00:00,103.62733409378218
2023-06-12 18:00:00,103.62389002864174
2023-06-12 19:00:00,103.60808650867251
2023-06-12 20:00:00,103.58348031743638
2023-06-12 21:00:00,103.61264430993066
2023-06-12 22:00:00,103.56025130869655
2023-06-12 23:00:00,103.4993334751431
2023-06-13 00:00:00,103.44532009555687
2023-06-13 01:00:00,103.43989450368014
2023-06-13 02:00:00,103.43706454884712
2023-06-13 03:00:00,103.34397572401171
2023-06-13 04:00:00,103.28107648922432
2023-06-13 05:00:00,103.2372844306447
2023-06-13 06:00:00,103.26943499579659
2023-06-13 07:00:00,103.307146921238
2023-06-13 08:00:00,103.32216515896337
2023-06-13 09:00:00,103.10867671649231
2023-06-13 10:00:00,103.30343719749438
2023-06-13 11:00:00,103.20276003520443
2023-06-13 12:00:00,103.28397124149626
2023-06-13 13:00:00,103.1789145430985
2023-06-13 14:00:00,103.31915617095085
2023-06-13 15:00:00,103.33573373855799
2023-06-13 16:00:00,103.30686039377728
2023-06-13 17:00:00,103.2874906816739
2023-06-13 18:00:00,103.3087438496291
2023-06-13 19:00:00,103.2925859114762
2023-06-13 20:00:00,103.3092397070514
2023-06-13 21:00:00,103.29511600723681
2023-06-13 22:00:00,103.25650316957105
2023-06-13 23:00:00,103.2484865402059
2023-06-14 00:00:00,103.28114629014506
2023-06-14 01:00:00,103.29357589167321
2023-06-14 02:00:00,103.39073713852903
2023-06-14 03:00:00,103.33200081397169
2023-06-14 04:00:00,103.26497124712927
2023-06-14 05:00:00,103.18336153253824
2023-06-14 06:00:00,103.1412584223248
2023-06-14 07:00:00,103.14539546559625
2023-06-14 08:00:00,103.1611548582904
2023-06-14 09:00:00,102.92758415554226
2023-06-14 10:00:00,102.80629121619971
2023-06-14 11:00:00,102.7240917219091
2023-06-14 12:00:00,102.70311959253304
2023-06-14 13:00:00,102.67398486152851
2023-06-14 14:00:00,102.75795700147638
2023-06-14 15:00:00,102.947937194595
2023-06-14 16:00:00,103.04741113031544
2023-06-14 17:00:00,103.02248313237811
2023-06-14 18:00:00,103.00987579380003
2023-06-14 19:00:00,103.01031087885349
2023-06-14 20:00:00,102.9326683159385
2023-06-14 21:00:00,103.02021513874897
2023-06-14 22:00:00,103.29391730142852
2023-06-14 23:00:00,103.28626589723399
2023-06-15 00:00:00,103.27317499947665
2023-06-15 01:00:00,103.3111833390402
2023-06-15 02:00:00,103.24176757736575
2023-06-15 03:00:00,103.31071844409004
2023-06-15 04:00:00,103.18394880903939
2023-06-15 05:00:00,103.14298400054825
2023-06-15 06:00:00,103.02124027993166
2023-06-15 07:00:00,103.07249944701326
2023-06-15 08:00:00,103.24949337957182
2023-06-15 09:00:00,102.88766987604251
2023-06-15 10:00:00,102.5423721398156
2023-06-15 11:00:00,102.42485601266138
2023-06-15 12:00:00,102.27797816110751
2023-06-15 13:00:00,102.1769018279124
2023-06-15 14:00:00,102.1724982524851
2023-06-15 15:00:00,102.11349789537252
2023-06-15 16:00:00,102.1272226047191
2023-06-15 17:00:00,102.14427804709082
2023-06-15 18:00:00,102.1637106821533
2023-06-15 19:00:00,102.1034096741642
2023-06-15 20:00:00,102.1471570025996
2023-06-15 21:00:00,102.16401577730505
2023-06-15 22:00:00,102.13921332738919
2023-06-15 23:00:00,102.27131342502989
2023-06-16 00:00:00,102.2357574639764
2023-06-16 01:00:00,102.23940218129285
2023-06-16 02:00:00,102.22831180146223
2023-06-16 03:00:00,102.18804561123032
2023-06-16 04:00:00,102.25583850729538
2023-06-16 05:00:00,102.18399045534521
2023-06-16 06:00:00,102.18540938365012
2023-06-16 07:00:00,102.21358488386737
2023-06-16 08:00:00,102.09136666293762
2023-06-16 09:00:00,102.18553202778841
2023-06-16 10:00:00,102.15339336703181
2023-06-16 11:00:00,102.35210856854577
2023-06-16 12:00:00,102.39626564874442
2023-06-16 13:00:00,102.32700602220763
2023-06-16 14:00:00,102.27406239874527
2023-06-16 15:00:00,102.24329079902574
2023-06-16 16:00:00,102.34168202276099
2023-06-16 17:00:00,102.29859053556638
2023-06-18 18:00:00,102.29144924390503
2023-06-18 19:00:00,102.2753322960167
2023-06-18 20:00:00,102.30282554527034
2023-06-18 21:00:00,102.35159336505556
2023-06-18 22:00:00,102.35018513048466
2023-06-18 23:00:00,102.35315099473776
2023-06-19 00:00:00,102.3262389006637
2023-06-19 01:00:00,102.33171641331636
2023-06-19 02:00:00,102.29810242518057
2023-06-19 03:00:00,102.35955237396743
2023-06-19 04:00:00,102.37812580764496
2023-06-19 05:00:00,102.38534457293673
2023-06-19 06:00:00,102.53688184982835
2023-06-19 07:00:00,102.46918257811618
2023-06-19 08:00:00,102.44114946115002
2023-06-19 09:00:00,102.42659516867423
2023-06-19 10:00:00,102.47393253341822
2023-06-19 11:00:00,102.47279295114453
2023-06-19 12:00:00,102.48649574985589
2023-06-19 13:00:00,102.54787806934722
2023-06-19 14:00:00,102.5377383041154
2023-06-19 15:00:00,102.52125886900093
2023-06-19 16:00:00,102.53070631676987
2023-06-19 17:00:00,102.50104741047299
2023-06-19 18:00:00,102.48231932578601
2023-06-19 19:00:00,102.47343791269408
2023-06-19 20:00:00,102.4830335567025
2023-06-19 21:00:00,102.51260982897341
2023-06-19 22:00:00,102.5869627930484
2023-06-19 23:00:00,102.47851628821178
2023-06-20 00:00:00,102.5069474477721
2023-06-20 01:00:00,102.59599255651105
2023-06-20 02:00:00,102.51137975548997
2023-06-20 03:00:00,102.54263493012517
2023-06-20 04:00:00,102.34285753408852
2023-06-20 05:00:00,102.37869775254248
2023-06-20 06:00:00,102.49613282166183
2023-06-20 07:00:00,102.45246524219908
2023-06-20 08:00:00,102.46748085714009
2023-06-20 09:00:00,102.55383391651755
2023-06-20 10:00:00,102.60939270449087
2023-06-20 11:00:00,102.67749356399291
2023-06-20 12:00:00,102.70403316908649
2023-06-20 13:00:00,102.5560878384536
2023-06-20 14:00:00,102.55893314825455
2023-06-20 15:00:00,102.54164208718841
2023-06-20 16:00:00,102.56814346409675
2023-06-20 17:00:00,102.53814275416732
2023-06-20 18:00:00,102.53534713544839
2023-06-20 19:00:00,102.51529504927885
2023-06-20 20:00:00,102.50893711793391
2023-06-20 21:00:00,102.57500521651252
2023-06-20 22:00:00,102.5742975136465
2023-06-20 23:00:00,102.58985148197495
2023-06-21 00:00:00,102.56808492746555
2023-06-21 01:00:00,102.56603709852962
2023-06-21 02:00:00,102.5953333530425
2023-06-21 03:00:00,102.62808716925939
2023-06-21 04:00:00,102.66714448625076
2023-06-21 05:00:00,102.58949597519944
2023-06-21 06:00:00,102.63926020872341
2023-06-21 07:00:00,102.61899999041796
2023-06-21 08:00:00,102.55208203630542
2023-06-21 09:00:00,102.54323658282283
2023-06-21 10:00:00,102.580688912937
2023-06-21 11:00:00,102.3490494359736
2023-06-21 12:00:00,102.36511895410958
2023-06-21 13:00:00,102.2015932021528
2023-06-21 14:00:00,102.13726931508923
2023-06-21 15:00:00,102.07374122072767
2023-06-21 16:00:00,102.06241708166226
2023-06-21 17:00:00,102.08744430415823
2023-06-21 18:00:00,102.09015367925807
2023-06-21 19:00:00,102.03856334597302
2023-06-21 20:00:00,102.03120607412397
2023-06-21 21:00:00,102.06723979378712
2023-06-21 22:00:00,102.0140558620072
2023-06-21 23:00:00,102.01733072902935
2023-06-22 00:00:00,102.02534261215413
2023-06-22 01:00:00,102.08461513304971
2023-06-22 02:00:00,102.10140929959357
2023-06-22 03:00:00,102.13692162058845
2023-06-22 04:00:00,102.04082547825904
2023-06-22 05:00:00,102.06087159488506
2023-06-22 06:00:00,101.97602427881421
2023-06-22 07:00:00,101.97168801845211
2023-06-22 08:00:00,102.09667356457085
2023-06-22 09:00:00,102.18075929286017
2023-06-22 10:00:00,102.17976464849818
2023-06-22 11:00:00,102.3808536502208
2023-06-22 12:00:00,102.41868731640166
2023-06-22 13:00:00,102.4260023555137
2023-06-22 14:00:00,102.39795309343415
2023-06-22 15:00:00,102.38575809025707
2023-06-22 16:00:00,102.39618289704319
2023-06-22 17:00:00,102.40539971403064
2023-06-22 18:00:00,102.40461593122158
2023-06-22 19:00:00,102.41312525787842
2023-06-22 20:00:00,102.39593658908468
2023-06-22 21:00:00,102.40164607238401
2023-06-22 22:00:00,102.4780651741938
2023-06-22 23:00:00,102.56948615861873
2023-06-23 00:00:00,102.59299728165355
2023-06-23 01:00:00,102.61873616145611
2023-06-23 02:00:00,102.64764992517532
2023-06-23 03:00:00,102.69694607861695
2023-06-23 04:00:00,102.9784972795042
2023-06-23 05:00:00,103.11916638841554
2023-06-23 06:00:00,103.03940391659754
2023-06-23 07:00:00,103.00460252542173
2023-06-23 08:00:00,102.95167630005334
2023-06-23 09:00:00,102.85363908512397
2023-06-23 10:00:00,102.92193234257917
2023-06-23 11:00:00,102.95922996920746
2023-06-23 12:00:00,102.9601720936977
2023-06-23 13:00:00,102.9677499248613
2023-06-23 14:00:00,102.86824395290277
2023-06-23 15:00:00,102.9036684716694
2023-06-23 16:00:00,102.89641696646838
2023-06-23 17:00:00,102.85105748822242
2023-06-25 18:00:00,102.81811593475133
2023-06-25 19:00:00,102.75630747902896
2023-06-25 20:00:00,102.75668755940252
2023-06-25 21:00:00,102.74422397373145
2023-06-25 22:00:00,102.76040727501737
2023-06-25 23:00:00,102.74454197412075
2023-06-26 00:00:00,102.73166830531918
2023-06-26 01:00:00,102.75066791096245
2023-06-26 02:00:00,102.7185035128345
2023-06-26 03:00:00,102.76803956597085
2023-06-26 04:00:00,102.7124717734457
2023-06-26 05:00:00,102.78964245391099
2023-06-26 06:00:00,102.769094257224
2023-06-26 07:00:00,102.72894856407542
2023-06-26 08:00:00,102.63658376800893
2023-06-26 09:00:00,102.64455056657037
2023-06-26 10:00:00,102.7162759490402
2023-06-26 11:00:00,102.74979592495632
2023-06-26 12:00:00,102.72607371424985
2023-06-26 13:00:00,102.73747011309881
2023-06-26 14:00:00,102.72797662580427
2023-06-26 15:00:00,102.69013043090835
2023-06-26 16:00:00,102.76432770682433
2023-06-26 17:00:00,102.77485724221837
2023-06-26 18:00:00,102.75600293256565
2023-06-26 19:00:00,102.72176401766026
2023-06-26 20:00:00,102.74009670714995
2023-06-26 21:00:00,102.78042663661883
2023-06-26 22:00:00,102.60488184950212
2023-06-26 23:00:00,102.61363974206199
2023-06-27 00:00:00,102.5905474873152
2023-06-27 01:00:00,102.62302522180494
2023-06-27 02:00:00,102.66437313355601
2023-06-27 03:00:00,102.54524469449092
2023-06-27 04:00:00,102.5184368906266
2023-06-27 05:00:00,102.55165153245223
2023-06-27 06:00:00,102.58774639822845
2023-06-27 07:00:00,102.50368040687064
2023-06-27 08:00:00,102.54540120826034
2023-06-27 09:00:00,102.4166782602694
2023-06-27 10:00:00,102.40281793065054
2023-06-27 11:00:00,102.57127576050138
2023-06-27 12:00:00,102.48774793034471
2023-06-27 13:00:00,102.49428298280337
2023-06-27 14:00:00,102.47238036672016
2023-06-27 15:00:00,102.49278768885557
2023-06-27 16:00:00,102.47020850389622
2023-06-27 17:00:00,102.504111606941
2023-06-27 18:00:00,102.49868916984853
2023-06-27 19:00:00,102.5147264473777
2023-06-27 20:00:00,102.51254144289462
2023-06-27 21:00:00,102.52581188386381
2023-06-27 22:00:00,102.61202762324133
2023-06-27 23:00:00,102.59021695204198
2023-06-28 00:00:00,102.5859645600933
2023-06-28 01:00:00,102.61340079665975
2023-06-28 02:00:00,102.57445507703424
2023-06-28 03:00:00,102.6772597913587
2023-06-28 04:00:00,102.58638388509449
2023-06-28 05:00:00,102.61585294953161
2023-06-28 06:00:00,102.664379000713
2023-06-28 07:00:00,102.63364625269281
2023-06-28 08:00:00,102.77759783097734
2023-06-28 09:00:00,102.92419988108512
2023-06-28 10:00:00,102.87141971752901
2023-06-28 11:00:00,103.12216859887305
2023-06-28 12:00:00,103.02901747991488
2023-06-28 13:00:00,102.95856377261156
2023-06-28 14:00:00,102.94923802695702
2023-06-28 15:00:00,102.90586209602628
2023-06-28 16:00:00,102.96637176750625
2023-06-28 17:00:00,102.99920592236788
2023-06-28 18:00:00,102.97355097679166
2023-06-28 19:00:00,102.97780130861699
2023-06-28 20:00:00,102.96478995663723
2023-06-28 21:00:00,103.00558342128896
2023-06-28 22:00:00,103.01631111070056
2023-06-28 23:00:00,103.12295054488685
2023-06-29 00:00:00,103.13133350531618
2023-06-29 01:00:00,103.20137447543053
2023-06-29 02:00:00,103.13957863353316
2023-06-29 03:00:00,103.11202674894889
2023-06-29 04:00:00,102.96455606363538
2023-06-29 05:00:00,102.95367623906223
2023-06-29 06:00:00,102.96751268889741
2023-06-29 07:00:00,102.86287558667222
2023-06-29 08:00:00,102.81265151104319
2023-06-29 09:00:00,103.28705657022705
2023-06-29 10:00:00,103.38073013471138
2023-06-29 11:00:00,103.17375453614417
2023-06-29 12:00:00,103.245406239522
2023-06-29 13:00:00,103.30718295013128
2023-06-29 14:00:00,103.30971655863232
2023-06-29 15:00:00,103.34348400609375
2023-06-29 16:00:00,103.32688801412286
2023-06-29 17:00:00,103.3566157811758
2023-06-29 18:00:00,103.35663043900492
2023-06-29 19:00:00,103.34569833090721
2023-06-29 20:00:00,103.33369845578555
2023-06-29 21:00:00,103.30990599818904
2023-06-29 22:00:00,103.3670535115342
2023-06-29 23:00:00,103.32412054297453
2023-06-30 00:00:00,103.29429900331876
2023-06-30 01:00:00,103.29338490090367
2023-06-30 02:00:00,103.28975249515456
2023-06-30 03:00:00,103.3338640872898
2023-06-30 04:00:00,103.38690786596861
2023-06-30 05:00:00,103.49856242765148
2023-06-30 06:00:00,103.44671316899145
2023-06-30 07:00:00,103.3885858571735
2023-06-30 08:00:00,103.39877644477629
2023-06-30 09:00:00,103.05926171552449
2023-06-30 10:00:00,102.91708221682089
2023-06-30 11:00:00,102.92294508299308
2023-06-30 12:00:00,102.86586254936658
2023-06-30 13:00:00,102.84322701753081
2023-06-30 14:00:00,102.89585637143661
2023-06-30 15:00:00,102.91001488155759
2023-06-30 16:00:00,102.90169509460355
2023-06-30 17:00:00,102.92384550058117
2023-07-02 18:00:00,102.93136398273398
2023-07-02 19:00:00,102.93601657012422
2023-07-02 20:00:00,102.95442955057916
2023-07-02 21:00:00,102.99914913942656
2023-07-02 22:00:00,102.94448398979573
2023-07-02 23:00:00,102.97470722617408
2023-07-03 00:00:00,102.92461638765155
2023-07-03 01:00:00,102.87315219847072
2023-07-03 02:00:00,102.99675885636758
2023-07-03 03:00:00,103.10148458234978
2023-07-03 04:00:00,103.24654213787981
2023-07-03 05:00:00,103.16920237873835
2023-07-03 06:00:00,103.13448734746672
2023-07-03 07:00:00,103.14174675870305
2023-07-03 08:00:00,103.10335659347548
2023-07-03 09:00:00,103.00060018327383
2023-07-03 10:00:00,102.93906725831924
2023-07-03 11:00:00,102.9840968659801
2023-07-03 12:00:00,102.91891750308645
2023-07-03 13:00:00,102.95015118252498
2023-07-03 14:00:00,103.00965182894812
2023-07-03 15:00:00,102.98666092227377
2023-07-03 16:00:00,103.00714194535992
2023-07-03 17:00:00,102.97275702844126
2023-07-03 18:00:00,102.98532115763551
2023-07-03 19:00:00,102.97940038562517
2023-07-03 20:00:00,102.96597210274044
2023-07-03 21:00:00,102.9644994925242
2023-07-03 22:00:00,102.97358442031693
2023-07-03 23:00:00,103.01052599489154
2023-07-04 00:00:00,103.0221227588429
2023-07-04 01:00:00,103.05187212118328
2023-07-04 02:00:00,103.08211362648886
2023-07-04 03:00:00,102.90043530838012
2023-07-04 04:00:00,102.99871425208487
2023-07-04 05:00:00,103.02620553642676
2023-07-04 06:00:00,103.00214006751382
2023-07-04 07:00:00,103.01259793423759
2023-07-04 08:00:00,102.98174807147286
2023-07-04 09:00:00,102.92766471983197
2023-07-04 10:00:00,102.94706782371563
2023-07-04 11:00:00,102.9321572451146
2023-07-04 12:00:00,102.93588012467274
2023-07-04 13:00:00,103.00349173005696
2023-07-04 14:00:00,103.00932312512653
2023-07-04 15:00:00,103.04175753283836
2023-07-04 16:00:00,103.07182529174338
2023-07-04 17:00:00,103.10789310941027
2023-07-04 18:00:00,103.09978067654652
2023-07-04 19:00:00,103.09000199022186
2023-07-04 20:00:00,103.06809439323315
2023-07-04 21:00:00,103.05068241396533
2023-07-04 22:00:00,103.1384558511546
2023-07-04 23:00:00,103.12475910350844
2023-07-05 00:00:00,103.12900809612584
2023-07-05 01:00:00,103.14410462162718
2023-07-05 02:00:00,103.11678694474215
2023-07-05 03:00:00,103.13401518297337
2023-07-05 04:00:00,103.08935131109743
2023-07-05 05:00:00,103.08894675640484
2023-07-05 06:00:00,103.04451896333613
2023-07-05 07:00:00,103.16851994291686
2023-07-05 08:00:00,103.17699339947444
2023-07-05 09:00:00,103.06068403560442
2023-07-05 10:00:00,103.0255562656288
2023-07-05 11:00:00,103.1813348128905
2023-07-05 12:00:00,103.24362474017089
2023-07-05 13:00:00,103.29139501315309
2023-07-05 14:00:00,103.29529577663546
2023-07-05 15:00:00,103.37382372948538
2023-07-05 16:00:00,103.3569594224546
2023-07-05 17:00:00,103.36332565013065
2023-07-05 18:00:00,103.32976435115103
2023-07-05 19:00:00,103.3632210490007
2023-07-05 20:00:00,103.3408938835366
2023-07-05 21:00:00,103.36203841240282
2023-07-05 22:00:00,103.3606709566576
2023-07-05 23:00:00,103.3627065189879
2023-07-06 00:00:00,103.42163664398309
2023-07-06 01:00:00,103.3682610881328
2023-07-06 02:00:00,103.26179471337318
2023-07-06 03:00:00,103.18875644468636
2023-07-06 04:00:00,103.2706416757656
2023-07-06 05:00:00,103.24399770740503
2023-07-06 06:00:00,103.25859176962798
2023-07-06 07:00:00,103.02074024317224
2023-07-06 08:00:00,102.95287042698799
2023-07-06 09:00:00,103.18940379704887
2023-07-06 10:00:00,103.1443504850078
2023-07-06 11:00:00,103.30104802753743
2023-07-06 12:00:00,103.23696379183261
2023-07-06 13:00:00,103.23114840021435
2023-07-06 14:00:00,103.1724386149365
2023-07-06 15:00:00,103.16987736809813
2023-07-06 16:00:00,103.12511622876421
2023-07-06 17:00:00,103.10237205839965
2023-07-06 18:00:00,103.11215021413227
2023-07-06 19:00:00,103.10336537095738
2023-07-06 20:00:00,103.10109252906378
2023-07-06 21:00:00,103.15508723470505
2023-07-06 22:00:00,103.13696076132243
2023-07-06 23:00:00,103.14094566076582
2023-07-07 00:00:00,103.11048188234221
2023-07-07 01:00:00,103.07752131755635
2023-07-07 02:00:00,103.0728855659407
2023-07-07 03:00:00,103.09118849313552
2023-07-07 04:00:00,103.12837753520607
2023-07-07 05:00:00,103.08174381590933
2023-07-07 06:00:00,103.06386702529437
2023-07-07 07:00:00,102.98726366654662
2023-07-07 08:00:00,103.02347724451407
2023-07-07 09:00:00,102.8368764937772
2023-07-07 10:00:00,102.71053318887103
2023-07-07 11:00:00,102.42071837568666
2023-07-07 12:00:00,102.31600687855803
2023-07-07 13:00:00,102.22956769352425
2023-07-07 14:00:00,102.26828787950593
2023-07-07 15:00:00,102.27417602369734
2023-07-07 16:00:00,102.29039363931201
2023-07-07 17:00:00,102.26999137565977
2023-07-09 18:00:00,102.29319146832547
2023-07-09 19:00:00,102.3004983675653
2023-07-09 20:00:00,102.29076417243765
2023-07-09 21:00:00,102.34976511228417
2023-07-09 22:00:00,102.37168078539003
2023-07-09 23:00:00,102.40827877404875
2023-07-10 00:00:00,102.4500014094311
2023-07-10 01:00:00,102.48920636896231
2023-07-10 02:00:00,102.52456809089102
2023-07-10 03:00:00,102.45054453814201
2023-07-10 04:00:00,102.39810275723283
2023-07-10 05:00:00,102.32799897849654
2023-07-10 06:00:00,102.38106531885646
2023-07-10 07:00:00,102.40971759719928
2023-07-10 08:00:00,102.42217021445246
2023-07-10 09:00:00,102.53799292929904
2023-07-10 10:00:00,102.28789918025011
2023-07-10 11:00:00,102.21031586721789
2023-07-10 12:00:00,102.08515347073833
2023-07-10 13:00:00,102.07002570196032
2023-07-10 14:00:00,102.01216813953965
2023-07-10 15:00:00,101.97211487870764
2023-07-10 16:00:00,101.97082341434812
2023-07-10 17:00:00,101.9519922160797
2023-07-10 18:00:00,101.96229823160067
2023-07-10 19:00:00,101.94910552204185
2023-07-10 20:00:00,101.92519558216121
2023-07-10 21:00:00,101.90582946833317
2023-07-10 22:00:00,101.86289384931871
2023-07-10 23:00:00,101.74390772598737
2023-07-11 00:00:00,101.7763600179862
2023-07-11 01:00:00,101.75992333410821
2023-07-11 02:00:00,101.85823926599296
2023-07-11 03:00:00,101.69981260156878
2023-07-11 04:00:00,101.79441021781231
2023-07-11 05:00:00,101.81539637277844
2023-07-11 06:00:00,101.74445122095301
2023-07-11 07:00:00,101.74725255360386
2023-07-11 08:00:00,101.87098326082204
2023-07-11 09:00:00,101.91337515153448
2023-07-11 10:00:00,101.89486814973694
2023-07-11 11:00:00,101.85383109329938
2023-07-11 12:00:00,101.81477136293135
2023-07-11 13:00:00,101.71574420753186
2023-07-11 14:00:00,101.69295310808783
2023-07-11 15:00:00,101.73362273082977
2023-07-11 16:00:00,101.6800590511785
2023-07-11 17:00:00,101.6578320737085
2023-07-11 18:00:00,101.66637875599994
2023-07-11 19:00:00,101.61454806604807
2023-07-11 20:00:00,101.60030492990128
2023-07-11 21:00:00,101.50993508637947
2023-07-11 22:00:00,101.41393380057795
2023-07-11 23:00:00,101.39401403813439
2023-07-12 00:00:00,101.41662864586098
2023-07-12 01:00:00,101.3509582748603
2023-07-12 02:00:00,101.43155700002964
2023-07-12 03:00:00,101.45865776824901
2023-07-12 04:00:00,101.45826116451902
2023-07-12 05:00:00,101.48861968995725
2023-07-12 06:00:00,101.47059090375576
2023-07-12 07:00:00,101.49070263877336
2023-07-12 08:00:00,101.52879037977384
2023-07-12 09:00:00,101.20138385890097
2023-07-12 10:00:00,100.83092809441057
2023-07-12 11:00:00,100.60657328461758
2023-07-12 12:00:00,100.60550952163369
2023-07-12 13:00:00,100.5617582924719
2023-07-12 14:00:00,100.5866553845607
2023-07-12 15:00:00,100.52044643235281
2023-07-12 16:00:00,100.5400670721005
2023-07-12 17:00:00,100.58035525717979
2023-07-12 18:00:00,100.58222542518854
2023-07-12 19:00:00,100.54201696710022
2023-07-12 20:00:00,100.49858727876146
2023-07-12 21:00:00,100.53796670155056
2023-07-12 22:00:00,100.48722298948668
2023-07-12 23:00:00,100.46552459999381
2023-07-13 00:00:00,100.46217028526053
2023-07-13 01:00:00,100.49532102913324
2023-07-13 02:00:00,100.60529669964542
2023-07-13 03:00:00,100.40862461152896
2023-07-13 04:00:00,100.35982171654594
2023-07-13 05:00:00,100.3168662874332
2023-07-13 06:00:00,100.23620150255394
2023-07-13 07:00:00,100.23889839176927
2023-07-13 08:00:00,100.21932334965489
2023-07-13 09:00:00,100.17821985452356
2023-07-13 10:00:00,99.97433667799538
2023-07-13 11:00:00,99.93481807531722
2023-07-13 12:00:00,99.9891501143312
2023-07-13 13:00:00,99.89163781149493
2023-07-13 14:00:00,99.82769418288457
2023-07-13 15:00:00,99.77044346615196
2023-07-13 16:00:00,99.75430605807989
2023-07-13 17:00:00,99.75266881087957
2023-07-13 18:00:00,99.76514118854405
2023-07-13 19:00:00,99.76266383702473
2023-07-13 20:00:00,99.77852902646902
2023-07-13 21:00:00,99.75607956567659
2023-07-13 22:00:00,99.65843435160133
2023-07-13 23:00:00,99.6538536258292
2023-07-14 00:00:00,99.59126829331677
2023-07-14 01:00:00,99.6746887619918
2023-07-14 02:00:00,99.78161220714884
2023-07-14 03:00:00,99.93542862743557
2023-07-14 04:00:00,99.82679013259555
2023-07-14 05:00:00,99.77593033619296
2023-07-14 06:00:00,99.83626016469174
2023-07-14 07:00:00,99.88834539387668
2023-07-14 08:00:00,99.85476105007423
2023-07-14 09:00:00,99.87816755319275
2023-07-14 10:00:00,99.78507019974145
2023-07-14 11:00:00,99.79175151594295
2023-07-14 12:00:00,99.88306120784105
2023-07-14 13:00:00,99.86112292145843
2023-07-14 14:00:00,99.91049495113927
2023-07-14 15:00:00,99.91409587927507
2023-07-14 16:00:00,99.98607769146331
2023-07-14 17:00:00,99.96311348524912
2023-07-16 18:00:00,99.9453944908775
2023-07-16 19:00:00,99.97556529398136
2023-07-16 20:00:00,99.95900729487278
2023-07-16 21:00:00,99.9381002484423
2023-07-16 22:00:00,100.00633149947494
2023-07-16 23:00:00,99.94288215487163
2023-07-17 00:00:00,99.96226964072459
2023-07-17 01:00:00,99.95238861836123
2023-07-17 02:00:00,99.9134612855274
2023-07-17 03:00:00,99.90386171190131
2023-07-17 04:00:00,99.81494927278729
2023-07-17 05:00:00,99.84187335198287
2023-07-17 06:00:00,99.795702406443
2023-07-17 07:00:00,99.88149357878183
2023-07-17 08:00:00,99.87883470716494
2023-07-17 09:00:00,99.93794597213622
2023-07-17 10:00:00,100.02973262377972
2023-07-17 11:00:00,99.94779016654141
2023-07-17 12:00:00,99.9151407602071
2023-07-17 13:00:00,99.91690188442495
2023-07-17 14:00:00,99.87974862371627
2023-07-17 15:00:00,99.8380577942046
2023-07-17 16:00:00,99.84723128556466
2023-07-17 17:00:00,99.89122062215509
2023-07-17 18:00:00,99.9032988446938
2023-07-17 19:00:00,99.88732518757907
2023-07-17 20:00:00,99.90557700290331
2023-07-17 21:00:00,99.88346550895058
2023-07-17 22:00:00,99.83984773025372
2023-07-17 23:00:00,99.80520774423056
2023-07-18 00:00:00,99.75976200957587
2023-07-18 01:00:00,99.7618935776848
2023-07-18 02:00:00,99.784687163222
2023-07-18 03:00:00,99.73118685135881
2023-07-18 04:00:00,99.72833000817512
2023-07-18 05:00:00,99.84373711996228
2023-07-18 06:00:00,99.72993526060375
2023-07-18 07:00:00,99.67881720644361
2023-07-18 08:00:00,99.72377536961349
2023-07-18 09:00:00,99.8094020923644
2023-07-18 10:00:00,99.95236511121112
2023-07-18 11:00:00,99.84498508522113
2023-07-18 12:00:00,99.9847119574698
2023-07-18 13:00:00,100.07059044098624
2023-07-18 14:00:00,100.01895659298857
2023-07-18 15:00:00,99.93747227092564
2023-07-18 16:00:00,99.9448978430813
2023-07-18 17:00:00,99.9488012502718
2023-07-18 18:00:00,99.94416004651714
2023-07-18 19:00:00,99.92931882763173
2023-07-18 20:00:00,99.9652819507106
2023-07-18 21:00:00,99.945111777352
2023-07-18 22:00:00,99.99365817390414
2023-07-18 23:00:00,100.0482994475498
2023-07-19 00:00:00,100.022205029687
2023-07-19 01:00:00,100.06694888829568
2023-07-19 02:00:00,99.96636555515894
2023-07-19 03:00:00,100.15723851718822
2023-07-19 04:00:00,100.11801542381322
2023-07-19 05:00:00,100.13440686779876
2023-07-19 06:00:00,100.14404153908622
2023-07-19 07:00:00,100.2607573999268
2023-07-19 08:00:00,100.27201326669694
2023-07-19 09:00:00,100.20764789389524
2023-07-19 10:00:00,100.22871898122132
2023-07-19 11:00:00,100.39145861287928
2023-07-19 12:00:00,100.37314126608825
2023-07-19 13:00:00,100.36192013797533
2023-07-19 14:00:00,100.29803775180272
2023-07-19 15:00:00,100.27949377286357
2023-07-19 16:00:00,100.27720067503407
2023-07-19 17:00:00,100.27471970373708
2023-07-19 18:00:00,100.28171376163314
2023-07-19 19:00:00,100.26302505913543
2023-07-19 20:00:00,100.25660596633712
2023-07-19 21:00:00,100.14449070471974
2023-07-19 22:00:00,100.04535750070141
2023-07-19 23:00:00,100.05190050900826
2023-07-20 00:00:00,100.05300056104649
2023-07-20 01:00:00,100.1090760527808
2023-07-20 02:00:00,100.13232837626524
2023-07-20 03:00:00,100.22343729428954
2023-07-20 04:00:00,100.26430619106493
2023-07-20 05:00:00,100.19848486619087
2023-07-20 06:00:00,100.18924252581809
2023-07-20 07:00:00,100.25363886794467
2023-07-20 08:00:00,100.24968058436343
2023-07-20 09:00:00,100.46481975210128
2023-07-20 10:00:00,100.46097252060851
2023-07-20 11:00:00,100.76437039773462
2023-07-20 12:00:00,100.86399494751637
2023-07-20 13:00:00,100.92492962496674
2023-07-20 14:00:00,100.846897071606
2023-07-20 15:00:00,100.87742646477402
2023-07-20 16:00:00,100.82061746300037
2023-07-20 17:00:00,100.82962719098536
2023-07-20 18:00:00,100.79696478559056
2023-07-20 19:00:00,100.7840975760827
2023-07-20 20:00:00,100.7784789277734
2023-07-20 21:00:00,100.76211666422392
2023-07-20 22:00:00,100.76069956315887
2023-07-20 23:00:00,100.76585741707174
2023-07-21 00:00:00,100.79525973884601
2023-07-21 01:00:00,100.76783345180186
2023-07-21 02:00:00,100.7561400251536
2023-07-21 03:00:00,100.7429399602809
2023-07-21 04:00:00,100.97822581829378
2023-07-21 05:00:00,101.0479500344706
2023-07-21 06:00:00,101.00578943597458
2023-07-21 07:00:00,101.04102826224847
2023-07-21 08:00:00,101.12324437594931
2023-07-21 09:00:00,101.03555853181685
2023-07-21 10:00:00,101.10630042029312
2023-07-21 11:00:00,101.1488334016765
2023-07-21 12:00:00,101.10894646813213
2023-07-21 13:00:00,101.06463164897535
2023-07-21 14:00:00,101.05730955826463
2023-07-21 15:00:00,101.06920007382027
2023-07-21 16:00:00,101.07293696819505
2023-07-21 17:00:00,101.09138776367968
2023-07-23 18:00:00,101.04252942663966
2023-07-23 19:00:00,101.06587144073833
2023-07-23 20:00:00,101.10238036989139
2023-07-23 21:00:00,101.04053526878532
2023-07-23 22:00:00,101.07531944960728
2023-07-23 23:00:00,101.0319588096204
2023-07-24 00:00:00,101.03550699780669
2023-07-24 01:00:00,101.06944811874745
2023-07-24 02:00:00,100.99827191790278
2023-07-24 03:00:00,100.97033369869065
2023-07-24 04:00:00,101.29158302403687
2023-07-24 05:00:00,101.37447626986389
2023-07-24 06:00:00,101.27065051503273
2023-07-24 07:00:00,101.20296893904562
2023-07-24 08:00:00,101.12435970680195
2023-07-24 09:00:00,101.19528910144183
2023-07-24 10:00:00,101.24233238060916
2023-07-24 11:00:00,101.26744850838857
2023-07-24 12:00:00,101.23995150288876
2023-07-24 13:00:00,101.2524023680085
2023-07-24 14:00:00,101.30946934119835
2023-07-24 15:00:00,101.34580378613062
2023-07-24 16:00:00,101.41833095772387
2023-07-24 17:00:00,101.38698777937924
2023-07-24 18:00:00,101.38376421458254
2023-07-24 19:00:00,101.40771244959508
2023-07-24 20:00:00,101.41678689840512
2023-07-24 21:00:00,101.37887720196707
2023-07-24 22:00:00,101.29494733989213
2023-07-24 23:00:00,101.23838688635762
2023-07-25 00:00:00,101.25949600124166
2023-07-25 01:00:00,101.33939346938875
2023-07-25 02:00:00,101.28177217101464
2023-07-25 03:00:00,101.24042611321082
2023-07-25 04:00:00,101.28501147222423
2023-07-25 05:00:00,101.3252985946431
2023-07-25 06:00:00,101.4847671457609
2023-07-25 07:00:00,101.4689119343093
2023-07-25 08:00:00,101.44555138687754
2023-07-25 09:00:00,101.43970333535785
2023-07-25 10:00:00,101.52360243682837
2023-07-25 11:00:00,101.41999831240807
2023-07-25 12:00:00,101.3402096848717
2023-07-25 13:00:00,101.39439560381578
2023-07-25 14:00:00,101.41212293611349
2023-07-25 15:00:00,101.34995038655228
2023-07-25 16:00:00,101.29734297933271
2023-07-25 17:00:00,101.26785464182983
2023-07-25 18:00:00,101.25843355370694
2023-07-25 19:00:00,101.30595762908273
2023-07-25 20:00:00,101.31750198311049
2023-07-25 21:00:00,101.37148681516639
2023-07-25 22:00:00,101.4305803409559
2023-07-25 23:00:00,101.3551948896082
2023-07-26 00:00:00,101.3251896958949
2023-07-26 01:00:00,101.34977240002563
2023-07-26 02:00:00,101.23783824869547
2023-07-26 03:00:00,101.20541243810415
2023-07-26 04:00:00,101.16374793445176
2023-07-26 05:00:00,101.11356503884322
2023-07-26 06:00:00,101.12504699502323
2023-07-26 07:00:00,101.0864345397385
2023-07-26 08:00:00,101.2112917040688
2023-07-26 09:00:00,101.19136450221858
2023-07-26 10:00:00,101.21012749781639
2023-07-26 11:00:00,101.21629939143311
2023-07-26 12:00:00,101.13430894562933
2023-07-26 13:00:00,101.1929562992681
2023-07-26 14:00:00,101.29361056507312
2023-07-26 15:00:00,100.8756036354408
2023-07-26 16:00:00,100.94898401440156
2023-07-26 17:00:00,101.02486756717076
2023-07-26 18:00:00,101.01433809529016
2023-07-26 19:00:00,101.0624132117309
2023-07-26 20:00:00,101.09919405953968
2023-07-26 21:00:00,101.01658725584741
2023-07-26 22:00:00,100.86445456993101
2023-07-26 23:00:00,100.84874409007514
2023-07-27 00:00:00,100.85206597059545
2023-07-27 01:00:00,100.89078401966914
2023-07-27 02:00:00,100.982017226489
2023-07-27 03:00:00,100.88307661130543
2023-07-27 04:00:00,100.66479699775425
2023-07-27 05:00:00,100.58977009067354
2023-07-27 06:00:00,100.6219168663957
2023-07-27 07:00:00,100.6704990970044
2023-07-27 08:00:00,100.63931448723079
2023-07-27 09:00:00,101.24931725435403
2023-07-27 10:00:00,101.61299767220372
2023-07-27 11:00:00,101.77162152482471
2023-07-27 12:00:00,101.69473179086486
2023-07-27 13:00:00,101.75903686334703
2023-07-27 14:00:00,101.56842852224713
2023-07-27 15:00:00,101.76723107154132
2023-07-27 16:00:00,101.79949573346536
2023-07-27 17:00:00,101.77087709677534
2023-07-27 18:00:00,101.75130363469583
2023-07-27 19:00:00,101.68423802915376
2023-07-27 20:00:00,101.69667044331398
2023-07-27 21:00:00,101.75037681967588
2023-07-27 22:00:00,101.71704820884163
2023-07-27 23:00:00,101.69708624350119
2023-07-28 00:00:00,101.79635275242345
2023-07-28 01:00:00,101.7405282808978
2023-07-28 02:00:00,101.66652020896866
2023-07-28 03:00:00,101.8117311770344
2023-07-28 04:00:00,101.99911944015406
2023-07-28 05:00:00,101.90396660886483
2023-07-28 06:00:00,101.75135668274343
2023-07-28 07:00:00,101.60697707152323
2023-07-28 08:00:00,101.47480357682909
2023-07-28 09:00:00,101.55476988953399
2023-07-28 10:00:00,101.60143284052948
2023-07-28 11:00:00,101.46299690251176
2023-07-28 12:00:00,101.4907433027378
2023-07-28 13:00:00,101.56734585791475
2023-07-28 14:00:00,101.62574221844135
2023-07-28 15:00:00,101.62339201406635
2023-07-28 16:00:00,101.63448923121562
2023-07-28 17:00:00,101.69815824168062
2023-07-30 18:00:00,101.65043480340962
2023-07-30 19:00:00,101.59670684955697
2023-07-30 20:00:00,101.61166810264
2023-07-30 21:00:00,101.63203425045576
2023-07-30 22:00:00,101.75450234182365
2023-07-30 23:00:00,101.75266803735936
2023-07-31 00:00:00,101.78231859178388
2023-07-31 01:00:00,101.83965237113769
2023-07-31 02:00:00,101.7722093294977
2023-07-31 03:00:00,101.79324779467717
2023-07-31 04:00:00,101.76325755028999
2023-07-31 05:00:00,101.70267199190309
2023-07-31 06:00:00,101.68438367453615
2023-07-31 07:00:00,101.63779679312727
2023-07-31 08:00:00,101.6990194983849
2023-07-31 09:00:00,101.69682234860203
2023-07-31 10:00:00,101.61614636113535
2023-07-31 11:00:00,101.6405245737715
2023-07-31 12:00:00,101.69627146585013
2023-07-31 13:00:00,101.75542223508047
2023-07-31 14:00:00,101.78710930467375
2023-07-31 15:00:00,101.85456262867919
2023-07-31 16:00:00,101.88966801635797
2023-07-31 17:00:00,101.87483839650665
2023-07-31 18:00:00,101.86382697682077
2023-07-31 19:00:00,101.85025301012737
2023-07-31 20:00:00,101.89461861299385
2023-07-31 21:00:00,101.95864080719291
2023-07-31 22:00:00,102.02389320518618
2023-07-31 23:00:00,102.0191203188117
2023-08-01 00:00:00,102.0235325146741
2023-08-01 01:00:00,101.99566450005537
2023-08-01 02:00:00,101.95373820125216
2023-08-01 03:00:00,101.96683914720838
2023-08-01 04:00:00,102.09883659789492
2023-08-01 05:00:00,102.13704156175528
2023-08-01 06:00:00,102.14175112703604
2023-08-01 07:00:00,102.12857764638457
2023-08-01 08:00:00,102.21786323875479
2023-08-01 09:00:00,102.4056628603609
2023-08-01 10:00:00,102.28500861658696
2023-08-01 11:00:00,102.25744501464254
2023-08-01 12:00:00,102.33794455946118
2023-08-01 13:00:00,102.32099502665766
2023-08-01 14:00:00,102.39456411103548
2023-08-01 15:00:00,102.30171218496004
2023-08-01 16:00:00,102.24003106071902
2023-08-01 17:00:00,102.2135845969156
2023-08-01 18:00:00,101.93519785592393
2023-08-01 19:00:00,101.99814429544396
2023-08-01 20:00:00,102.00699574319898
2023-08-01 21:00:00,102.10621131113724
2023-08-01 22:00:00,102.13886091297282
2023-08-01 23:00:00,102.2163337682024
2023-08-02 00:00:00,102.18980123071752
2023-08-02 01:00:00,102.16671663292914
2023-08-02 02:00:00,102.12818142624951
2023-08-02 03:00:00,102.13445026787286
2023-08-02 04:00:00,102.14205864315097
2023-08-02 05:00:00,102.15401665306042
2023-08-02 06:00:00,102.21279376003329
2023-08-02 07:00:00,102.22151806382088
2023-08-02 08:00:00,102.25978827166587
2023-08-02 09:00:00,102.4582772460742
2023-08-02 10:00:00,102.55540554401956
2023-08-02 11:00:00,102.72563751785856
2023-08-02 12:00:00,102.61994478138111
2023-08-02 13:00:00,102.50988149659098
2023-08-02 14:00:00,102.55118582124996
2023-08-02 15:00:00,102.58909395617017
2023-08-02 16:00:00,102.62350537095378
2023-08-02 17:00:00,102.63446448984502
2023-08-02 18:00:00,102.62043369113688
2023-08-02 19:00:00,102.57950577927701
2023-08-02 20:00:00,102.59100706136508
2023-08-02 21:00:00,102.61577390133468
2023-08-02 22:00:00,102.57026586435735
2023-08-02 23:00:00,102.64592106890275
2023-08-03 00:00:00,102.63836342744767
2023-08-03 01:00:00,102.77603960704353
2023-08-03 02:00:00,102.63780393316013
2023-08-03 03:00:00,102.79531047348507
2023-08-03 04:00:00,102.73950638730052
2023-08-03 05:00:00,102.72098727193269
2023-08-03 06:00:00,102.68376405489869
2023-08-03 07:00:00,102.67648849476866
2023-08-03 08:00:00,102.69050783250078
2023-08-03 09:00:00,102.60428179274166
2023-08-03 10:00:00,102.75172579422565
2023-08-03 11:00:00,102.5913920714394
2023-08-03 12:00:00,102.47867730575565
2023-08-03 13:00:00,102.41481819969268
2023-08-03 14:00:00,102.50129403501256
2023-08-03 15:00:00,102.5436857498765
2023-08-03 16:00:00,102.52202354919945
2023-08-03 17:00:00,102.46990026460517
2023-08-03 18:00:00,102.47210051267031
2023-08-03 19:00:00,102.44949966522057
2023-08-03 20:00:00,102.45864326495268
2023-08-03 21:00:00,102.41935752744943
2023-08-03 22:00:00,102.39400647191184
2023-08-03 23:00:00,102.39923894502947
2023-08-04 00:00:00,102.41257244250906
2023-08-04 01:00:00,102.43888637209051
2023-08-04 02:00:00,102.43253468275604
2023-08-04 03:00:00,102.49888832531296
2023-08-04 04:00:00,102.52264513872932
2023-08-04 05:00:00,102.57421434252177
2023-08-04 06:00:00,102.53946856125089
2023-08-04 07:00:00,102.56073706638038
2023-08-04 08:00:00,102.60089301704106
2023-08-04 09:00:00,102.17977121071885
2023-08-04 10:00:00,101.95150542578155
2023-08-04 11:00:00,101.90593674428267
2023-08-04 12:00:00,101.80715520473565
2023-08-04 13:00:00,101.79072910760037
2023-08-04 14:00:00,101.83678843635776
2023-08-04 15:00:00,102.0167726960733
2023-08-04 16:00:00,102.029791493747
2023-08-04 17:00:00,102.00158843187837
2023-08-06 18:00:00,101.99155819079365
2023-08-06 19:00:00,102.04197100793712
2023-08-06 20:00:00,102.06184705893732
2023-08-06 21:00:00,101.97338883931532
2023-08-06 22:00:00,102.06133758688483
2023-08-06 23:00:00,102.0831675458478
2023-08-07 00:00:00,102.13918321861085
2023-08-07 01:00:00,102.13050696090465
2023-08-07 02:00:00,102.23932849917283
2023-08-07 03:00:00,102.25796129662248
2023-08-07 04:00:00,102.14300608885384
2023-08-07 05:00:00,102.30237600377811
2023-08-07 06:00:00,102.36523362336078
2023-08-07 07:00:00,102.32888776386243
2023-08-07 08:00:00,102.21033972481106
2023-08-07 09:00:00,102.08036005459576
2023-08-07 10:00:00,102.13911433092288
2023-08-07 11:00:00,102.09941448444485
2023-08-07 12:00:00,102.12223585749379
2023-08-07 13:00:00,102.1040655097121
2023-08-07 14:00:00,102.0539018558469
2023-08-07 15:00:00,102.04546381472545
2023-08-07 16:00:00,102.0638219472506
2023-08-07 17:00:00,102.07199566340442
2023-08-07 18:00:00,102.06996123344494
2023-08-07 19:00:00,102.08081139077721
2023-08-07 20:00:00,102.08780098668518
2023-08-07 21:00:00,102.20903037441471
2023-08-07 22:00:00,102.34941525106203
2023-08-07 23:00:00,102.2775717748662
2023-08-08 00:00:00,102.33331927026339
2023-08-08 01:00:00,102.25446234264031
2023-08-08 02:00:00,102.22892283561106
2023-08-08 03:00:00,102.22140207670152
2023-08-08 04:00:00,102.3554222366256
2023-08-08 05:00:00,102.3165102485661
2023-08-08 06:00:00,102.44155289232543
2023-08-08 07:00:00,102.59159700415886
2023-08-08 08:00:00,102.69957494576354
2023-08-08 09:00:00,102.69851465384778
2023-08-08 10:00:00,102.72156277835562
2023-08-08 11:00:00,102.64798212405887
2023-08-08 12:00:00,102.60943607886595
2023-08-08 13:00:00,102.61396364365926
2023-08-08 14:00:00,102.52016370123026
2023-08-08 15:00:00,102.52328307767203
2023-08-08 16:00:00,102.54526975958305
2023-08-08 17:00:00,102.54334196575803
2023-08-08 18:00:00,102.55449996203104
2023-08-08 19:00:00,102.58266174229887
2023-08-08 20:00:00,102.52781718994204
2023-08-08 21:00:00,102.5485798549215
2023-08-08 22:00:00,102.50339240872245
2023-08-08 23:00:00,102.44250846859207
2023-08-09 00:00:00,102.45925184380063
2023-08-09 01:00:00,102.44943388999202
2023-08-09 02:00:00,102.37466818542377
2023-08-09 03:00:00,102.37424579304111
2023-08-09 04:00:00,102.32056624179285
2023-08-09 05:00:00,102.35068194798224
2023-08-09 06:00:00,102.41004463441024
2023-08-09 07:00:00,102.43693161832765
2023-08-09 08:00:00,102.49036964888288
2023-08-09 09:00:00,102.43478571839242
2023-08-09 10:00:00,102.42503708080469
2023-08-09 11:00:00,102.44993249751063
2023-08-09 12:00:00,102.51630311559244
2023-08-09 13:00:00,102.47839730791456
2023-08-09 14:00:00,102.45465804161938
2023-08-09 15:00:00,102.4888107605114
2023-08-09 16:00:00,102.50530765740704
2023-08-09 17:00:00,102.50758211651082
2023-08-09 18:00:00,102.48317016191216
2023-08-09 19:00:00,102.47774100765767
2023-08-09 20:00:00,102.47932199516768
2023-08-09 21:00:00,102.52676333081214
2023-08-09 22:00:00,102.51244100831173
2023-08-09 23:00:00,102.48195585600023
2023-08-10 00:00:00,102.4871953853623
2023-08-10 01:00:00,102.50500614509951
2023-08-10 02:00:00,102.45005202272675
2023-08-10 03:00:00,102.38204726810076
2023-08-10 04:00:00,102.2628442884436
2023-08-10 05:00:00,102.19784235095686
2023-08-10 06:00:00,102.18815283890784
2023-08-10 07:00:00,102.12300354336124
2023-08-10 08:00:00,102.17945339203102
2023-08-10 09:00:00,102.00469192391078
2023-08-10 10:00:00,102.05335700448926
2023-08-10 11:00:00,102.25472669293131
2023-08-10 12:00:00,102.2993486566713
2023-08-10 13:00:00,102.33646278136423
2023-08-10 14:00:00,102.61662318664604
2023-08-10 15:00:00,102.52330968336983
2023-08-10 16:00:00,102.64324946531445
2023-08-10 17:00:00,102.63726943374442
2023-08-10 18:00:00,102.5986366628456
2023-08-10 19:00:00,102.63089315576259
2023-08-10 20:00:00,102.64372863744623
2023-08-10 21:00:00,102.58608941996889
2023-08-10 22:00:00,102.52748271233183
2023-08-10 23:00:00,102.57470801147484
2023-08-11 00:00:00,102.5713469103262
2023-08-11 01:00:00,102.5929096030255
2023-08-11 02:00:00,102.54571430051243
2023-08-11 03:00:00,102.55058384293709
2023-08-11 04:00:00,102.52861515887214
2023-08-11 05:00:00,102.4854937304028
2023-08-11 06:00:00,102.63907007595803
2023-08-11 07:00:00,102.52218207855074
2023-08-11 08:00:00,102.46187084456277
2023-08-11 09:00:00,102.74613723307428
2023-08-11 10:00:00,102.7630878567949
2023-08-11 11:00:00,102.66042428708482
2023-08-11 12:00:00,102.81295159765749
2023-08-11 13:00:00,102.87531332861862
2023-08-11 14:00:00,102.89379659720973
2023-08-11 15:00:00,102.84245284215967
2023-08-11 16:00:00,102.86341828826939
2023-08-11 17:00:00,102.8700382400022
2023-08-13 18:00:00,102.85642926022025
2023-08-13 19:00:00,102.89028047093431
2023-08-13 20:00:00,102.87472165999017
2023-08-13 21:00:00,102.9495861101876
2023-08-13 22:00:00,102.95637371059391
2023-08-13 23:00:00,103.01342841637377
2023-08-14 00:00:00,102.99935167103786
2023-08-14 01:00:00,102.97113166605615
2023-08-14 02:00:00,102.9380949299094
2023-08-14 03:00:00,102.98024306125417
2023-08-14 04:00:00,102.82194330732236
2023-08-14 05:00:00,102.87434342025253
2023-08-14 06:00:00,102.8407843264139
2023-08-14 07:00:00,102.86662885957551
2023-08-14 08:00:00,102.92057107649701
2023-08-14 09:00:00,103.20241030552906
2023-08-14 10:00:00,103.39713217138389
2023-08-14 11:00:00,103.20786434992803
2023-08-14 12:00:00,103.04574249481253
2023-08-14 13:00:00,102.98815542597089
2023-08-14 14:00:00,103.06728823127133
2023-08-14 15:00:00,103.1896402368161
2023-08-14 16:00:00,103.17622177868436
2023-08-14 17:00:00,103.15344048086796
2023-08-14 18:00:00,103.17078461481965
2023-08-14 19:00:00,103.14628074774353
2023-08-14 20:00:00,103.13839214266318
2023-08-14 21:00:00,103.14644738106878
2023-08-14 22:00:00,103.1134816309667
2023-08-14 23:00:00,103.13231480698238
2023-08-15 00:00:00,103.08068960051759
2023-08-15 01:00:00,103.11715008433245
2023-08-15 02:00:00,103.1077873887356
2023-08-15 03:00:00,103.05478030280678
2023-08-15 04:00:00,103.12095451608255
2023-08-15 05:00:00,103.0441358947354
2023-08-15 06:00:00,102.94605053487545
2023-08-15 07:00:00,103.00881226225916
2023-08-15 08:00:00,103.04779232917625
2023-08-15 09:00:00,103.05901778595721
2023-08-15 10:00:00,102.91024985760097
2023-08-15 11:00:00,102.87990329838046
2023-08-15 12:00:00,102.9966772459597
2023-08-15 13:00:00,103.0973610586788
2023-08-15 14:00:00,103.09542749448893
2023-08-15 15:00:00,103.21110423723356
2023-08-15 16:00:00,103.19581301700438
2023-08-15 17:00:00,103.20700703808525
2023-08-15 18:00:00,103.20018652869942
2023-08-15 19:00:00,103.22009212552625
2023-08-15 20:00:00,103.21256748017504
2023-08-15 21:00:00,103.22362627533278
2023-08-15 22:00:00,103.20545181079574
2023-08-15 23:00:00,103.2156196112205
2023-08-16 00:00:00,103.19411399583156
2023-08-16 01:00:00,103.13924355931881
2023-08-16 02:00:00,103.11850123331246
2023-08-16 03:00:00,103.07623004696283
2023-08-16 04:00:00,103.02735977502219
2023-08-16 05:00:00,102.99304366486793
2023-08-16 06:00:00,103.01696238484354
2023-08-16 07:00:00,103.09304877070812
2023-08-16 08:00:00,103.13268594559072
2023-08-16 09:00:00,103.24920302860222
2023-08-16 10:00:00,103.17551037172446
2023-08-16 11:00:00,103.1894023451489
2023-08-16 12:00:00,103.21831708288249
2023-08-16 13:00:00,103.35260145513986
2023-08-16 14:00:00,103.32556690724317
2023-08-16 15:00:00,103.43318678005899
2023-08-16 16:00:00,103.48886619740593
2023-08-16 17:00:00,103.4462958991614
2023-08-16 18:00:00,103.4204165529419
2023-08-16 19:00:00,103.43870318414011
2023-08-16 20:00:00,103.4795405266032
2023-08-16 21:00:00,103.53125306432159
2023-08-16 22:00:00,103.55065885027254
2023-08-16 23:00:00,103.55171985880656
2023-08-17 00:00:00,103.56522413116475
2023-08-17 01:00:00,103.52216003098087
2023-08-17 02:00:00,103.48739104964513
2023-08-17 03:00:00,103.40107072449906
2023-08-17 04:00:00,103.4135364036373
2023-08-17 05:00:00,103.48210533879806
2023-08-17 06:00:00,103.45805591974072
2023-08-17 07:00:00,103.3396398065993
2023-08-17 08:00:00,103.23857612486219
2023-08-17 09:00:00,103.15549660556432
2023-08-17 10:00:00,103.22721796596895
2023-08-17 11:00:00,103.30152971147263
2023-08-17 12:00:00,103.42586727447197
2023-08-17 13:00:00,103.38610698865615
2023-08-17 14:00:00,103.54110117352803
2023-08-17 15:00:00,103.5754399509337
2023-08-17 16:00:00,103.41763831323073
2023-08-17 17:00:00,103.43142486543489
2023-08-17 18:00:00,103.4285528133443
2023-08-17 19:00:00,103.40474843473693
2023-08-17 20:00:00,103.40115743267765
2023-08-17 21:00:00,103.28689966727542
2023-08-17 22:00:00,103.2489232364207
2023-08-17 23:00:00,103.2789014082902
2023-08-18 00:00:00,103.29240536551322
2023-08-18 01:00:00,103.33734887194835
2023-08-18 02:00:00,103.31467750120902
2023-08-18 03:00:00,103.42161297465921
2023-08-18 04:00:00,103.41922838850375
2023-08-18 05:00:00,103.47466422834981
2023-08-18 06:00:00,103.4573247110743
2023-08-18 07:00:00,103.49272660068684
2023-08-18 08:00:00,103.5194419243662
2023-08-18 09:00:00,103.58800735209095
2023-08-18 10:00:00,103.42815365857604
2023-08-18 11:00:00,103.43025992147273
2023-08-18 12:00:00,103.39365948906143
2023-08-18 13:00:00,103.36382559532652
2023-08-18 14:00:00,103.32896076590822
2023-08-18 15:00:00,103.37569536416738
2023-08-18 16:00:00,103.42256954935773
2023-08-18 17:00:00,103.43300064414606
2023-08-20 18:00:00,103.41046484476132
2023-08-20 19:00:00,103.40219055935346
2023-08-20 20:00:00,103.3957496400012
2023-08-20 21:00:00,103.34983531820056
2023-08-20 22:00:00,103.44346500169911
2023-08-20 23:00:00,103.36429255049295
2023-08-21 00:00:00,103.38903361772695
2023-08-21 01:00:00,103.37468774565656
2023-08-21 02:00:00,103.38021471685404
2023-08-21 03:00:00,103.41490295026064
2023-08-21 04:00:00,103.31906559866137
2023-08-21 05:00:00,103.36935175629222
2023-08-21 06:00:00,103.25391115588674
2023-08-21 07:00:00,103.29250944113404
2023-08-21 08:00:00,103.17795101640242
2023-08-21 09:00:00,103.27692101059345
2023-08-21 10:00:00,103.38555797967643
2023-08-21 11:00:00,103.42969177633685
2023-08-21 12:00:00,103.42881504470387
2023-08-21 13:00:00,103.30529067956849
2023-08-21 14:00:00,103.31825718532825
2023-08-21 15:00:00,103.299511959183
2023-08-21 16:00:00,103.32850987788285
2023-08-21 17:00:00,103.3348801714494
2023-08-21 18:00:00,103.3301040303511
2023-08-21 19:00:00,103.3316870135226
2023-08-21 20:00:00,103.32297167421252
2023-08-21 21:00:00,103.3025138880982
2023-08-21 22:00:00,103.25232185419912
2023-08-21 23:00:00,103.23548901290037
2023-08-22 00:00:00,103.17732644594176
2023-08-22 01:00:00,103.22071823179613
2023-08-22 02:00:00,103.25460355605988
2023-08-22 03:00:00,103.13515795374849
2023-08-22 04:00:00,103.04786918217549
2023-08-22 05:00:00,103.13807665674283
2023-08-22 06:00:00,103.13166439675925
2023-08-22 07:00:00,103.29763450958279
2023-08-22 08:00:00,103.29908887605457
2023-08-22 09:00:00,103.46886574322863
2023-08-22 10:00:00,103.6548215053673
2023-08-22 11:00:00,103.57388406809115
2023-08-22 12:00:00,103.59898963287215
2023-08-22 13:00:00,103.57711272983514
2023-08-22 14:00:00,103.55689104151315
2023-08-22 15:00:00,103.56200930652108
2023-08-22 16:00:00,103.61110161244122
2023-08-22 17:00:00,103.59612615009036
2023-08-22 18:00:00,103.61125612395536
2023-08-22 19:00:00,103.5967519709186
2023-08-22 20:00:00,103.58787086159397
2023-08-22 21:00:00,103.56361067300178
2023-08-22 22:00:00,103.48999621317587
2023-08-22 23:00:00,103.51041253509867
2023-08-23 00:00:00,103.48181218175698
2023-08-23 01:00:00,103.45830869401226
2023-08-23 02:00:00,103.44990693057615
2023-08-23 03:00:00,103.46897429498595
2023-08-23 04:00:00,103.73724705073428
2023-08-23 05:00:00,103.76935812849926
2023-08-23 06:00:00,103.8875101463006
2023-08-23 07:00:00,103.92669122455177
2023-08-23 08:00:00,103.89988821291436
2023-08-23 09:00:00,103.95694228376094
2023-08-23 10:00:00,103.60370560654512
2023-08-23 11:00:00,103.54650961946462
2023-08-23 12:00:00,103.39507698856423
2023-08-23 13:00:00,103.36702353885998
2023-08-23 14:00:00,103.3660051803248
2023-08-23 15:00:00,103.41982827718233
2023-08-23 16:00:00,103.39035816217938
2023-08-23 17:00:00,103.38164573924378
2023-08-23 18:00:00,103.38350775742822
2023-08-23 19:00:00,103.3690136444981
2023-08-23 20:00:00,103.35013264194777
2023-08-23 21:00:00,103.33617737466767
2023-08-23 22:00:00,103.42955835478934
2023-08-23 23:00:00,103.38790862410008
2023-08-24 00:00:00,103.38502487656639
2023-08-24 01:00:00,103.36780143359469
2023-08-24 02:00:00,103.35820282219721
2023-08-24 03:00:00,103.45656654428693
2023-08-24 04:00:00,103.5132206248814
2023-08-24 05:00:00,103.4768095671762
2023-08-24 06:00:00,103.61855164446501
2023-08-24 07:00:00,103.56236896782951
2023-08-24 08:00:00,103.69648211672582
2023-08-24 09:00:00,103.88175386575513
2023-08-24 10:00:00,103.71043484176698
2023-08-24 11:00:00,103.72472384134582
2023-08-24 12:00:00,103.84225514233023
2023-08-24 13:00:00,103.8831400230008
2023-08-24 14:00:00,103.9357013612976
2023-08-24 15:00:00,103.98249903228611
2023-08-24 16:00:00,104.01883766861386
2023-08-24 17:00:00,103.9894120126445
2023-08-24 18:00:00,103.96461237895711
2023-08-24 19:00:00,104.02141241600674
2023-08-24 20:00:00,104.08909646151777
2023-08-24 21:00:00,104.11130970518585
2023-08-24 22:00:00,104.16574919666562
2023-08-24 23:00:00,104.19341914267211
2023-08-25 00:00:00,104.24435151139272
2023-08-25 01:00:00,104.22857346303844
2023-08-25 02:00:00,104.16249781244177
2023-08-25 03:00:00,104.23584171338294
2023-08-25 04:00:00,104.27505987884823
2023-08-25 05:00:00,104.1594403065207
2023-08-25 06:00:00,104.15338815088855
2023-08-25 07:00:00,104.02339888107632
2023-08-25 08:00:00,104.03150631264023
2023-08-25 09:00:00,103.97202928894568
2023-08-25 10:00:00,104.03737524415911
2023-08-25 11:00:00,104.40287811286963
2023-08-25 12:00:00,104.27117160602508
2023-08-25 13:00:00,104.18350666341227
2023-08-25 14:00:00,104.14992158730254
2023-08-25 15:00:00,104.07850758686821
2023-08-25 16:00:00,104.12466337127111
2023-08-25 17:00:00,104.19342149356775
2023-08-27 18:00:00,104.16647436210837
2023-08-27 19:00:00,104.2064299449563
2023-08-27 20:00:00,104.17080699791562
2023-08-27 21:00:00,104.12625284684877
2023-08-27 22:00:00,104.12268989350503
2023-08-27 23:00:00,104.07350181275862
2023-08-28 00:00:00,104.07117756293101
2023-08-28 01:00:00,104.0776337394534
2023-08-28 02:00:00,104.054690111095
2023-08-28 03:00:00,104.01540822666853
2023-08-28 04:00:00,104.11124763427917
2023-08-28 05:00:00,104.16486337534559
2023-08-28 06:00:00,104.11838952521367
2023-08-28 07:00:00,104.08412756033374
2023-08-28 08:00:00,104.1197521252596
2023-08-28 09:00:00,104.06102447881368
2023-08-28 10:00:00,104.0778530297371
2023-08-28 11:00:00,104.12386781836183
2023-08-28 12:00:00,104.06650658946592
2023-08-28 13:00:00,104.07598773080505
2023-08-28 14:00:00,104.07802507987174
2023-08-28 15:00:00,104.05682265729081
2023-08-28 16:00:00,104.01102298664289
2023-08-28 17:00:00,104.0085275892299
2023-08-28 18:00:00,104.00301291341157
2023-08-28 19:00:00,103.94376304679464
2023-08-28 20:00:00,103.95037518611633
2023-08-28 21:00:00,103.95917574452153
2023-08-28 22:00:00,103.86522425777623
2023-08-28 23:00:00,103.85509481377748
2023-08-29 00:00:00,103.84726196634882
2023-08-29 01:00:00,103.93882852025024
2023-08-29 02:00:00,103.94352072932837
2023-08-29 03:00:00,104.04332752145763
2023-08-29 04:00:00,103.99036842999735
2023-08-29 05:00:00,104.06090391600132
2023-08-29 06:00:00,104.02688937112757
2023-08-29 07:00:00,104.13530200731714
2023-08-29 08:00:00,104.19692638446577
2023-08-29 09:00:00,104.29057941311054
2023-08-29 10:00:00,104.20574965961298
2023-08-29 11:00:00,103.93501644071428
2023-08-29 12:00:00,103.72834730377335
2023-08-29 13:00:00,103.62758566939192
2023-08-29 14:00:00,103.52637777843478
2023-08-29 15:00:00,103.52982465495477
2023-08-29 16:00:00,103.42463204755303
2023-08-29 17:00:00,103.47521117642361
2023-08-29 18:00:00,103.476985696014
2023-08-29 19:00:00,103.42832273749482
2023-08-29 20:00:00,103.5571380775842
2023-08-29 21:00:00,103.5424998519733
2023-08-29 22:00:00,103.59025824769793
2023-08-29 23:00:00,103.61091633142185
2023-08-30 00:00:00,103.58481758687631
2023-08-30 01:00:00,103.65842137345238
2023-08-30 02:00:00,103.6266668605379
2023-08-30 03:00:00,103.60264681602577
2023-08-30 04:00:00,103.6200132551636
2023-08-30 05:00:00,103.62325008079193
2023-08-30 06:00:00,103.47017418665244
2023-08-30 07:00:00,103.44397982343305
2023-08-30 08:00:00,103.5228328340934
2023-08-30 09:00:00,103.13484237709875
2023-08-30 10:00:00,102.93639087564637
2023-08-30 11:00:00,103.07256573417651
2023-08-30 12:00:00,103.09633645545566
2023-08-30 13:00:00,103.1377492684064
2023-08-30 14:00:00,103.19038771993888
2023-08-30 15:00:00,103.15711826562739
2023-08-30 16:00:00,103.18532351169479
2023-08-30 17:00:00,103.16654500676472
2023-08-30 18:00:00,103.15433581238642
2023-08-30 19:00:00,103.13851581629292
2023-08-30 20:00:00,103.12576763272449
2023-08-30 21:00:00,103.0904196535472
2023-08-30 22:00:00,103.086549756334
2023-08-30 23:00:00,103.13013582602403
2023-08-31 00:00:00,103.16028992577
2023-08-31 01:00:00,103.16024866040783
2023-08-31 02:00:00,103.1748641233047
2023-08-31 03:00:00,103.27348630088673
2023-08-31 04:00:00,103.33919199867215
2023-08-31 05:00:00,103.4557091427503
2023-08-31 06:00:00,103.49173223145758
2023-08-31 07:00:00,103.49838113514801
2023-08-31 08:00:00,103.50961296561786
2023-08-31 09:00:00,103.45318301114112
2023-08-31 10:00:00,103.64919473961187
2023-08-31 11:00:00,103.58563918219072
2023-08-31 12:00:00,103.70324699555742
2023-08-31 13:00:00,103.68472703743353
2023-08-31 14:00:00,103.60297349625237
2023-08-31 15:00:00,103.61496190408144
2023-08-31 16:00:00,103.6282765617055
2023-08-31 17:00:00,103.63604942019701
2023-08-31 18:00:00,103.64030019699571
2023-08-31 19:00:00,103.64169974198683
2023-08-31 20:00:00,103.63380782030363
2023-08-31 21:00:00,103.6825396719449
2023-08-31 22:00:00,103.5922298839233
2023-08-31 23:00:00,103.62215991649107
2023-09-01 00:00:00,103.65096434570333
2023-09-01 01:00:00,103.61429117388874
2023-09-01 02:00:00,103.62451073488066
2023-09-01 03:00:00,103.6142785393801
2023-09-01 04:00:00,103.5188118385162
2023-09-01 05:00:00,103.59474801085406
2023-09-01 06:00:00,103.57541187657795
2023-09-01 07:00:00,103.59516489126202
2023-09-01 08:00:00,103.6736874238178
2023-09-01 09:00:00,103.42204233359607
2023-09-01 10:00:00,103.59311953596834
2023-09-01 11:00:00,103.99955269291189
2023-09-01 12:00:00,104.19035976666764
2023-09-01 13:00:00,104.21503677763366
2023-09-01 14:00:00,104.19713752792174
2023-09-01 15:00:00,104.2358327467842
2023-09-01 16:00:00,104.27304436663172
2023-09-01 17:00:00,104.26693275142388
2023-09-03 18:00:00,104.26025074806964
2023-09-03 19:00:00,104.27085288352312
2023-09-03 20:00:00,104.23957207069482
2023-09-03 21:00:00,104.2224576220337
2023-09-03 22:00:00,104.24886806204535
2023-09-03 23:00:00,104.16336768409614
2023-09-04 00:00:00,104.16332081081867
2023-09-04 01:00:00,104.15420607215489
2023-09-04 02:00:00,104.1538731541278
2023-09-04 03:00:00,104.13424753170214
2023-09-04 04:00:00,104.11919210473121
2023-09-04 05:00:00,104.09771704183032
2023-09-04 06:00:00,104.11755598560312
2023-09-04 07:00:00,104.04419191006052
2023-09-04 08:00:00,104.08553455361951
2023-09-04 09:00:00,104.11820917084492
2023-09-04 10:00:00,104.1187684725537
2023-09-04 11:00:00,104.197306924088
2023-09-04 12:00:00,104.10009194781824
2023-09-04 13:00:00,104.12933264886755
2023-09-04 14:00:00,104.11885685727071
2023-09-04 15:00:00,104.11330765289367
2023-09-04 16:00:00,104.12723298002999
2023-09-04 17:00:00,104.10780737423016
2023-09-04 18:00:00,104.11156694786844
2023-09-04 19:00:00,104.12277503275128
2023-09-04 20:00:00,104.15527317882702
2023-09-04 21:00:00,104.13478672500385
2023-09-04 22:00:00,104.19205433234009
2023-09-04 23:00:00,104.21884391356099
2023-09-05 00:00:00,104.21444831176353
2023-09-05 01:00:00,104.17596166822449
2023-09-05 02:00:00,104.26525668112943
2023-09-05 03:00:00,104.43593193695601
2023-09-05 04:00:00,104.52463068927105
2023-09-05 05:00:00,104.6157480662148
2023-09-05 06:00:00,104.6071587072788
2023-09-05 07:00:00,104.6676934434306
2023-09-05 08:00:00,104.72587845122018
2023-09-05 09:00:00,104.59358904112715
2023-09-05 10:00:00,104.72358150530208
2023-09-05 11:00:00,104.89306398215146
2023-09-05 12:00:00,104.72170249769756
2023-09-05 13:00:00,104.7122020413594
2023-09-05 14:00:00,104.79351494002151
2023-09-05 15:00:00,104.80758914550412
2023-09-05 16:00:00,104.81061735750765
2023-09-05 17:00:00,104.80527577199204
2023-09-05 18:00:00,104.78298268090545
2023-09-05 19:00:00,104.759888320998
2023-09-05 20:00:00,104.75457879633032
2023-09-05 21:00:00,104.83691010740989
2023-09-05 22:00:00,104.87151663447428
2023-09-05 23:00:00,104.7021319223627
2023-09-06 00:00:00,104.71213526405725
2023-09-06 01:00:00,104.67472586917626
2023-09-06 02:00:00,104.59623325365173
2023-09-06 03:00:00,104.69979011359116
2023-09-06 04:00:00,104.75677007240272
2023-09-06 05:00:00,104.71845700546795
2023-09-06 06:00:00,104.74097043374688
2023-09-06 07:00:00,104.69248895786812
2023-09-06 08:00:00,104.64855367323435
2023-09-06 09:00:00,104.69378094448044
2023-09-06 10:00:00,104.67822693174686
2023-09-06 11:00:00,104.97970960122316
2023-09-06 12:00:00,104.94608858516311
2023-09-06 13:00:00,104.89375842924431
2023-09-06 14:00:00,104.84114502441976
2023-09-06 15:00:00,104.86001031600783
2023-09-06 16:00:00,104.84706029277862
2023-09-06 17:00:00,104.83052371251797
2023-09-06 18:00:00,104.84300195642453
2023-09-06 19:00:00,104.84673557044849
2023-09-06 20:00:00,104.86699161540385
2023-09-06 21:00:00,104.8896800474396
2023-09-06 22:00:00,104.81637005013404
2023-09-06 23:00:00,104.84160658817804
2023-09-07 00:00:00,104.81527251502847
2023-09-07 01:00:00,104.89216463939391
2023-09-07 02:00:00,104.8952788124324
2023-09-07 03:00:00,104.91196234096509
2023-09-07 04:00:00,104.90978093965549
2023-09-07 05:00:00,104.94468680774146
2023-09-07 06:00:00,104.92898051719244
2023-09-07 07:00:00,105.0017691235287
2023-09-07 08:00:00,104.99285083805523
2023-09-07 09:00:00,105.0641366709503
2023-09-07 10:00:00,105.11251559268699
2023-09-07 11:00:00,104.98744875350741
2023-09-07 12:00:00,104.982891032059
2023-09-07 13:00:00,104.9931841917382
2023-09-07 14:00:00,105.03095769454137
2023-09-07 15:00:00,105.06396118687341
2023-09-07 16:00:00,105.06337401356016
2023-09-07 17:00:00,105.06437420636394
2023-09-07 18:00:00,105.04468397857835
2023-09-07 19:00:00,105.06200203219268
2023-09-07 20:00:00,105.04944098642132
2023-09-07 21:00:00,104.88217581236155
2023-09-07 22:00:00,104.87625811288686
2023-09-07 23:00:00,104.87209647848604
2023-09-08 00:00:00,104.88310418548895
2023-09-08 01:00:00,104.90538124153831
2023-09-08 02:00:00,104.80595666462067
2023-09-08 03:00:00,104.89323448266164
2023-09-08 04:00:00,104.94434554256493
2023-09-08 05:00:00,104.93969256971572
2023-09-08 06:00:00,104.98733409746123
2023-09-08 07:00:00,105.01216690938767
2023-09-08 08:00:00,105.02344864371389
2023-09-08 09:00:00,104.98369891573468
2023-09-08 10:00:00,104.81065358901031
2023-09-08 11:00:00,104.9122429173118
2023-09-08 12:00:00,104.96864310771117
2023-09-08 13:00:00,105.0203075470191
2023-09-08 14:00:00,105.00431639764092
2023-09-08 15:00:00,105.0887954602329
2023-09-08 16:00:00,105.0768514506027
2023-09-08 17:00:00,105.0640866617711
2023-09-10 18:00:00,104.83282528402547
2023-09-10 19:00:00,104.89401717547986
2023-09-10 20:00:00,104.85314723937584
2023-09-10 21:00:00,104.85388828752508
2023-09-10 22:00:00,104.80251095075279
2023-09-10 23:00:00,104.73733093635103
2023-09-11 00:00:00,104.72487900692157
2023-09-11 01:00:00,104.58683694912584
2023-09-11 02:00:00,104.63803703393636
2023-09-11 03:00:00,104.58940255257518
2023-09-11 04:00:00,104.6330517835644
2023-09-11 05:00:00,104.63971929549457
2023-09-11 06:00:00,104.63393798108116
2023-09-11 07:00:00,104.6792408618634
2023-09-11 08:00:00,104.73846369280157
2023-09-11 09:00:00,104.63900592771148
2023-09-11 10:00:00,104.60328077634927
2023-09-11 11:00:00,104.53506368338421
2023-09-11 12:00:00,104.55686554162288
2023-09-11 13:00:00,104.49968901597111
2023-09-11 14:00:00,104.54285626183561
2023-09-11 15:00:00,104.56850903528864
2023-09-11 16:00:00,104.5405576379623
2023-09-11 17:00:00,104.53786214237091
2023-09-11 18:00:00,104.53032176152442
2023-09-11 19:00:00,104.53285640697203
2023-09-11 20:00:00,104.57291739138675
2023-09-11 21:00:00,104.60423927289034
2023-09-11 22:00:00,104.61230036957798
2023-09-11 23:00:00,104.54021715612829
2023-09-12 00:00:00,104.5641187705858
2023-09-12 01:00:00,104.62728616624788
2023-09-12 02:00:00,104.65688687501877
2023-09-12 03:00:00,104.67072869832835
2023-09-12 04:00:00,104.80104786577026
2023-09-12 05:00:00,104.81642726066157
2023-09-12 06:00:00,104.75784423195228
2023-09-12 07:00:00,104.81531954240872
2023-09-12 08:00:00,104.80462617939169
2023-09-12 09:00:00,104.891917448563
2023-09-12 10:00:00,104.82488873319089
2023-09-12 11:00:00,104.86263176742631
2023-09-12 12:00:00,104.76169418490979
2023-09-12 13:00:00,104.78410001208664
2023-09-12 14:00:00,104.77177308226287
2023-09-12 15:00:00,104.71007263159592
2023-09-12 16:00:00,104.73524940227664
2023-09-12 17:00:00,104.5570109013985
2023-09-12 18:00:00,104.54713378426439
2023-09-12 19:00:00,104.56035105110598
2023-09-12 20:00:00,104.59247608265652
2023-09-12 21:00:00,104.5642772881256
2023-09-12 22:00:00,104.58385504750484
2023-09-12 23:00:00,104.67311538021964
2023-09-13 00:00:00,104.65849104533339
2023-09-13 01:00:00,104.61571107177086
2023-09-13 02:00:00,104.66683058336072
2023-09-13 03:00:00,104.73848650606179
2023-09-13 04:00:00,104.68437368352136
2023-09-13 05:00:00,104.73045761763221
2023-09-13 06:00:00,104.79189149853133
2023-09-13 07:00:00,104.7354944369073
2023-09-13 08:00:00,104.74597123929793
2023-09-13 09:00:00,104.66209810606316
2023-09-13 10:00:00,104.70093522926219
2023-09-13 11:00:00,104.70761268458007
2023-09-13 12:00:00,104.72262108186797
2023-09-13 13:00:00,104.68002714434644
2023-09-13 14:00:00,104.65026648801752
2023-09-13 15:00:00,104.76893190831315
2023-09-13 16:00:00,104.76448865545711
2023-09-13 17:00:00,104.77351856385133
2023-09-13 18:00:00,104.75658183476486
2023-09-13 19:00:00,104.73906152853185
2023-09-13 20:00:00,104.74475193292126
2023-09-13 21:00:00,104.64126165121338
2023-09-13 22:00:00,104.67556493515761
2023-09-13 23:00:00,104.65578193753893
2023-09-14 00:00:00,104.62283925945617
2023-09-14 01:00:00,104.60784659079418
2023-09-14 02:00:00,104.59937550385946
2023-09-14 03:00:00,104.64138667988082
2023-09-14 04:00:00,104.72395297980361
2023-09-14 05:00:00,104.71828834473374
2023-09-14 06:00:00,104.77133225575449
2023-09-14 07:00:00,104.72506189477848
2023-09-14 08:00:00,104.75219488934269
2023-09-14 09:00:00,105.1154185415475
2023-09-14 10:00:00,105.20353308579044
2023-09-14 11:00:00,105.17891375820109
2023-09-14 12:00:00,105.22315384343632
2023-09-14 13:00:00,105.27708383856992
2023-09-14 14:00:00,105.39187807346643
2023-09-14 15:00:00,105.40822702161974
2023-09-14 16:00:00,105.35681667785829
2023-09-14 17:00:00,105.33738612217631
2023-09-14 18:00:00,105.33589676458081
2023-09-14 19:00:00,105.35252232268198
2023-09-14 20:00:00,105.40909721731089
2023-09-14 21:00:00,105.3471628132909
2023-09-14 22:00:00,105.35255468794
2023-09-14 23:00:00,105.32814084485987
2023-09-15 00:00:00,105.29394414045349
2023-09-15 01:00:00,105.24041765709097
2023-09-15 02:00:00,105.22862425485393
2023-09-15 03:00:00,105.22648938259965
2023-09-15 04:00:00,105.21517765525013
2023-09-15 05:00:00,105.21303926201558
2023-09-15 06:00:00,105.23924603712783
2023-09-15 07:00:00,105.31708425212585
2023-09-15 08:00:00,105.31092614707508
2023-09-15 09:00:00,105.38936735047194
2023-09-15 10:00:00,105.30746406004168
2023-09-15 11:00:00,105.29223611079628
2023-09-15 12:00:00,105.22555826920608
2023-09-15 13:00:00,105.23076378030295
2023-09-15 14:00:00,105.23301315923052
2023-09-15 15:00:00,105.32210554348049
2023-09-15 16:00:00,105.3341521655186
2023-09-15 17:00:00,105.33735349407914
2023-09-17 18:00:00,105.28526312964223
2023-09-17 19:00:00,105.29565619771803
2023-09-17 20:00:00,105.26283878544865
2023-09-17 21:00:00,105.22291324316272
2023-09-17 22:00:00,105.3029614308403
2023-09-17 23:00:00,105.27871542551055
2023-09-18 00:00:00,105.28377717830176
2023-09-18 01:00:00,105.23770876392079
2023-09-18 02:00:00,105.23439630118598
2023-09-18 03:00:00,105.30908634400609
2023-09-18 04:00:00,105.29848358675264
2023-09-18 05:00:00,105.28576881815376
2023-09-18 06:00:00,105.20742404713091
2023-09-18 07:00:00,105.24198369517924
2023-09-18 08:00:00,105.30045265700849
2023-09-18 09:00:00,105.34552286070466
2023-09-18 10:00:00,105.3270544295348
2023-09-18 11:00:00,105.21614828435007
2023-09-18 12:00:00,105.05558138296638
2023-09-18 13:00:00,105.06950940423746
2023-09-18 14:00:00,105.12239781025131
2023-09-18 15:00:00,105.20250333730505
2023-09-18 16:00:00,105.12330572382245
2023-09-18 17:00:00,105.08049389932052
2023-09-18 18:00:00,105.07812295246015
2023-09-18 19:00:00,105.09133809293989
2023-09-18 20:00:00,105.0846047237312
2023-09-18 21:00:00,105.1020281618897
2023-09-18 22:00:00,105.15023660462687
2023-09-18 23:00:00,105.13928555664909
2023-09-19 00:00:00,105.15300639183125
2023-09-19 01:00:00,105.16871076563544
2023-09-19 02:00:00,105.17417087092278
2023-09-19 03:00:00,105.18423169695564
2023-09-19 04:00:00,105.02382948703307
2023-09-19 05:00:00,105.09142300816819
2023-09-19 06:00:00,105.05791601173333
2023-09-19 07:00:00,104.9768327320996
2023-09-19 08:00:00,104.90046985247787
2023-09-19 09:00:00,104.95819661024112
2023-09-19 10:00:00,105.00621529105578
2023-09-19 11:00:00,105.03084610791475
2023-09-19 12:00:00,105.11139752013273
2023-09-19 13:00:00,105.11719710383383
2023-09-19 14:00:00,105.11265577306742
2023-09-19 15:00:00,105.15760224695713
2023-09-19 16:00:00,105.13332067619902
2023-09-19 17:00:00,105.15647271092688
2023-09-19 18:00:00,105.13480049986325
2023-09-19 19:00:00,105.12270750624957
2023-09-19 20:00:00,105.12266475642237
2023-09-19 21:00:00,105.1107526905184
2023-09-19 22:00:00,105.10648152712724
2023-09-19 23:00:00,105.14346299702683
2023-09-20 00:00:00,105.16662094941519
2023-09-20 01:00:00,105.16842996720571
2023-09-20 02:00:00,105.16183327793878
2023-09-20 03:00:00,105.1874696912813
2023-09-20 04:00:00,105.13794090255467
2023-09-20 05:00:00,105.0805435191083
2023-09-20 06:00:00,105.03384415871099
2023-09-20 07:00:00,104.99513010209304
2023-09-20 08:00:00,105.01439236581368
2023-09-20 09:00:00,105.02198997555654
2023-09-20 10:00:00,104.84347983044374
2023-09-20 11:00:00,104.81892127630057
2023-09-20 12:00:00,104.88240880812445
2023-09-20 13:00:00,104.6810618219883
2023-09-20 14:00:00,104.74994249691837
2023-09-20 15:00:00,105.11490885303809
2023-09-20 16:00:00,105.36746985693735
2023-09-20 17:00:00,105.36635630480482
2023-09-20 18:00:00,105.31414035955132
2023-09-20 19:00:00,105.40084633678522
2023-09-20 20:00:00,105.45360643723657
2023-09-20 21:00:00,105.60143437606898
2023-09-20 22:00:00,105.54090861685337
2023-09-20 23:00:00,105.62984207800677
2023-09-21 00:00:00,105.54965176043017
2023-09-21 01:00:00,105.55532473788242
2023-09-21 02:00:00,105.57052359588764
2023-09-21 03:00:00,105.45518394140966
2023-09-21 04:00:00,105.45358447985467
2023-09-21 05:00:00,105.48955251368434
2023-09-21 06:00:00,105.50522855890395
2023-09-21 07:00:00,105.47724559057991
2023-09-21 08:00:00,105.63006776384405
2023-09-21 09:00:00,105.59249199600897
2023-09-21 10:00:00,105.60347827229353
2023-09-21 11:00:00,105.3905168409226
2023-09-21 12:00:00,105.34934126103586
2023-09-21 13:00:00,105.39960044742706
2023-09-21 14:00:00,105.32568276792675
2023-09-21 15:00:00,105.36327240913405
2023-09-21 16:00:00,105.3949284514125
2023-09-21 17:00:00,105.38491440034103
2023-09-21 18:00:00,105.38952476461291
2023-09-21 19:00:00,105.3796539433434
2023-09-21 20:00:00,105.3947018370154
2023-09-21 21:00:00,105.41288674075446
2023-09-21 22:00:00,105.52768920594188
2023-09-21 23:00:00,105.51524759733972
2023-09-22 00:00:00,105.4963629329539
2023-09-22 01:00:00,105.46098991999492
2023-09-22 02:00:00,105.50856451549001
2023-09-22 03:00:00,105.46632939575133
2023-09-22 04:00:00,105.55987237731478
2023-09-22 05:00:00,105.57566295333795
2023-09-22 06:00:00,105.63798531650043
2023-09-22 07:00:00,105.64192583216733
2023-09-22 08:00:00,105.60903799295555
2023-09-22 09:00:00,105.48471347505975
2023-09-22 10:00:00,105.42752241361654
2023-09-22 11:00:00,105.43970118518511
2023-09-22 12:00:00,105.47387289109425
2023-09-22 13:00:00,105.5047835519761
2023-09-22 14:00:00,105.5506198364592
2023-09-22 15:00:00,105.58372668055863
2023-09-22 16:00:00,105.61397976072892
2023-09-22 17:00:00,105.6040346161991
2023-09-24 18:00:00,105.58933287824539
2023-09-24 19:00:00,105.56637893663698
2023-09-24 20:00:00,105.58164019965271
2023-09-24 21:00:00,105.52243132721958
2023-09-24 22:00:00,105.5971826389672
2023-09-24 23:00:00,105.57722089550404
2023-09-25 00:00:00,105.58961937185389
2023-09-25 01:00:00,105.57706042598164
2023-09-25 02:00:00,105.62360411590826
2023-09-25 03:00:00,105.59502349390843
2023-09-25 04:00:00,105.64304909706858
2023-09-25 05:00:00,105.75217955760695
2023-09-25 06:00:00,105.66508302402075
2023-09-25 07:00:00,105.6280709984086
2023-09-25 08:00:00,105.69443276824849
2023-09-25 09:00:00,105.75539126387882
2023-09-25 10:00:00,105.89725861324919
2023-09-25 11:00:00,106.0865321121442
2023-09-25 12:00:00,105.96274518988847
2023-09-25 13:00:00,105.97946890568052
2023-09-25 14:00:00,105.9372848875003
2023-09-25 15:00:00,105.99873078310408
2023-09-25 16:00:00,105.95137560108226
2023-09-25 17:00:00,105.95133467128511
2023-09-25 18:00:00,105.95643414021079
2023-09-25 19:00:00,105.9373962900949
2023-09-25 20:00:00,105.95425137505858
2023-09-25 21:00:00,106.01719272873802
2023-09-25 22:00:00,106.00803211492025
2023-09-25 23:00:00,106.07059537613102
2023-09-26 00:00:00,106.02931357391653
2023-09-26 01:00:00,105.97909924530035
2023-09-26 02:00:00,106.02943771420051
2023-09-26 03:00:00,106.19115101931632
2023-09-26 04:00:00,106.08461953656459
2023-09-26 05:00:00,105.99774563344317
2023-09-26 06:00:00,105.96355942981113
2023-09-26 07:00:00,105.97173449228946
2023-09-26 08:00:00,105.97212005093701
2023-09-26 09:00:00,105.88319977073799
2023-09-26 10:00:00,106.0046092781582
2023-09-26 11:00:00,106.05503572836402
2023-09-26 12:00:00,106.1544738294479
2023-09-26 13:00:00,106.17319229225627
2023-09-26 14:00:00,106.16627073192574
2023-09-26 15:00:00,106.23100436038898
2023-09-26 16:00:00,106.1968381444287
2023-09-26 17:00:00,106.18193838382592
2023-09-26 18:00:00,106.18794927184335
2023-09-26 19:00:00,106.19134250694508
2023-09-26 20:00:00,106.21433530844472
2023-09-26 21:00:00,106.2741217049928
2023-09-26 22:00:00,106.17081363718212
2023-09-26 23:00:00,106.23396433995427
2023-09-27 00:00:00,106.26213475784958
2023-09-27 01:00:00,106.26894095915387
2023-09-27 02:00:00,106.2788989390869
2023-09-27 03:00:00,106.21205324713027
2023-09-27 04:00:00,106.23717318124554
2023-09-27 05:00:00,106.25703045177853
2023-09-27 06:00:00,106.28844797968418
2023-09-27 07:00:00,106.34989577863685
2023-09-27 08:00:00,106.44031511512735
2023-09-27 09:00:00,106.35888382144337
2023-09-27 10:00:00,106.5512387609743
2023-09-27 11:00:00,106.6460943890486
2023-09-27 12:00:00,106.65069386475659
2023-09-27 13:00:00,106.71249888723072
2023-09-27 14:00:00,106.75470604613821
2023-09-27 15:00:00,106.667970204388
2023-09-27 16:00:00,106.6792032312233
2023-09-27 17:00:00,106.70611749759655
2023-09-27 18:00:00,106.65806041658514
2023-09-27 19:00:00,106.68432414379318
2023-09-27 20:00:00,106.67168771075315
2023-09-27 21:00:00,106.58776796730153
2023-09-27 22:00:00,106.60865535907035
2023-09-27 23:00:00,106.70169787883958
2023-09-28 00:00:00,106.66177196824118
2023-09-28 01:00:00,106.64633582365119
2023-09-28 02:00:00,106.61157589418049
2023-09-28 03:00:00,106.71428059715423
2023-09-28 04:00:00,106.60968377717455
2023-09-28 05:00:00,106.53460389407489
2023-09-28 06:00:00,106.33537940493466
2023-09-28 07:00:00,106.34776563542329
2023-09-28 08:00:00,106.32650167065187
2023-09-28 09:00:00,106.52825709805545
2023-09-28 10:00:00,106.29159731733253
2023-09-28 11:00:00,106.19312742903027
2023-09-28 12:00:00,106.03637999127587
2023-09-28 13:00:00,106.19840116402297
2023-09-28 14:00:00,106.28147707532806
2023-09-28 15:00:00,106.22302546292202
2023-09-28 16:00:00,106.1492548879209
2023-09-28 17:00:00,106.12996551361807
2023-09-28 18:00:00,106.13996061569644
2023-09-28 19:00:00,106.13570427625586
2023-09-28 20:00:00,106.16481024203766
2023-09-28 21:00:00,106.17156175549806
2023-09-28 22:00:00,106.07936025494134
2023-09-28 23:00:00,106.02930403607623
2023-09-29 00:00:00,106.05708752428549
2023-09-29 01:00:00,106.02071451716631
2023-09-29 02:00:00,106.02941591202367
2023-09-29 03:00:00,105.86400354259942
2023-09-29 04:00:00,105.72299030410875
2023-09-29 05:00:00,105.74864078731729
2023-09-29 06:00:00,105.67242981381393
2023-09-29 07:00:00,105.70498926400094
2023-09-29 08:00:00,105.84977479552944
2023-09-29 09:00:00,105.79353676598335
2023-09-29 10:00:00,106.0030310706026
2023-09-29 11:00:00,106.00332451519084
2023-09-29 12:00:00,106.06170010460946
2023-09-29 13:00:00,106.11077293773772
2023-09-29 14:00:00,106.23472947516093
2023-09-29 15:00:00,106.11921948334401
2023-09-29 16:00:00,106.18816569793516
2023-09-29 17:00:00,106.16188366831346
2023-10-01 18:00:00,106.21560602043746
2023-10-01 19:00:00,106.29618091803277
2023-10-01 20:00:00,106.24783279467631
2023-10-01 21:00:00,106.271553221752
2023-10-01 22:00:00,106.24633744920605
2023-10-01 23:00:00,106.26020291105003
2023-10-02 00:00:00,106.24755333021699
2023-10-02 01:00:00,106.25905173653295
2023-10-02 02:00:00,106.31393391039497
2023-10-02 03:00:00,106.05732834766623
2023-10-02 04:00:00,106.21356447035282
2023-10-02 05:00:00,106.29519109760054
2023-10-02 06:00:00,106.47886823606153
2023-10-02 07:00:00,106.48517601544258
2023-10-02 08:00:00,106.54994347104748
2023-10-02 09:00:00,106.58855650218823
2023-10-02 10:00:00,106.72032366391916
2023-10-02 11:00:00,106.87399984372387
2023-10-02 12:00:00,106.83732778861712
2023-10-02 13:00:00,106.93178223754347
2023-10-02 14:00:00,106.87566967990425
2023-10-02 15:00:00,106.90351950249327
2023-10-02 16:00:00,106.99555157156811
2023-10-02 17:00:00,107.03300244140456
2023-10-02 18:00:00,107.01364481180232
2023-10-02 19:00:00,107.03849027876849
2023-10-02 20:00:00,107.01345633363981
2023-10-02 21:00:00,107.07131557180853
2023-10-02 22:00:00,107.09327839416132
2023-10-02 23:00:00,107.13471937318519
2023-10-03 00:00:00,107.11567842302858
2023-10-03 01:00:00,107.17924216853122
2023-10-03 02:00:00,107.17433171649563
2023-10-03 03:00:00,107.06467603061937
2023-10-03 04:00:00,107.03219297976241
2023-10-03 05:00:00,106.99576895471188
2023-10-03 06:00:00,107.04591399345915
2023-10-03 07:00:00,107.13752333756017
2023-10-03 08:00:00,107.15394242913851
2023-10-03 09:00:00,107.1835310843221
2023-10-03 10:00:00,107.0370827873593
2023-10-03 11:00:00,107.03159575459406
2023-10-03 12:00:00,107.21526207566183
2023-10-03 13:00:00,107.124225406201
2023-10-03 14:00:00,107.06340958898025
2023-10-03 15:00:00,107.00169088881309
2023-10-03 16:00:00,107.01333371926707
2023-10-03 17:00:00,107.07637485609298
2023-10-03 18:00:00,107.0859320121592
2023-10-03 19:00:00,107.09589951340935
2023-10-03 20:00:00,107.07300197258533
2023-10-03 21:00:00,107.04811151602827
2023-10-03 22:00:00,107.10490131042513
2023-10-03 23:00:00,107.13972678827433
2023-10-04 00:00:00,107.17534011205916
2023-10-04 01:00:00,107.05512595509508
2023-10-04 02:00:00,107.09054510362361
2023-10-04 03:00:00,107.16237771224674
2023-10-04 04:00:00,106.93189319533006
2023-10-04 05:00:00,106.89250539129202
2023-10-04 06:00:00,106.81247783430052
2023-10-04 07:00:00,106.79572012422474
2023-10-04 08:00:00,106.80335590190718
2023-10-04 09:00:00,106.56892238007195
2023-10-04 10:00:00,106.7356690162833
2023-10-04 11:00:00,106.91863247259298
2023-10-04 12:00:00,106.66422208155018
2023-10-04 13:00:00,106.69931390004511
2023-10-04 14:00:00,106.81383072003531
2023-10-04 15:00:00,106.8004796386489
2023-10-04 16:00:00,106.70159734296831
2023-10-04 17:00:00,106.80526932743102
2023-10-04 18:00:00,106.77462556722169
2023-10-04 19:00:00,106.77587191266174
2023-10-04 20:00:00,106.76846722376452
2023-10-04 21:00:00,106.6156096562253
2023-10-04 22:00:00,106.5042691327839
2023-10-04 23:00:00,106.56015893383237
2023-10-05 00:00:00,106.54445951634484
2023-10-05 01:00:00,106.58232756752169
2023-10-05 02:00:00,106.61657063506529
2023-10-05 03:00:00,106.73806604095108
2023-10-05 04:00:00,106.77742324231924
2023-10-05 05:00:00,106.83303318534186
2023-10-05 06:00:00,106.78831655317308
2023-10-05 07:00:00,106.67826552993651
2023-10-05 08:00:00,106.6172215736444
2023-10-05 09:00:00,106.71177950182421
2023-10-05 10:00:00,106.57599329357954
2023-10-05 11:00:00,106.53108451245848
2023-10-05 12:00:00,106.54561271457929
2023-10-05 13:00:00,106.45205626422546
2023-10-05 14:00:00,106.43331640159877
2023-10-05 15:00:00,106.33224359007225
2023-10-05 16:00:00,106.34146956193453
2023-10-05 17:00:00,106.33734555361909
2023-10-05 18:00:00,106.34997817494289
2023-10-05 19:00:00,106.35399331289472
2023-10-05 20:00:00,106.37211188728143
2023-10-05 21:00:00,106.42237556666394
2023-10-05 22:00:00,106.39927861078151
2023-10-05 23:00:00,106.3938460088945
2023-10-06 00:00:00,106.42455997535775
2023-10-06 01:00:00,106.45277576299668
2023-10-06 02:00:00,106.51439222893562
2023-10-06 03:00:00,106.52460450616255
2023-10-06 04:00:00,106.3603276071847
2023-10-06 05:00:00,106.3958800519458
2023-10-06 06:00:00,106.36794708052062
2023-10-06 07:00:00,106.34580254809748
2023-10-06 08:00:00,106.27604750784707
2023-10-06 09:00:00,106.86893113889701
2023-10-06 10:00:00,106.7294983008436
2023-10-06 11:00:00,106.52078680745595
2023-10-06 12:00:00,105.99963098102141
2023-10-06 13:00:00,106.1564649004877
2023-10-06 14:00:00,106.09068582271028
2023-10-06 15:00:00,106.04116628275112
2023-10-06 16:00:00,106.08098625346193
2023-10-06 17:00:00,106.0902423541693
2023-10-08 18:00:00,106.30249632602623
2023-10-08 19:00:00,106.2972190390551
2023-10-08 20:00:00,106.22612645185747
2023-10-08 21:00:00,106.15537852919407
2023-10-08 22:00:00,106.23897822374606
2023-10-08 23:00:00,106.25526690864343
2023-10-09 00:00:00,106.33939974223426
2023-10-09 01:00:00,106.3630945962936
2023-10-09 02:00:00,106.32081219119958
2023-10-09 03:00:00,106.47231584469475
2023-10-09 04:00:00,106.5749743607761
2023-10-09 05:00:00,106.43531929620235
2023-10-09 06:00:00,106.46470626019897
2023-10-09 07:00:00,106.5242427240331
2023-10-09 08:00:00,106.51917206452573
2023-10-09 09:00:00,106.45039065003581
2023-10-09 10:00:00,106.26062341196216
2023-10-09 11:00:00,106.27379961720224
2023-10-09 12:00:00,106.32471071333556
2023-10-09 13:00:00,106.36245411307388
2023-10-09 14:00:00,106.10769691788262
2023-10-09 15:00:00,106.08199775104052
2023-10-09 16:00:00,106.03985369614567
2023-10-09 17:00:00,106.07403313374925
2023-10-09 18:00:00,106.08304794038659
2023-10-09 19:00:00,106.05174211086012
2023-10-09 20:00:00,105.95848963373986
2023-10-09 21:00:00,106.0152526064678
2023-10-09 22:00:00,106.01293659274556
2023-10-09 23:00:00,106.07264774479088
2023-10-10 00:00:00,106.05327713789725
2023-10-10 01:00:00,106.13737085048082
2023-10-10 02:00:00,106.1385271707366
2023-10-10 03:00:00,106.17476465046626
2023-10-10 04:00:00,106.10496663856934
2023-10-10 05:00:00,105.82370001076448
2023-10-10 06:00:00,105.83866233048728
2023-10-10 07:00:00,105.92858637048701
2023-10-10 08:00:00,106.0856082393157
2023-10-10 09:00:00,105.94039538737698
2023-10-10 10:00:00,105.92895780504149
2023-10-10 11:00:00,105.88336271295212
2023-10-10 12:00:00,105.6847686777919
2023-10-10 13:00:00,105.67228164283371
2023-10-10 14:00:00,105.86959726501023
2023-10-10 15:00:00,105.82398385468855
2023-10-10 16:00:00,105.77135809748445
2023-10-10 17:00:00,105.77821801862932
2023-10-10 18:00:00,105.77613700004001
2023-10-10 19:00:00,105.76514449968175
2023-10-10 20:00:00,105.76799167041375
2023-10-10 21:00:00,105.70649830466085
2023-10-10 22:00:00,105.7394104713781
2023-10-10 23:00:00,105.75255566071472
2023-10-11 00:00:00,105.78359169554538
2023-10-11 01:00:00,105.80562132979594
2023-10-11 02:00:00,105.83142808888798
2023-10-11 03:00:00,105.76059134927296
2023-10-11 04:00:00,105.83896788192534
2023-10-11 05:00:00,105.76271513566152
2023-10-11 06:00:00,105.79249453652311
2023-10-11 07:00:00,105.80925462270068
2023-10-11 08:00:00,105.81427703642976
2023-10-11 09:00:00,105.70428956785099
2023-10-11 10:00:00,105.6046611078689
2023-10-11 11:00:00,105.6756933573126
2023-10-11 12:00:00,105.7698677547666
2023-10-11 13:00:00,105.81515458758491
2023-10-11 14:00:00,105.93572036252124
2023-10-11 15:00:00,105.81963070262819
2023-10-11 16:00:00,105.77077242811059
2023-10-11 17:00:00,105.72835687576271
2023-10-11 18:00:00,105.71208282744712
2023-10-11 19:00:00,105.70055917279896
2023-10-11 20:00:00,105.67637420959284
2023-10-11 21:00:00,105.68973490840978
2023-10-11 22:00:00,105.6647642480482
2023-10-11 23:00:00,105.69445387135951
2023-10-12 00:00:00,105.64402807798297
2023-10-12 01:00:00,105.62298399565113
2023-10-12 02:00:00,105.61802793147791
2023-10-12 03:00:00,105.57112118790369
2023-10-12 04:00:00,105.72919344294299
2023-10-12 05:00:00,105.66657638376692
2023-10-12 06:00:00,105.7156372140856
2023-10-12 07:00:00,105.72554140733622
2023-10-12 08:00:00,105.685680850752
2023-10-12 09:00:00,106.02588114180132
2023-10-12 10:00:00,106.31341713603067
2023-10-12 11:00:00,106.32444028910143
2023-10-12 12:00:00,106.35351887586441
2023-10-12 13:00:00,106.40054530192607
2023-10-12 14:00:00,106.53288413252916
2023-10-12 15:00:00,106.59630310910498
2023-10-12 16:00:00,106.56873637913553
2023-10-12 17:00:00,106.58671012689878
2023-10-12 18:00:00,106.55707185044244
2023-10-12 19:00:00,106.5437323007223
2023-10-12 20:00:00,106.51909447151408
2023-10-12 21:00:00,106.48162058774797
2023-10-12 22:00:00,106.45927746862063
2023-10-12 23:00:00,106.42261967868087
2023-10-13 00:00:00,106.42501070664966
2023-10-13 01:00:00,106.3890894253888
2023-10-13 02:00:00,106.40048625896848
2023-10-13 03:00:00,106.48840561983242
2023-10-13 04:00:00,106.34904374348882
2023-10-13 05:00:00,106.33599639854079
2023-10-13 06:00:00,106.51792292973853
2023-10-13 07:00:00,106.61749978083624
2023-10-13 08:00:00,106.55115717032338
2023-10-13 09:00:00,106.43546991054477
2023-10-13 10:00:00,106.54692649162732
2023-10-13 11:00:00,106.72394586314694
2023-10-13 12:00:00,106.7230763908037
2023-10-13 13:00:00,106.6641079646024
2023-10-13 14:00:00,106.68914514455754
2023-10-13 15:00:00,106.64950954322448
2023-10-13 16:00:00,106.63253745764305
2023-10-13 17:00:00,106.6669786629697
2023-10-15 18:00:00,106.5742000561324
2023-10-15 19:00:00,106.58242500027329
2023-10-15 20:00:00,106.56389778976289
2023-10-15 21:00:00,106.598314187993
2023-10-15 22:00:00,106.55444340463426
2023-10-15 23:00:00,106.54655249714952
2023-10-16 00:00:00,106.5385839646583
2023-10-16 01:00:00,106.51292456932812
2023-10-16 02:00:00,106.49153535549944
2023-10-16 03:00:00,106.46320655521173
2023-10-16 04:00:00,106.46678266341111
2023-10-16 05:00:00,106.42345666250728
2023-10-16 06:00:00,106.48682122330129
2023-10-16 07:00:00,106.48667240037587
2023-10-16 08:00:00,106.40575471123869
2023-10-16 09:00:00,106.36109334337922
2023-10-16 10:00:00,106.4896660364462
2023-10-16 11:00:00,106.3263869162561
2023-10-16 12:00:00,106.32989754758833
2023-10-16 13:00:00,106.30455092213455
2023-10-16 14:00:00,106.23887286242719
2023-10-16 15:00:00,106.2438801354354
2023-10-16 16:00:00,106.18460765225169
2023-10-16 17:00:00,106.20645606119166
2023-10-16 18:00:00,106.20518048211629
2023-10-16 19:00:00,106.2422470332464
2023-10-16 20:00:00,106.25459699785482
2023-10-16 21:00:00,106.23918905464954
2023-10-16 22:00:00,106.28062698677923
2023-10-16 23:00:00,106.3008819331442
2023-10-17 00:00:00,106.29797553857587
2023-10-17 01:00:00,106.32622077475423
2023-10-17 02:00:00,106.35480806241068
2023-10-17 03:00:00,106.42574701546471
2023-10-17 04:00:00,106.34107509755758
2023-10-17 05:00:00,106.4718442916639
2023-10-17 06:00:00,106.3323636419234
2023-10-17 07:00:00,106.33524149695062
2023-10-17 08:00:00,106.15168252302318
2023-10-17 09:00:00,106.45569345505282
2023-10-17 10:00:00,106.42152594775182
2023-10-17 11:00:00,106.18955681066531
2023-10-17 12:00:00,106.04282263394818
2023-10-17 13:00:00,106.16047940124778
2023-10-17 14:00:00,106.27704940487412
2023-10-17 15:00:00,106.2508370646745
2023-10-17 16:00:00,106.18214938441132
2023-10-17 17:00:00,106.19777089603768
2023-10-17 18:00:00,106.19446640097236
2023-10-17 19:00:00,106.19633739008354
2023-10-17 20:00:00,106.22169080776347
2023-10-17 21:00:00,106.30027674942187
2023-10-17 22:00:00,106.25269676359868
2023-10-17 23:00:00,106.18749610827751
2023-10-18 00:00:00,106.18162176615915
2023-10-18 01:00:00,106.1780267661673
2023-10-18 02:00:00,106.1229567543124
2023-10-18 03:00:00,106.14123534191133
2023-10-18 04:00:00,106.15768160165561
2023-10-18 05:00:00,106.12042185301416
2023-10-18 06:00:00,106.20039172036678
2023-10-18 07:00:00,106.30609762869271
2023-10-18 08:00:00,106.28143739563777
2023-10-18 09:00:00,106.33571419401464
2023-10-18 10:00:00,106.38541969641055
2023-10-18 11:00:00,106.52399524527975
2023-10-18 12:00:00,106.57575872832359
2023-10-18 13:00:00,106.53299603449612
2023-10-18 14:00:00,106.4168599024021
2023-10-18 15:00:00,106.5617015132474
2023-10-18 16:00:00,106.57023588725677
2023-10-18 17:00:00,106.57344730338238
2023-10-18 18:00:00,106.5539263927093
2023-10-18 19:00:00,106.55472539139589
2023-10-18 20:00:00,106.54553657963899
2023-10-18 21:00:00,106.53898882526629
2023-10-18 22:00:00,106.57237451274429
2023-10-18 23:00:00,106.58868750368919
2023-10-19 00:00:00,106.60569174247887
2023-10-19 01:00:00,106.6066716342419
2023-10-19 02:00:00,106.61641387557462
2023-10-19 03:00:00,106.54933954350035
2023-10-19 04:00:00,106.60172826801549
2023-10-19 05:00:00,106.63005977469946
2023-10-19 06:00:00,106.56712403338345
2023-10-19 07:00:00,106.48779062952838
2023-10-19 08:00:00,106.45272894853534
2023-10-19 09:00:00,106.30784442836288
2023-10-19 10:00:00,106.29929468438046
2023-10-19 11:00:00,106.36188216931187
2023-10-19 12:00:00,106.33881726804138
2023-10-19 13:00:00,106.09293903166034
2023-10-19 14:00:00,106.0992820846016
2023-10-19 15:00:00,106.25861752221633
2023-10-19 16:00:00,106.19365996354996
2023-10-19 17:00:00,106.24151202505257
2023-10-19 18:00:00,106.22435300293547
2023-10-19 19:00:00,106.25126269620745
2023-10-19 20:00:00,106.2143508869768
2023-10-19 21:00:00,106.30329330706576
2023-10-19 22:00:00,106.32771934231545
2023-10-19 23:00:00,106.25546232310595
2023-10-20 00:00:00,106.27786422340782
2023-10-20 01:00:00,106.29225769941299
2023-10-20 02:00:00,106.31152121675208
2023-10-20 03:00:00,106.33543972018894
2023-10-20 04:00:00,106.37641430389816
2023-10-20 05:00:00,106.22731149846891
2023-10-20 06:00:00,106.21245016740004
2023-10-20 07:00:00,106.24990487815367
2023-10-20 08:00:00,106.19307063105576
2023-10-20 09:00:00,106.23602441298095
2023-10-20 10:00:00,106.2396752095755
2023-10-20 11:00:00,106.19703396486429
2023-10-20 12:00:00,106.16650358419972
2023-10-20 13:00:00,106.1732247238485
2023-10-20 14:00:00,106.13419518654311
2023-10-20 15:00:00,106.16182556684385
2023-10-20 16:00:00,106.16823750048718
2023-10-20 17:00:00,106.15590500292109
2023-10-22 18:00:00,106.13417867319774
2023-10-22 19:00:00,106.17477149685905
2023-10-22 20:00:00,106.1859564879552
2023-10-22 21:00:00,106.20313370106355
2023-10-22 22:00:00,106.22889101398809
2023-10-22 23:00:00,106.31462639391208
2023-10-23 00:00:00,106.30917783761436
2023-10-23 01:00:00,106.29833897246094
2023-10-23 02:00:00,106.2926328046366
2023-10-23 03:00:00,106.25158056559235
2023-10-23 04:00:00,106.16808214756823
2023-10-23 05:00:00,106.12811452979444
2023-10-23 06:00:00,106.22304391910099
2023-10-23 07:00:00,106.15729828388578
2023-10-23 08:00:00,106.14091978219216
2023-10-23 09:00:00,106.10264709062794
2023-10-23 10:00:00,106.12826940581535
2023-10-23 11:00:00,105.92027305668395
2023-10-23 12:00:00,105.76184679547649
2023-10-23 13:00:00,105.62316923914258
2023-10-23 14:00:00,105.60024630309334
2023-10-23 15:00:00,105.53689763488835
2023-10-23 16:00:00,105.62509856108638
2023-10-23 17:00:00,105.60773892696562
2023-10-23 18:00:00,105.61021059381281
2023-10-23 19:00:00,105.60677258406353
2023-10-23 20:00:00,105.60266608559037
2023-10-23 21:00:00,105.56802766760212
2023-10-23 22:00:00,105.5751223399968
2023-10-23 23:00:00,105.48007193501061
2023-10-24 00:00:00,105.47772562521125
2023-10-24 01:00:00,105.50398443368479
2023-10-24 02:00:00,105.4922782971363
2023-10-24 03:00:00,105.40250585805268
2023-10-24 04:00:00,105.59053729040171
2023-10-24 05:00:00,105.6823845388886
2023-10-24 06:00:00,105.81104062151665
2023-10-24 07:00:00,105.93573429082373
2023-10-24 08:00:00,105.86683553366254
2023-10-24 09:00:00,106.02670317706645
2023-10-24 10:00:00,106.0868623464645
2023-10-24 11:00:00,106.1737720410784
2023-10-24 12:00:00,106.23274372310972
2023-10-24 13:00:00,106.28751638383449
2023-10-24 14:00:00,106.26666044381346
2023-10-24 15:00:00,106.2684732504881
2023-10-24 16:00:00,106.24784859283517
2023-10-24 17:00:00,106.2637993085458
2023-10-24 18:00:00,106.24838650643584
2023-10-24 19:00:00,106.24680655392923
2023-10-24 20:00:00,106.23495261095455
2023-10-24 21:00:00,106.24273366419789
2023-10-24 22:00:00,106.22337881539451
2023-10-24 23:00:00,106.15750436073249
2023-10-25 00:00:00,106.17731729176812
2023-10-25 01:00:00,106.14362734732529
2023-10-25 02:00:00,106.18865699230442
2023-10-25 03:00:00,106.27265661599499
2023-10-25 04:00:00,106.32998749735879
2023-10-25 05:00:00,106.35691231291237
2023-10-25 06:00:00,106.49388423922315
2023-10-25 07:00:00,106.4465399027187
2023-10-25 08:00:00,106.44853914377829
2023-10-25 09:00:00,106.42442118805155
2023-10-25 10:00:00,106.38160475270419
2023-10-25 11:00:00,106.35087847255636
2023-10-25 12:00:00,106.36219788122021
2023-10-25 13:00:00,106.44811894543594
2023-10-25 14:00:00,106.4851727045242
2023-10-25 15:00:00,106.52663771085852
2023-10-25 16:00:00,106.52443658933429
2023-10-25 17:00:00,106.55661132404354
2023-10-25 18:00:00,106.54325195356822
2023-10-25 19:00:00,106.56916256838406
2023-10-25 20:00:00,106.55507476993475
2023-10-25 21:00:00,106.62919171043498
2023-10-25 22:00:00,106.65651977062818
2023-10-25 23:00:00,106.75591640302316
2023-10-26 00:00:00,106.74680249739991
2023-10-26 01:00:00,106.75979421186015
2023-10-26 02:00:00,106.78546668550483
2023-10-26 03:00:00,106.81015897185772
2023-10-26 04:00:00,106.73338510419802
2023-10-26 05:00:00,106.75224462696866
2023-10-26 06:00:00,106.72163330023697
2023-10-26 07:00:00,106.80534333204325
2023-10-26 08:00:00,106.82008391626552
2023-10-26 09:00:00,106.59500195665883
2023-10-26 10:00:00,106.69409038163992
2023-10-26 11:00:00,106.71659373561333
2023-10-26 12:00:00,106.83053444883687
2023-10-26 13:00:00,106.86580247990238
2023-10-26 14:00:00,106.68281547073981
2023-10-26 15:00:00,106.6020046462735
2023-10-26 16:00:00,106.66145024074564
2023-10-26 17:00:00,106.60540061450565
2023-10-26 18:00:00,106.61368839208357
2023-10-26 19:00:00,106.58534130219773
2023-10-26 20:00:00,106.57840820497009
2023-10-26 21:00:00,106.63648561737617
2023-10-26 22:00:00,106.6144151279957
2023-10-26 23:00:00,106.54976345621431
2023-10-27 00:00:00,106.55624960767341
2023-10-27 01:00:00,106.52987945476795
2023-10-27 02:00:00,106.51687273724632
2023-10-27 03:00:00,106.63521587434752
2023-10-27 04:00:00,106.61602668039058
2023-10-27 05:00:00,106.5743385828647
2023-10-27 06:00:00,106.53612385862226
2023-10-27 07:00:00,106.63219281667624
2023-10-27 08:00:00,106.78707820814779
2023-10-27 09:00:00,106.61695261273083
2023-10-27 10:00:00,106.44853378828954
2023-10-27 11:00:00,106.44932458272243
2023-10-27 12:00:00,106.37581456768397
2023-10-27 13:00:00,106.45404522309293
2023-10-27 14:00:00,106.54896967148679
2023-10-27 15:00:00,106.55522819183793
2023-10-27 16:00:00,106.53494985491679
2023-10-27 17:00:00,106.57777670851105
2023-10-29 18:00:00,106.55061302168708
2023-10-29 19:00:00,106.60165075651645
2023-10-29 20:00:00,106.60926162308037
2023-10-29 21:00:00,106.60802082901705
2023-10-29 22:00:00,106.58830782216678
2023-10-29 23:00:00,106.58638987802246
2023-10-30 00:00:00,106.59197640451552
2023-10-30 01:00:00,106.5913712516822
2023-10-30 02:00:00,106.59482559716274
2023-10-30 03:00:00,106.53271690651962
2023-10-30 04:00:00,106.63425915887649
2023-10-30 05:00:00,106.61390671440924
2023-10-30 06:00:00,106.44935173230965
2023-10-30 07:00:00,106.51157024393441
2023-10-30 08:00:00,106.4395703227015
2023-10-30 09:00:00,106.28557104428
2023-10-30 10:00:00,106.2637541121608
2023-10-30 11:00:00,106.2414989404802
2023-10-30 12:00:00,106.1236200495123
2023-10-30 13:00:00,106.21874285575996
2023-10-30 14:00:00,106.177185886975
2023-10-30 15:00:00,106.11903852697505
2023-10-30 16:00:00,106.1192303657084
2023-10-30 17:00:00,106.14222751661539
2023-10-30 18:00:00,106.13840801559846
2023-10-30 19:00:00,106.1704009997169
2023-10-30 20:00:00,106.16089347642212
2023-10-30 21:00:00,106.2132666788104
2023-10-30 22:00:00,106.23072090035302
2023-10-30 23:00:00,106.30006981249403
2023-10-31 00:00:00,106.39510854355834
2023-10-31 01:00:00,106.42737554689029
2023-10-31 02:00:00,106.39174378607407
2023-10-31 03:00:00,106.31707637991083
2023-10-31 04:00:00,106.2404120529968
2023-10-31 05:00:00,106.06538305609874
2023-10-31 06:00:00,105.93819072335387
2023-10-31 07:00:00,105.96189585485162
2023-10-31 08:00:00,106.04685578019809
2023-10-31 09:00:00,106.30090991618832
2023-10-31 10:00:00,106.47673920904366
2023-10-31 11:00:00,106.50905445647852
2023-10-31 12:00:00,106.76982359787385
2023-10-31 13:00:00,106.79698993729504
2023-10-31 14:00:00,106.70844572829581
2023-10-31 15:00:00,106.66441528319972
2023-10-31 16:00:00,106.66755468101996
2023-10-31 17:00:00,106.74091884272492
2023-10-31 18:00:00,106.71253927340972
2023-10-31 19:00:00,106.66532309012798
2023-10-31 20:00:00,106.6755239870744
2023-10-31 21:00:00,106.7220675795674
2023-10-31 22:00:00,106.75417306836322
2023-10-31 23:00:00,106.72339173317718
2023-11-01 00:00:00,106.71869195080366
2023-11-01 01:00:00,106.75440486462043
2023-11-01 02:00:00,106.75401525768989
2023-11-01 03:00:00,106.68568633362474
2023-11-01 04:00:00,106.75640279211632
2023-11-01 05:00:00,106.79537917119123
2023-11-01 06:00:00,106.85988994741098
2023-11-01 07:00:00,106.85379110156764
2023-11-01 08:00:00,106.90770767937374
2023-11-01 09:00:00,106.91947936763388
2023-11-01 10:00:00,107.00156069455387
2023-11-01 11:00:00,106.7846339151655
2023-11-01 12:00:00,106.92697362382718
2023-11-01 13:00:00,106.96903710299968
2023-11-01 14:00:00,106.97071936041077
2023-11-01 15:00:00,106.88812496634762
2023-11-01 16:00:00,106.67816281935914
2023-11-01 17:00:00,106.67066348910318
2023-11-01 18:00:00,106.6578102102956
2023-11-01 19:00:00,106.55661591538471
2023-11-01 20:00:00,106.46654047359846
2023-11-01 21:00:00,106.32559117386027
2023-11-01 22:00:00,106.35333279883204
2023-11-01 23:00:00,106.35053380629672
2023-11-02 00:00:00,106.33435729675841
2023-11-02 01:00:00,106.38569563264572
2023-11-02 02:00:00,106.37916135296115
2023-11-02 03:00:00,106.35880405908841
2023-11-02 04:00:00,106.35098509267762
2023-11-02 05:00:00,106.37383037909674
2023-11-02 06:00:00,106.17207350260439
2023-11-02 07:00:00,106.11282682110675
2023-11-02 08:00:00,106.12303069553326
2023-11-02 09:00:00,105.84556824578098
2023-11-02 10:00:00,105.98029210182025
2023-11-02 11:00:00,106.0769781207772
2023-11-02 12:00:00,106.24756453859484
2023-11-02 13:00:00,106.25078581473285
2023-11-02 14:00:00,106.10948355510895
2023-11-02 15:00:00,106.1235125744214
2023-11-02 16:00:00,106.12905029623255
2023-11-02 17:00:00,106.13895574668524
2023-11-02 18:00:00,106.15131633587471
2023-11-02 19:00:00,106.18413180426926
2023-11-02 20:00:00,106.20563939860166
2023-11-02 21:00:00,106.1898955536564
2023-11-02 22:00:00,106.16180910032838
2023-11-02 23:00:00,106.10687449370391
2023-11-03 00:00:00,106.11500046290071
2023-11-03 01:00:00,106.09935599849344
2023-11-03 02:00:00,106.06074561333367
2023-11-03 03:00:00,106.06425040896004
2023-11-03 04:00:00,106.08479041348693
2023-11-03 05:00:00,106.11107030709438
2023-11-03 06:00:00,105.93916060051502
2023-11-03 07:00:00,105.95695675443197
2023-11-03 08:00:00,105.92410618935257
2023-11-03 09:00:00,105.30366126349165
2023-11-03 10:00:00,105.22803726576912
2023-11-03 11:00:00,105.22522110729061
2023-11-03 12:00:00,105.07688972398196
2023-11-03 13:00:00,104.99951950016644
2023-11-03 14:00:00,105.03379549136636
2023-11-03 15:00:00,105.0196311701008
2023-11-03 16:00:00,105.12038073338972
2023-11-03 17:00:00,105.07152907480956
2023-11-05 18:00:00,105.10945149035985
2023-11-05 19:00:00,105.07606829891044
2023-11-05 20:00:00,105.1279433002399
2023-11-05 21:00:00,105.09539205997439
2023-11-05 22:00:00,105.07018543222308
2023-11-05 23:00:00,105.05058997069827
2023-11-06 00:00:00,105.04205014712196
2023-11-06 01:00:00,105.0347402975654
2023-11-06 02:00:00,105.02046901674377
2023-11-06 03:00:00,105.07027371456411
2023-11-06 04:00:00,104.89122321692736
2023-11-06 05:00:00,104.95126960599956
2023-11-06 06:00:00,104.92262070488628
2023-11-06 07:00:00,104.89346589948931
2023-11-06 08:00:00,104.99193178236412
2023-11-06 09:00:00,105.0512656742128
2023-11-06 10:00:00,105.0416464130499
2023-11-06 11:00:00,105.01700120202405
2023-11-06 12:00:00,104.99758906449196
2023-11-06 13:00:00,105.09850099977731
2023-11-06 14:00:00,105.10778146268095
2023-11-06 15:00:00,105.21282775543395
2023-11-06 16:00:00,105.25657589267816
2023-11-06 17:00:00,105.28173469368849
2023-11-06 18:00:00,105.23929805452444
2023-11-06 19:00:00,105.26967492019152
2023-11-06 20:00:00,105.30445447191272
2023-11-06 21:00:00,105.33694783082773
2023-11-06 22:00:00,105.33043362358507
2023-11-06 23:00:00,105.36600723206678
2023-11-07 00:00:00,105.40597686559573
2023-11-07 01:00:00,105.3774485140439
2023-11-07 02:00:00,105.46952392176992
2023-11-07 03:00:00,105.5103719212185
2023-11-07 04:00:00,105.426672556934
2023-11-07 05:00:00,105.60523765761567
2023-11-07 06:00:00,105.60164228251774
2023-11-07 07:00:00,105.66473564833632
2023-11-07 08:00:00,105.64229351448213
2023-11-07 09:00:00,105.66128397474101
2023-11-07 10:00:00,105.67385899773932
2023-11-07 11:00:00,105.59961670884523
2023-11-07 12:00:00,105.61598579848585
2023-11-07 13:00:00,105.70577033338535
2023-11-07 14:00:00,105.50027426887304
2023-11-07 15:00:00,105.54337963110933
2023-11-07 16:00:00,105.55224394725855
2023-11-07 17:00:00,105.51079178897014
2023-11-07 18:00:00,105.51162464902376
2023-11-07 19:00:00,105.54585636643966
2023-11-07 20:00:00,105.60484660199576
2023-11-07 21:00:00,105.59305744395895
2023-11-07 22:00:00,105.56486941925147
2023-11-07 23:00:00,105.60511572878771
2023-11-08 00:00:00,105.58822042881124
2023-11-08 01:00:00,105.65746367684247
2023-11-08 02:00:00,105.69031605313087
2023-11-08 03:00:00,105.69910491939457
2023-11-08 04:00:00,105.76299862507146
2023-11-08 05:00:00,105.83353373448853
2023-11-08 06:00:00,105.79428079251635
2023-11-08 07:00:00,105.71066027463958
2023-11-08 08:00:00,105.80238923812006
2023-11-08 09:00:00,105.79319840896655
2023-11-08 10:00:00,105.63033948957654
2023-11-08 11:00:00,105.53897110091633
2023-11-08 12:00:00,105.46130840027273
2023-11-08 13:00:00,105.53310985071369
2023-11-08 14:00:00,105.52260909529981
2023-11-08 15:00:00,105.59210390946446
2023-11-08 16:00:00,105.52954685029971
2023-11-08 17:00:00,105.53215484424307
2023-11-08 18:00:00,105.53501754057241
2023-11-08 19:00:00,105.50370299952863
2023-11-08 20:00:00,105.57448144760285
2023-11-08 21:00:00,105.49716753738386
2023-11-08 22:00:00,105.52640067266347
2023-11-08 23:00:00,105.53821613454564
2023-11-09 00:00:00,105.52812877293235
2023-11-09 01:00:00,105.58703667364001
2023-11-09 02:00:00,105.52099392153548
2023-11-09 03:00:00,105.5495250695082
2023-11-09 04:00:00,105.56601082335133
2023-11-09 05:00:00,105.58252537402664
2023-11-09 06:00:00,105.67952572902442
2023-11-09 07:00:00,105.68076664283402
2023-11-09 08:00:00,105.6719520619093
2023-11-09 09:00:00,105.53684503931073
2023-11-09 10:00:00,105.38631455358237
2023-11-09 11:00:00,105.44236456108624
2023-11-09 12:00:00,105.50989198499408
2023-11-09 13:00:00,105.55801491933208
2023-11-09 14:00:00,105.65268746217828
2023-11-09 15:00:00,105.90833005769831
2023-11-09 16:00:00,105.93709523840508
2023-11-09 17:00:00,105.90475749527174
2023-11-09 18:00:00,105.88818103789716
2023-11-09 19:00:00,105.91936729531415
2023-11-09 20:00:00,105.9017290557257
2023-11-09 21:00:00,105.8655709234388
2023-11-09 22:00:00,105.86563557932166
2023-11-09 23:00:00,105.89068437308052
2023-11-10 00:00:00,105.87326706914506
2023-11-10 01:00:00,105.89278354283867
2023-11-10 02:00:00,105.91606986161533
2023-11-10 03:00:00,105.92725568909557
2023-11-10 04:00:00,105.88987308196847
2023-11-10 05:00:00,105.85768750274923
2023-11-10 06:00:00,105.77129521562686
2023-11-10 07:00:00,105.87412663961658
2023-11-10 08:00:00,105.81821462982099
2023-11-10 09:00:00,105.7715514427264
2023-11-10 10:00:00,105.92078348642113
2023-11-10 11:00:00,105.95228819021041
2023-11-10 12:00:00,105.94881504772091
2023-11-10 13:00:00,105.85978816936131
2023-11-10 14:00:00,105.83902481316333
2023-11-10 15:00:00,105.86120076611891
2023-11-10 16:00:00,105.80218306450496
2023-11-10 17:00:00,105.80520324570315
2023-11-12 18:00:00,105.78451749801218
2023-11-12 19:00:00,105.75458578478641
2023-11-12 20:00:00,105.82268633378416
2023-11-12 21:00:00,105.7925386779741
2023-11-12 22:00:00,105.8346717064027
2023-11-12 23:00:00,105.82500180605342
2023-11-13 00:00:00,105.84435823579997
2023-11-13 01:00:00,105.83039040173873
2023-11-13 02:00:00,105.78920389069417
2023-11-13 03:00:00,105.76260562293581
2023-11-13 04:00:00,105.77576859818926
2023-11-13 05:00:00,105.77936871795619
2023-11-13 06:00:00,105.71278073062794
2023-11-13 07:00:00,105.7804154091928
2023-11-13 08:00:00,105.8972704974374
2023-11-13 09:00:00,105.88975695535795
2023-11-13 10:00:00,105.87594070703312
2023-11-13 11:00:00,105.75010908657069
2023-11-13 12:00:00,105.64226027056436
2023-11-13 13:00:00,105.67569166616245
2023-11-13 14:00:00,105.63481543347861
2023-11-13 15:00:00,105.62976638329384
2023-11-13 16:00:00,105.6557978583712
2023-11-13 17:00:00,105.66296191970908
2023-11-13 18:00:00,105.6561832148859
2023-11-13 19:00:00,105.63909766177396
2023-11-13 20:00:00,105.6616398155992
2023-11-13 21:00:00,105.67060674301163
2023-11-13 22:00:00,105.6780744983167
2023-11-13 23:00:00,105.69077635932466
2023-11-14 00:00:00,105.69511071642658
2023-11-14 01:00:00,105.70926592175948
2023-11-14 02:00:00,105.67130883613626
2023-11-14 03:00:00,105.60737758883249
2023-11-14 04:00:00,105.68436961045106
2023-11-14 05:00:00,105.55300350256384
2023-11-14 06:00:00,105.53639494057296
2023-11-14 07:00:00,105.58677961862251
2023-11-14 08:00:00,105.54779837606418
2023-11-14 09:00:00,104.86768155261325
2023-11-14 10:00:00,104.48270415922549
2023-11-14 11:00:00,104.44070234230006
2023-11-14 12:00:00,104.25765611805387
2023-11-14 13:00:00,104.1551718080346
2023-11-14 14:00:00,104.16380315912377
2023-11-14 15:00:00,104.05308052379677
2023-11-14 16:00:00,104.03164631039716
2023-11-14 17:00:00,104.07435934787276
2023-11-14 18:00:00,104.12346690428676
2023-11-14 19:00:00,104.10100732060619
2023-11-14 20:00:00,104.17781804044425
2023-11-14 21:00:00,104.154841474281
2023-11-14 22:00:00,104.10475709819623
2023-11-14 23:00:00,104.06789070741613
2023-11-15 00:00:00,104.09615945539629
2023-11-15 01:00:00,104.13914008684793
2023-11-15 02:00:00,104.13251143136507
2023-11-15 03:00:00,104.15107146469823
2023-11-15 04:00:00,104.14719934814822
2023-11-15 05:00:00,104.25331281261853
2023-11-15 06:00:00,104.2166260968859
2023-11-15 07:00:00,104.11994957343964
2023-11-15 08:00:00,104.15419810284297
2023-11-15 09:00:00,104.24895905906263
2023-11-15 10:00:00,104.47160805721016
2023-11-15 11:00:00,104.18966431043525
2023-11-15 12:00:00,104.30278223612194
2023-11-15 13:00:00,104.30535295919995
2023-11-15 14:00:00,104.3981613970895
2023-11-15 15:00:00,104.39281627830606
2023-11-15 16:00:00,104.43041668526193
2023-11-15 17:00:00,104.39648076288053
2023-11-15 18:00:00,104.36579555002294
2023-11-15 19:00:00,104.32883496881965
2023-11-15 20:00:00,104.34005582420303
2023-11-15 21:00:00,104.43457839874434
2023-11-15 22:00:00,104.53703211681746
2023-11-15 23:00:00,104.53389064061128
2023-11-16 00:00:00,104.49177862206177
2023-11-16 01:00:00,104.48664206365125
2023-11-16 02:00:00,104.4704993948152
2023-11-16 03:00:00,104.4864501074098
2023-11-16 04:00:00,104.36767248130178
2023-11-16 05:00:00,104.40084732740456
2023-11-16 06:00:00,104.42700867467711
2023-11-16 07:00:00,104.39512511019714
2023-11-16 08:00:00,104.49958804669082
2023-11-16 09:00:00,104.13244451539035
2023-11-16 10:00:00,104.18313174819369
2023-11-16 11:00:00,104.15330216892183
2023-11-16 12:00:00,104.39537285221057
2023-11-16 13:00:00,104.30521029340763
2023-11-16 14:00:00,104.31702507575022
2023-11-16 15:00:00,104.34677010455599
2023-11-16 16:00:00,104.42803099791644
2023-11-16 17:00:00,104.37636199465716
2023-11-16 18:00:00,104.3695470629535
2023-11-16 19:00:00,104.36995209132954
2023-11-16 20:00:00,104.35293179141293
2023-11-16 21:00:00,104.36282050128779
2023-11-16 22:00:00,104.33254880397344
2023-11-16 23:00:00,104.35252898322021
2023-11-17 00:00:00,104.38153416964644
2023-11-17 01:00:00,104.36064197960462
2023-11-17 02:00:00,104.37643833405714
2023-11-17 03:00:00,104.46919622493962
2023-11-17 04:00:00,104.33013503888142
2023-11-17 05:00:00,104.25312941161887
2023-11-17 06:00:00,104.07332695162619
2023-11-17 07:00:00,104.1359294013852
2023-11-17 08:00:00,104.13733120220098
2023-11-17 09:00:00,104.12425903687699
2023-11-17 10:00:00,104.14143615987106
2023-11-17 11:00:00,104.01061197243163
2023-11-17 12:00:00,104.10530050457082
2023-11-17 13:00:00,104.0002197746731
2023-11-17 14:00:00,103.88177923071113
2023-11-17 15:00:00,103.91894890991824
2023-11-17 16:00:00,103.85923914055219
2023-11-17 17:00:00,103.83552547432919
2023-11-19 18:00:00,103.84536456998761
2023-11-19 19:00:00,103.9142644692507
2023-11-19 20:00:00,103.92728138618986
2023-11-19 21:00:00,103.83191709205994
2023-11-19 22:00:00,103.6685561049288
2023-11-19 23:00:00,103.64565926417306
2023-11-20 00:00:00,103.65345170444576
2023-11-20 01:00:00,103.69785041081474
2023-11-20 02:00:00,103.72611893910494
2023-11-20 03:00:00,103.70510254651947
2023-11-20 04:00:00,103.66472403764158
2023-11-20 05:00:00,103.46787895011266
2023-11-20 06:00:00,103.58467464375386
2023-11-20 07:00:00,103.5990245852558
2023-11-20 08:00:00,103.56871858558793
2023-11-20 09:00:00,103.60711988657408
2023-11-20 10:00:00,103.51464756670273
2023-11-20 11:00:00,103.51821055247078
2023-11-20 12:00:00,103.45058499169338
2023-11-20 13:00:00,103.51050757136775
2023-11-20 14:00:00,103.45552103711262
2023-11-20 15:00:00,103.43624504745472
2023-11-20 16:00:00,103.47194024345782
2023-11-20 17:00:00,103.49423783934465
2023-11-20 18:00:00,103.47822556184532
2023-11-20 19:00:00,103.45873954985666
2023-11-20 20:00:00,103.41366528599545
2023-11-20 21:00:00,103.35973669510595
2023-11-20 22:00:00,103.26317701222627
2023-11-20 23:00:00,103.20105185947999
2023-11-21 00:00:00,103.24522135383982
2023-11-21 01:00:00,103.30734208336067
2023-11-21 02:00:00,103.28741144689249
2023-11-21 03:00:00,103.29279180915803
2023-11-21 04:00:00,103.32157236952047
2023-11-21 05:00:00,103.37290871842778
2023-11-21 06:00:00,103.32210520716825
2023-11-21 07:00:00,103.39137524043339
2023-11-21 08:00:00,103.31941469001725
2023-11-21 09:00:00,103.32284779619121
2023-11-21 10:00:00,103.25370809005746
2023-11-21 11:00:00,103.38671096890879
2023-11-21 12:00:00,103.47454862659997
2023-11-21 13:00:00,103.48830001994828
2023-11-21 14:00:00,103.62281632429278
2023-11-21 15:00:00,103.56680548218573
2023-11-21 16:00:00,103.599447290328
2023-11-21 17:00:00,103.60652395708433
2023-11-21 18:00:00,103.59016134595493
2023-11-21 19:00:00,103.53597348150342
2023-11-21 20:00:00,103.52500538308874
2023-11-21 21:00:00,103.58154709973769
2023-11-21 22:00:00,103.5516603269868
2023-11-21 23:00:00,103.56331878289184
2023-11-22 00:00:00,103.58543292896334
2023-11-22 01:00:00,103.67861294717937
2023-11-22 02:00:00,103.76085664431106
2023-11-22 03:00:00,103.65689034466263
2023-11-22 04:00:00,103.89405865459115
2023-11-22 05:00:00,103.73582479733679
2023-11-22 06:00:00,103.71266019889195
2023-11-22 07:00:00,103.70472313046884
2023-11-22 08:00:00,103.6581729716862
2023-11-22 09:00:00,103.81199327241733
2023-11-22 10:00:00,104.00317783815967
2023-11-22 11:00:00,104.11543810747062
2023-11-22 12:00:00,104.06893174328445
2023-11-22 13:00:00,103.97819185573216
2023-11-22 14:00:00,103.9308584813656
2023-11-22 15:00:00,103.92235991508771
2023-11-22 16:00:00,103.88849945356529
2023-11-22 17:00:00,103.87181466579354
2023-11-22 18:00:00,103.88344359224145
2023-11-22 19:00:00,103.88003462808348
2023-11-22 20:00:00,103.81856418186996
2023-11-22 21:00:00,103.78867606339057
2023-11-22 22:00:00,103.72137233342994
2023-11-22 23:00:00,103.70810325367763
2023-11-23 00:00:00,103.73151941649171
2023-11-23 01:00:00,103.64379547059671
2023-11-23 02:00:00,103.66102070088499
2023-11-23 03:00:00,103.61750522646958
2023-11-23 04:00:00,103.6289638550663
2023-11-23 05:00:00,103.587557332542
2023-11-23 06:00:00,103.6120777762981
2023-11-23 07:00:00,103.63287226289503
2023-11-23 08:00:00,103.74914869026858
2023-11-23 09:00:00,103.77115739656286
2023-11-23 10:00:00,103.82182111428095
2023-11-23 11:00:00,103.72070216580758
2023-11-23 12:00:00,103.75021471968223
2023-11-23 13:00:00,103.75933046588855
2023-11-23 14:00:00,103.77096010191774
2023-11-23 15:00:00,103.76811399859092
2023-11-23 16:00:00,103.7578066070289
2023-11-23 17:00:00,103.74785455584617
2023-11-23 18:00:00,103.74237560457769
2023-11-23 19:00:00,103.77561143169785
2023-11-23 20:00:00,103.72867525771345
2023-11-23 21:00:00,103.77547400424707
2023-11-23 22:00:00,103.83074069994709
2023-11-23 23:00:00,103.79543557317068
2023-11-24 00:00:00,103.74792567199539
2023-11-24 01:00:00,103.67708705503817
2023-11-24 02:00:00,103.7262211485347
2023-11-24 03:00:00,103.73544022039692
2023-11-24 04:00:00,103.63873760010117
2023-11-24 05:00:00,103.76301205099348
2023-11-24 06:00:00,103.69202815445918
2023-11-24 07:00:00,103.65545795636152
2023-11-24 08:00:00,103.63177504312497
2023-11-24 09:00:00,103.59528798312954
2023-11-24 10:00:00,103.4367619695164
2023-11-24 11:00:00,103.3915197074649
2023-11-24 12:00:00,103.45580975391712
2023-11-24 13:00:00,103.40136729460426
2023-11-24 14:00:00,103.35943141206407
2023-11-24 15:00:00,103.37704324707784
2023-11-24 16:00:00,103.38718189787119
2023-11-24 17:00:00,103.433463568639
2023-11-26 18:00:00,103.40275134155809
2023-11-26 19:00:00,103.44204523451369
2023-11-26 20:00:00,103.51293737761307
2023-11-26 21:00:00,103.35175337375432
2023-11-26 22:00:00,103.39678861939085
2023-11-26 23:00:00,103.36569366964933
2023-11-27 00:00:00,103.35509152928581
2023-11-27 01:00:00,103.3466217056717
2023-11-27 02:00:00,103.3218627080292
2023-11-27 03:00:00,103.32239667799836
2023-11-27 04:00:00,103.35619844048561
2023-11-27 05:00:00,103.34594110941102
2023-11-27 06:00:00,103.2552809733461
2023-11-27 07:00:00,103.25113573096125
2023-11-27 08:00:00,103.26040932797184
2023-11-27 09:00:00,103.30717697658667
2023-11-27 10:00:00,103.43464084390018
2023-11-27 11:00:00,103.41055723443966
2023-11-27 12:00:00,103.37583905966751
2023-11-27 13:00:00,103.40449358131342
2023-11-27 14:00:00,103.3166749894146
2023-11-27 15:00:00,103.19979003217048
2023-11-27 16:00:00,103.19366380323838
2023-11-27 17:00:00,103.21263198981532
2023-11-27 18:00:00,103.21479174351265
2023-11-27 19:00:00,103.14814725162157
2023-11-27 20:00:00,103.12701000785897
2023-11-27 21:00:00,103.13290459261398
2023-11-27 22:00:00,103.11593577179269
2023-11-27 23:00:00,103.15378828968304
2023-11-28 00:00:00,103.16715488149278
2023-11-28 01:00:00,103.19133014762856
2023-11-28 02:00:00,103.21417151425169
2023-11-28 03:00:00,103.30878636592702
2023-11-28 04:00:00,103.24777948640666
2023-11-28 05:00:00,103.18265454456471
2023-11-28 06:00:00,103.1972708319923
2023-11-28 07:00:00,103.22725310849457
2023-11-28 08:00:00,103.22159846527383
2023-11-28 09:00:00,103.04807183296315
2023-11-28 10:00:00,102.978587612396
2023-11-28 11:00:00,102.88989638756266
2023-11-28 12:00:00,102.64660547416194
2023-11-28 13:00:00,102.79697062477159
2023-11-28 14:00:00,102.84059275265788
2023-11-28 15:00:00,102.74499979425
2023-11-28 16:00:00,102.77798304304648
2023-11-28 17:00:00,102.72878610859728
2023-11-28 18:00:00,102.73797461579494
2023-11-28 19:00:00,102.61772057239516
2023-11-28 20:00:00,102.56273199236094
2023-11-28 21:00:00,102.55957002324038
2023-11-28 22:00:00,102.5690808565597
2023-11-28 23:00:00,102.65855169928749
2023-11-29 00:00:00,102.61054168979612
2023-11-29 01:00:00,102.61914686485522
2023-11-29 02:00:00,102.6303308849341
2023-11-29 03:00:00,102.78168531890411
2023-11-29 04:00:00,102.7386571025403
2023-11-29 05:00:00,102.87790371105382
2023-11-29 06:00:00,102.89553220039544
2023-11-29 07:00:00,102.80855215269398
2023-11-29 08:00:00,102.8041488043123
2023-11-29 09:00:00,102.91509758006578
2023-11-29 10:00:00,102.83654445474752
2023-11-29 11:00:00,102.84732584478483
2023-11-29 12:00:00,102.90102254765812
2023-11-29 13:00:00,102.82058793362746
2023-11-29 14:00:00,102.73533141218277
2023-11-29 15:00:00,102.7640543003421
2023-11-29 16:00:00,102.85607461109758
2023-11-29 17:00:00,102.85919000214344
2023-11-29 18:00:00,102.82987979058957
2023-11-29 19:00:00,102.82139854355673
2023-11-29 20:00:00,102.74165515044575
2023-11-29 21:00:00,102.84154547667347
2023-11-29 22:00:00,102.7692374462116
2023-11-29 23:00:00,102.79888567907909
2023-11-30 00:00:00,102.8230237313196
2023-11-30 01:00:00,102.80703180572266
2023-11-30 02:00:00,102.75139217827694
2023-11-30 03:00:00,102.93905274117722
2023-11-30 04:00:00,103.17157682317927
2023-11-30 05:00:00,103.21363697632519
2023-11-30 06:00:00,103.273337791719
2023-11-30 07:00:00,103.31263725659652
2023-11-30 08:00:00,103.2391161631557
2023-11-30 09:00:00,103.35867650816667
2023-11-30 10:00:00,103.43175315061293
2023-11-30 11:00:00,103.28634057773901
2023-11-30 12:00:00,103.34104384543825
2023-11-30 13:00:00,103.50335370669949
2023-11-30 14:00:00,103.5097966399998
2023-11-30 15:00:00,103.49641036597363
2023-11-30 16:00:00,103.53455907821284
2023-11-30 17:00:00,103.50424609487624
2023-11-30 18:00:00,103.47595099398
2023-11-30 19:00:00,103.45183177627464
2023-11-30 20:00:00,103.34179311305509
2023-11-30 21:00:00,103.29587843079995
2023-11-30 22:00:00,103.32810853462372
2023-11-30 23:00:00,103.40038052795131
2023-12-01 00:00:00,103.35426263485436
2023-12-01 01:00:00,103.31486966004118
2023-12-01 02:00:00,103.351058708347
2023-12-01 03:00:00,103.44812426038926
2023-12-01 04:00:00,103.36738699247334
2023-12-01 05:00:00,103.3160274776748
2023-12-01 06:00:00,103.40094077887436
2023-12-01 07:00:00,103.37057119088058
2023-12-01 08:00:00,103.54140370343174
2023-12-01 09:00:00,103.58160941051416
2023-12-01 10:00:00,103.70317312844242
2023-12-01 11:00:00,103.64207472113544
2023-12-01 12:00:00,103.28105965744288
2023-12-01 13:00:00,103.22465422111658
2023-12-01 14:00:00,103.15116711106644
2023-12-01 15:00:00,103.26785921311426
2023-12-01 16:00:00,103.2231197156004
2023-12-01 17:00:00,103.19676254418854
2023-12-03 18:00:00,103.17457964148842
2023-12-03 19:00:00,103.12627206391514
2023-12-03 20:00:00,103.26967345751169
2023-12-03 21:00:00,103.28694986705152
2023-12-03 22:00:00,103.21931248952339
2023-12-03 23:00:00,103.26252201848143
2023-12-04 00:00:00,103.32336145862038
2023-12-04 01:00:00,103.33893586988911
2023-12-04 02:00:00,103.34073646136375
2023-12-04 03:00:00,103.49261972123311
2023-12-04 04:00:00,103.40059714937004
2023-12-04 05:00:00,103.31068084428638
2023-12-04 06:00:00,103.36476310646135
2023-12-04 07:00:00,103.33123224847951
2023-12-04 08:00:00,103.33763716557927
2023-12-04 09:00:00,103.44726665672378
2023-12-04 10:00:00,103.56463966536931
2023-12-04 11:00:00,103.78192733578268
2023-12-04 12:00:00,103.71336344902058
2023-12-04 13:00:00,103.70779044956416
2023-12-04 14:00:00,103.80945484114754
2023-12-04 15:00:00,103.71193054310822
2023-12-04 16:00:00,103.66025850926579
2023-12-04 17:00:00,103.63631544310074
2023-12-04 18:00:00,103.6280979362789
2023-12-04 19:00:00,103.6358471014174
2023-12-04 20:00:00,103.5580239929025
2023-12-04 21:00:00,103.6126505785222
2023-12-04 22:00:00,103.65788124105754
2023-12-04 23:00:00,103.62147825998825
2023-12-05 00:00:00,103.5914594394345
2023-12-05 01:00:00,103.55484609030947
2023-12-05 02:00:00,103.62907068257178
2023-12-05 03:00:00,103.81945697531178
2023-12-05 04:00:00,103.6421478730125
2023-12-05 05:00:00,103.66099655804888
2023-12-05 06:00:00,103.66594092780586
2023-12-05 07:00:00,103.76036168273079
2023-12-05 08:00:00,103.80197971802272
2023-12-05 09:00:00,103.67514979091835
2023-12-05 10:00:00,103.85652550236831
2023-12-05 11:00:00,103.8502147066604
2023-12-05 12:00:00,104.03361182144981
2023-12-05 13:00:00,103.95896670866348
2023-12-05 14:00:00,104.03561073220753
2023-12-05 15:00:00,104.05039454804198
2023-12-05 16:00:00,103.96887749532289
2023-12-05 17:00:00,103.94406150692228
2023-12-05 18:00:00,103.94780785967069
2023-12-05 19:00:00,103.97705333153311
2023-12-05 20:00:00,103.94821566713529
2023-12-05 21:00:00,103.96532969570278
2023-12-05 22:00:00,103.97297566613645
2023-12-05 23:00:00,103.92657193009138
2023-12-06 00:00:00,103.95188692153198
2023-12-06 01:00:00,103.89380880265092
2023-12-06 02:00:00,103.9930153255679
2023-12-06 03:00:00,103.9331356981318
2023-12-06 04:00:00,104.00985388558752
2023-12-06 05:00:00,103.9903989075663
2023-12-06 06:00:00,103.98690116336094
2023-12-06 07:00:00,104.05861541986376
2023-12-06 08:00:00,104.06098615614556
2023-12-06 09:00:00,103.89866299010217
2023-12-06 10:00:00,103.93299227380211
2023-12-06 11:00:00,103.95341130607724
2023-12-06 12:00:00,103.97674637325134
2023-12-06 13:00:00,104.03753154730853
2023-12-06 14:00:00,104.05461547980306
2023-12-06 15:00:00,104.15325865290967
2023-12-06 16:00:00,104.20361743647673
2023-12-06 17:00:00,104.17998751419447
2023-12-06 18:00:00,104.1494093183655
2023-12-06 19:00:00,104.1558679838746
2023-12-06 20:00:00,104.13161533362198
2023-12-06 21:00:00,104.12199724959137
2023-12-06 22:00:00,104.14378655838141
2023-12-06 23:00:00,104.1872137359012
2023-12-07 00:00:00,104.16923126779632
2023-12-07 01:00:00,104.14575027186964
2023-12-07 02:00:00,104.09100362169251
2023-12-07 03:00:00,103.89488611172622
2023-12-07 04:00:00,103.88694874098312
2023-12-07 05:00:00,103.81136227154198
2023-12-07 06:00:00,103.86090327004759
2023-12-07 07:00:00,103.90373299332346
2023-12-07 08:00:00,103.93776176152916
2023-12-07 09:00:00,103.75143830661612
2023-12-07 10:00:00,103.91822566003869
2023-12-07 11:00:00,103.72125438696796
2023-12-07 12:00:00,103.65992819433205
2023-12-07 13:00:00,103.42800223850504
2023-12-07 14:00:00,103.49903135374406
2023-12-07 15:00:00,103.54458710438814
2023-12-07 16:00:00,103.5939992017231
2023-12-07 17:00:00,103.65363432355898
2023-12-07 18:00:00,103.66119519349424
2023-12-07 19:00:00,103.6804520352823
2023-12-07 20:00:00,103.52533631712035
2023-12-07 21:00:00,103.58877943315133
2023-12-07 22:00:00,103.5856393701
2023-12-07 23:00:00,103.60015356503541
2023-12-08 00:00:00,103.65108676592126
2023-12-08 01:00:00,103.67084197288457
2023-12-08 02:00:00,103.73525632196574
2023-12-08 03:00:00,103.74984628114304
2023-12-08 04:00:00,103.66501844644561
2023-12-08 05:00:00,103.78627714844282
2023-12-08 06:00:00,103.73255719799391
2023-12-08 07:00:00,103.75436792370614
2023-12-08 08:00:00,103.78569728159388
2023-12-08 09:00:00,104.00628113260635
2023-12-08 10:00:00,104.03776502490159
2023-12-08 11:00:00,103.90339426822827
2023-12-08 12:00:00,104.11048000880302
2023-12-08 13:00:00,104.02554096573158
2023-12-08 14:00:00,104.02055139848038
2023-12-08 15:00:00,104.00993460169926
2023-12-08 16:00:00,103.98382947833761
2023-12-08 17:00:00,103.99480242951329
2023-12-10 18:00:00,103.99854457479046
2023-12-10 19:00:00,103.96223988458341
2023-12-10 20:00:00,103.96003272540807
2023-12-10 21:00:00,104.01990753578062
2023-12-10 22:00:00,104.02874093442178
2023-12-10 23:00:00,104.03774434722489
2023-12-11 00:00:00,104.07558955381882
2023-12-11 01:00:00,104.03282568368287
2023-12-11 02:00:00,104.0101127709013
2023-12-11 03:00:00,104.17788133537158
2023-12-11 04:00:00,104.09379987408616
2023-12-11 05:00:00,104.07322448207137
2023-12-11 06:00:00,104.02997788880654
2023-12-11 07:00:00,104.04051060883745
2023-12-11 08:00:00,104.10646650221634
2023-12-11 09:00:00,104.07617217116947
2023-12-11 10:00:00,104.14161671447928
2023-12-11 11:00:00,104.2280458642683
2023-12-11 12:00:00,104.22486638600724
2023-12-11 13:00:00,104.25390695061887
2023-12-11 14:00:00,104.0832053071561
2023-12-11 15:00:00,104.09528030651121
2023-12-11 16:00:00,104.07943107012275
2023-12-11 17:00:00,104.08033632901103
2023-12-11 18:00:00,104.07657186113191
2023-12-11 19:00:00,104.06932266116569
2023-12-11 20:00:00,104.03202437397611
2023-12-11 21:00:00,104.01748913907784
2023-12-11 22:00:00,104.04565131814098
2023-12-11 23:00:00,103.96207925169075
2023-12-12 00:00:00,103.97572558268759
2023-12-12 01:00:00,103.92997045910944
2023-12-12 02:00:00,103.86066673396964
2023-12-12 03:00:00,103.89141340195133
2023-12-12 04:00:00,103.89395317318362
2023-12-12 05:00:00,103.81726436220096
2023-12-12 06:00:00,103.73851250586794
2023-12-12 07:00:00,103.75033174548503
2023-12-12 08:00:00,103.74660710684088
2023-12-12 09:00:00,103.98453821950311
2023-12-12 10:00:00,104.030767695706
2023-12-12 11:00:00,103.90954521150128
2023-12-12 12:00:00,103.88457266441749
2023-12-12 13:00:00,103.9144672951495
2023-12-12 14:00:00,103.85574293866739
2023-12-12 15:00:00,103.86295552554934
2023-12-12 16:00:00,103.7980167295959
2023-12-12 17:00:00,103.81631736453903
2023-12-12 18:00:00,103.79308661475606
2023-12-12 19:00:00,103.76533778242845
2023-12-12 20:00:00,103.82285243847586
2023-12-12 21:00:00,103.81416425101905
2023-12-12 22:00:00,103.8758754493232
2023-12-12 23:00:00,103.88906215279972
2023-12-13 00:00:00,103.90155156012834
2023-12-13 01:00:00,103.85776175938885
2023-12-13 02:00:00,103.93475685074974
2023-12-13 03:00:00,103.95522301812686
2023-12-13 04:00:00,103.92529062060594
2023-12-13 05:00:00,103.93707326344061
2023-12-13 06:00:00,103.98459007646265
2023-12-13 07:00:00,103.93189413391964
2023-12-13 08:00:00,103.96075773775473
2023-12-13 09:00:00,103.75509510837136
2023-12-13 10:00:00,103.85197454427166
2023-12-13 11:00:00,103.8145830654765
2023-12-13 12:00:00,103.83104828066318
2023-12-13 13:00:00,103.90700750414612
2023-12-13 14:00:00,103.88793418328711
2023-12-13 15:00:00,102.86890338428529
2023-12-13 16:00:00,102.89850151819815
2023-12-13 17:00:00,102.95484540444711
2023-12-13 18:00:00,102.8923703802609
2023-12-13 19:00:00,102.88504510603681
2023-12-13 20:00:00,102.73166871795581
2023-12-13 21:00:00,102.70768138307747
2023-12-13 22:00:00,102.59558547521537
2023-12-13 23:00:00,102.53160636948235
2023-12-14 00:00:00,102.61744074415445
2023-12-14 01:00:00,102.61762384615342
2023-12-14 02:00:00,102.5912970101216
2023-12-14 03:00:00,102.78861352439596
2023-12-14 04:00:00,102.61475760585527
2023-12-14 05:00:00,102.54212059274414
2023-12-14 06:00:00,102.49722269536778
2023-12-14 07:00:00,102.37043561583283
2023-12-14 08:00:00,102.36413296940614
2023-12-14 09:00:00,102.26354530428134
2023-12-14 10:00:00,101.95910097497195
2023-12-14 11:00:00,101.91716134867188
2023-12-14 12:00:00,101.86534034058033
2023-12-14 13:00:00,101.8065959491654
2023-12-14 14:00:00,102.01677830727238
2023-12-14 15:00:00,101.95576073517294
2023-12-14 16:00:00,101.92744817901146
2023-12-14 17:00:00,101.95681096225269
2023-12-14 18:00:00,101.95918418130178
2023-12-14 19:00:00,101.97705199156145
2023-12-14 20:00:00,102.05646881285804
2023-12-14 21:00:00,102.05179345119879
2023-12-14 22:00:00,101.92918443929163
2023-12-14 23:00:00,101.89707166105181
2023-12-15 00:00:00,101.88093386205271
2023-12-15 01:00:00,101.99909140211035
2023-12-15 02:00:00,101.98175533957746
2023-12-15 03:00:00,101.9312246171709
2023-12-15 04:00:00,102.12796779416472
2023-12-15 05:00:00,102.07671623378833
2023-12-15 06:00:00,102.03541494018174
2023-12-15 07:00:00,102.02055598725997
2023-12-15 08:00:00,102.18728433730992
2023-12-15 09:00:00,102.47991194217526
2023-12-15 10:00:00,102.38774845777483
2023-12-15 11:00:00,102.39158447660503
2023-12-15 12:00:00,102.45486174992283
2023-12-15 13:00:00,102.44459725775835
2023-12-15 14:00:00,102.61003358986902
2023-12-15 15:00:00,102.5477532260566
2023-12-15 16:00:00,102.60899482635915
2023-12-15 17:00:00,102.5963068571853
2023-12-17 18:00:00,102.58451953592613
2023-12-17 19:00:00,102.62241570737076
2023-12-17 20:00:00,102.55075530483627
2023-12-17 21:00:00,102.59165270517863
2023-12-17 22:00:00,102.54175708568869
2023-12-17 23:00:00,102.47962424522855
2023-12-18 00:00:00,102.46562075553817
2023-12-18 01:00:00,102.45374204532867
2023-12-18 02:00:00,102.4463894574146
2023-12-18 03:00:00,102.44017415608135
2023-12-18 04:00:00,102.45318374073409
2023-12-18 05:00:00,102.47383925324058
2023-12-18 06:00:00,102.55629253403586
2023-12-18 07:00:00,102.52954369578454
2023-12-18 08:00:00,102.52346659439714
2023-12-18 09:00:00,102.46908406537021
2023-12-18 10:00:00,102.45036185621638
2023-12-18 11:00:00,102.58836846472141
2023-12-18 12:00:00,102.57262703455196
2023-12-18 13:00:00,102.48503941430515
2023-12-18 14:00:00,102.52639678267946
2023-12-18 15:00:00,102.56095014681118
2023-12-18 16:00:00,102.53963554686258
2023-12-18 17:00:00,102.50381425659194
2023-12-18 18:00:00,102.50952859239435
2023-12-18 19:00:00,102.49170706411509
2023-12-18 20:00:00,102.48543572772246
2023-12-18 21:00:00,102.49620255269667
2023-12-18 22:00:00,102.58700601005373
2023-12-18 23:00:00,102.54292653926855
2023-12-19 00:00:00,102.5457217813896
2023-12-19 01:00:00,102.52765337519689
2023-12-19 02:00:00,102.54093382823176
2023-12-19 03:00:00,102.59262712055892
2023-12-19 04:00:00,102.55075893133363
2023-12-19 05:00:00,102.50932350977654
2023-12-19 06:00:00,102.56337771243447
2023-12-19 07:00:00,102.55572548891566
2023-12-19 08:00:00,102.28236051065488
2023-12-19 09:00:00,102.28597846502959
2023-12-19 10:00:00,102.14594799297119
2023-12-19 11:00:00,102.08062426340068
2023-12-19 12:00:00,102.11225129498763
2023-12-19 13:00:00,102.16190376757856
2023-12-19 14:00:00,102.16270627271814
2023-12-19 15:00:00,102.16677203176897
2023-12-19 16:00:00,102.14689029425861
2023-12-19 17:00:00,102.12043712791075
2023-12-19 18:00:00,102.11011181373574
2023-12-19 19:00:00,102.1411247709444
2023-12-19 20:00:00,102.1777510247595
2023-12-19 21:00:00,102.20496711143836
2023-12-19 22:00:00,102.21114222907013
2023-12-19 23:00:00,102.19035014922495
2023-12-20 00:00:00,102.17376672101464
2023-12-20 01:00:00,102.21021221072148
2023-12-20 02:00:00,102.26207592599609
2023-12-20 03:00:00,102.23535659196295
2023-12-20 04:00:00,102.27111788900223
2023-12-20 05:00:00,102.2165337298308
2023-12-20 06:00:00,102.30654193048699
2023-12-20 07:00:00,102.40629889207024
2023-12-20 08:00:00,102.45368523668344
2023-12-20 09:00:00,102.24978767948002
2023-12-20 10:00:00,102.17446527014698
2023-12-20 11:00:00,102.18483908079794
2023-12-20 12:00:00,102.30757203607965
2023-12-20 13:00:00,102.29449739582338
2023-12-20 14:00:00,102.28176480578448
2023-12-20 15:00:00,102.40587082588235
2023-12-20 16:00:00,102.53121544386414
2023-12-20 17:00:00,102.42131666842637
2023-12-20 18:00:00,102.40363978332604
2023-12-20 19:00:00,102.41128426174822
2023-12-20 20:00:00,102.34306340218474
2023-12-20 21:00:00,102.2969494733212
2023-12-20 22:00:00,102.31275943128693
2023-12-20 23:00:00,102.31576357850015
2023-12-21 00:00:00,102.30590754833389
2023-12-21 01:00:00,102.26799963956105
2023-12-21 02:00:00,102.35974441879237
2023-12-21 03:00:00,102.3574006381063
2023-12-21 04:00:00,102.41591367183494
2023-12-21 05:00:00,102.36367522144589
2023-12-21 06:00:00,102.29102898555843
2023-12-21 07:00:00,102.06373590167217
2023-12-21 08:00:00,102.07465218781778
2023-12-21 09:00:00,101.90688087800928
2023-12-21 10:00:00,101.91623239228579
2023-12-21 11:00:00,101.92772772866971
2023-12-21 12:00:00,101.90863789893606
2023-12-21 13:00:00,101.9561293680014
2023-12-21 14:00:00,101.93401159201922
2023-12-21 15:00:00,101.84102900937773
2023-12-21 16:00:00,101.80406613684109
2023-12-21 17:00:00,101.73964200672707
2023-12-21 18:00:00,101.77278065811296
2023-12-21 19:00:00,101.7833596694421
2023-12-21 20:00:00,101.79359495436417
2023-12-21 21:00:00,101.85824349735435
2023-12-21 22:00:00,101.84727026495811
2023-12-21 23:00:00,101.87840905646182
2023-12-22 00:00:00,101.84366131563718
2023-12-22 01:00:00,101.87452318627457
2023-12-22 02:00:00,101.87859977127799
2023-12-22 03:00:00,101.81043510424662
2023-12-22 04:00:00,101.74380578265561
2023-12-22 05:00:00,101.777358461687
2023-12-22 06:00:00,101.64380661030161
2023-12-22 07:00:00,101.58000848644483
2023-12-22 08:00:00,101.64981065496242
2023-12-22 09:00:00,101.5376698392901
2023-12-22 10:00:00,101.47163609517126
2023-12-22 11:00:00,101.70372795695876
2023-12-22 12:00:00,101.74158210419859
2023-12-22 13:00:00,101.69498162487012
2023-12-22 14:00:00,101.71633168469859
2023-12-22 15:00:00,101.69625648654005
2023-12-22 16:00:00,101.7078061760298
2023-12-22 17:00:00,101.7027147014681
2023-12-25 18:00:00,101.6985183181424
2023-12-25 19:00:00,101.64384676090934
2023-12-25 20:00:00,101.65392614663422
2023-12-25 21:00:00,101.62470146619088
2023-12-25 22:00:00,101.59837384891364
2023-12-25 23:00:00,101.57533533708045
2023-12-26 00:00:00,101.6161043704198
2023-12-26 01:00:00,101.59351854520916
2023-12-26 02:00:00,101.61164010666822
2023-12-26 03:00:00,101.63902446029547
2023-12-26 04:00:00,101.7262345733755
2023-12-26 05:00:00,101.73766549293919
2023-12-26 06:00:00,101.69113202146602
2023-12-26 07:00:00,101.71758899963197
2023-12-26 08:00:00,101.72750573270639
2023-12-26 09:00:00,101.64808063446893
2023-12-26 10:00:00,101.59910959965184
2023-12-26 11:00:00,101.62923460440264
2023-12-26 12:00:00,101.56041923175306
2023-12-26 13:00:00,101.5607578107622
2023-12-26 14:00:00,101.5485052029924
2023-12-26 15:00:00,101.4651281728199
2023-12-26 16:00:00,101.46890972809462
2023-12-26 17:00:00,101.46492231302496
2023-12-26 18:00:00,101.4772029854027
2023-12-26 19:00:00,101.47275537263354
2023-12-26 20:00:00,101.54239740423725
2023-12-26 21:00:00,101.52111271235279
2023-12-26 22:00:00,101.53449189678713
2023-12-26 23:00:00,101.5130535688716
2023-12-27 00:00:00,101.47241841102091
2023-12-27 01:00:00,101.4629357715017
2023-12-27 02:00:00,101.46116522068365
2023-12-27 03:00:00,101.5153692703535
2023-12-27 04:00:00,101.4908366783147
2023-12-27 05:00:00,101.40801546590691
2023-12-27 06:00:00,101.3975681919338
2023-12-27 07:00:00,101.37714059920191
2023-12-27 08:00:00,101.33202552606859
2023-12-27 09:00:00,101.30155898757188
2023-12-27 10:00:00,101.08645149285995
2023-12-27 11:00:00,100.98181953155995
2023-12-27 12:00:00,100.9200041337576
2023-12-27 13:00:00,100.98384922642593
2023-12-27 14:00:00,100.96220567996201
2023-12-27 15:00:00,100.98367915600225
2023-12-27 16:00:00,100.93576696805134
2023-12-27 17:00:00,100.94079465061441
2023-12-27 18:00:00,100.91866014964997
2023-12-27 19:00:00,100.88998484736648
2023-12-27 20:00:00,100.85690436042108
2023-12-27 21:00:00,100.77550924672282
2023-12-27 22:00:00,100.80622313964062
2023-12-27 23:00:00,100.78202716403105
2023-12-28 00:00:00,100.83176154294156
2023-12-28 01:00:00,100.83289894134053
2023-12-28 02:00:00,100.80586982931648
2023-12-28 03:00:00,100.73644507861815
2023-12-28 04:00:00,100.73372455816845
2023-12-28 05:00:00,100.68597264029113
2023-12-28 06:00:00,100.68876325709284
2023-12-28 07:00:00,100.7502660193565
2023-12-28 08:00:00,100.8344939604059
2023-12-28 09:00:00,101.10274401811259
2023-12-28 10:00:00,100.83721399869385
2023-12-28 11:00:00,100.83169616707953
2023-12-28 12:00:00,101.10295437597185
2023-12-28 13:00:00,101.12141733045613
2023-12-28 14:00:00,101.23235007047627
2023-12-28 15:00:00,101.23102529762176
2023-12-28 16:00:00,101.21044661593419
2023-12-28 17:00:00,101.23883764275796
2023-12-28 18:00:00,101.23056319242345
2023-12-28 19:00:00,101.20355925779042
2023-12-28 20:00:00,101.163602161525
2023-12-28 21:00:00,101.13363561219337
2023-12-28 22:00:00,101.17149225471697
2023-12-28 23:00:00,101.21714943013534
2023-12-29 00:00:00,101.19784883008484
2023-12-29 01:00:00,101.16801826028144
2023-12-29 02:00:00,101.11465840750463
2023-12-29 03:00:00,101.19601888700457
2023-12-29 04:00:00,101.24517914422965
2023-12-29 05:00:00,101.39794684840984
2023-12-29 06:00:00,101.24568426328072
2023-12-29 07:00:00,101.15374407152851
2023-12-29 08:00:00,101.31921022905779
2023-12-29 09:00:00,101.39015633995031
2023-12-29 10:00:00,101.20540127930141
2023-12-29 11:00:00,101.25557572475232
2023-12-29 12:00:00,101.18048871925556
2023-12-29 13:00:00,101.12471546701536
2023-12-29 14:00:00,101.23721885746387
2023-12-29 15:00:00,101.33315328968817
2023-12-29 16:00:00,101.33183863850516
2023-12-29 17:00:00,101.37505307092752
2024-01-01 18:00:00,101.37505307092752
2024-01-01 19:00:00,101.37505307092752
2024-01-01 20:00:00,101.37505307092752
2024-01-01 21:00:00,101.37505307092752
2024-01-01 22:00:00,101.37505307092752
2024-01-01 23:00:00,101.37505307092752
2024-01-02 00:00:00,101.37505307092752
2024-01-02 01:00:00,101.42800295145163
2024-01-02 02:00:00,101.49268492883523
2024-01-02 03:00:00,101.57178994626857
2024-01-02 04:00:00,101.45588541178537
2024-01-02 05:00:00,101.57760805201512
2024-01-02 06:00:00,101.6535546267246
2024-01-02 07:00:00,101.94929955159097
2024-01-02 08:00:00,102.10499376755794
2024-01-02 09:00:00,102.14440147861578
2024-01-02 10:00:00,102.02071453125423
2024-01-02 11:00:00,102.18424399049165
2024-01-02 12:00:00,102.10677114818905
2024-01-02 13:00:00,102.14999087698185
2024-01-02 14:00:00,102.19277551136334
2024-01-02 15:00:00,102.19508462792271
2024-01-02 16:00:00,102.22654362641823
2024-01-02 17:00:00,102.24036456044784
2024-01-02 18:00:00,102.24131857440567
2024-01-02 19:00:00,102.24084514739054
2024-01-02 20:00:00,102.15948817222946
2024-01-02 21:00:00,102.16222713427378
2024-01-02 22:00:00,102.16351648212598
2024-01-02 23:00:00,102.0851795858754
2024-01-03 00:00:00,102.0761872478803
2024-01-03 01:00:00,102.1741266374803
2024-01-03 02:00:00,102.11534415880908
2024-01-03 03:00:00,102.1415200506693
2024-01-03 04:00:00,102.20565476874806
2024-01-03 05:00:00,102.32796342929396
2024-01-03 06:00:00,102.38829939886844
2024-01-03 07:00:00,102.47384877294058
2024-01-03 08:00:00,102.49446349117405
2024-01-03 09:00:00,102.48049857951592
2024-01-03 10:00:00,102.53426938820884
2024-01-03 11:00:00,102.64577681324123
2024-01-03 12:00:00,102.61418541374827
2024-01-03 13:00:00,102.61696288902162
2024-01-03 14:00:00,102.61287112275669
2024-01-03 15:00:00,102.48966909393981
2024-01-03 16:00:00,102.46940879744103
2024-01-03 17:00:00,102.46632242893523
2024-01-03 18:00:00,102.45369045307615
2024-01-03 19:00:00,102.40201264933016
2024-01-03 20:00:00,102.45466394481498
2024-01-03 21:00:00,102.50575941284295
2024-01-03 22:00:00,102.49984484058196
2024-01-03 23:00:00,102.42301344585863
2024-01-04 00:00:00,102.45397323738614
2024-01-04 01:00:00,102.47858777226517
2024-01-04 02:00:00,102.38288738672126
2024-01-04 03:00:00,102.32168787331426
2024-01-04 04:00:00,102.24851280555795
2024-01-04 05:00:00,102.17338728297179
2024-01-04 06:00:00,102.29774401230324
2024-01-04 07:00:00,102.36718470998737
2024-01-04 08:00:00,102.32533924264797
2024-01-04 09:00:00,102.43573504403447
2024-01-04 10:00:00,102.4662363197365
2024-01-04 11:00:00,102.35631077229505
2024-01-04 12:00:00,102.36015370268542
2024-01-04 13:00:00,102.40246860260575
2024-01-04 14:00:00,102.42941926315781
2024-01-04 15:00:00,102.4230452954159
2024-01-04 16:00:00,102.40006820772237
2024-01-04 17:00:00,102.42753018030288
2024-01-04 18:00:00,102.40788437972869
2024-01-04 19:00:00,102.43748756810423
2024-01-04 20:00:00,102.39594845413795
2024-01-04 21:00:00,102.38138407935051
2024-01-04 22:00:00,102.42904713835763
2024-01-04 23:00:00,102.49581551013092
2024-01-05 00:00:00,102.50589176116277
2024-01-05 01:00:00,102.49486625462293
2024-01-05 02:00:00,102.61058868368502
2024-01-05 03:00:00,102.61872462554142
2024-01-05 04:00:00,102.7291241666436
2024-01-05 05:00:00,102.72534954015474
2024-01-05 06:00:00,102.7345555693477
2024-01-05 07:00:00,102.74181005854597
2024-01-05 08:00:00,102.69491023501385
2024-01-05 09:00:00,102.71040268739654
2024-01-05 10:00:00,102.42849819839998
2024-01-05 11:00:00,102.09461024215884
2024-01-05 12:00:00,102.2938589411421
2024-01-05 13:00:00,102.39822678515628
2024-01-05 14:00:00,102.3324100104172
2024-01-05 15:00:00,102.41023369361899
2024-01-05 16:00:00,102.46173720906333
2024-01-05 17:00:00,102.43310415169496
2024-01-07 18:00:00,102.4156656177409
2024-01-07 19:00:00,102.44880354659612
2024-01-07 20:00:00,102.38192937440097
2024-01-07 21:00:00,102.365058499421
2024-01-07 22:00:00,102.46689227709687
2024-01-07 23:00:00,102.5062886545458
2024-01-08 00:00:00,102.50167529033403
2024-01-08 01:00:00,102.46934075092756
2024-01-08 02:00:00,102.38432134961046
2024-01-08 03:00:00,102.42318727526467
2024-01-08 04:00:00,102.52314745263647
2024-01-08 05:00:00,102.46851892538767
2024-01-08 06:00:00,102.44599273388717
2024-01-08 07:00:00,102.5083207899907
2024-01-08 08:00:00,102.41387792231892
2024-01-08 09:00:00,102.39050766894597
2024-01-08 10:00:00,102.27340631759834
2024-01-08 11:00:00,102.1666963086039
2024-01-08 12:00:00,102.11113260292802
2024-01-08 13:00:00,102.19293416486026
2024-01-08 14:00:00,102.26913992581754
2024-01-08 15:00:00,102.20990260845787
2024-01-08 16:00:00,102.25952096596166
2024-01-08 17:00:00,102.29202362612357
2024-01-08 18:00:00,102.28974116778716
2024-01-08 19:00:00,102.30412523104395
2024-01-08 20:00:00,102.21988032161855
2024-01-08 21:00:00,102.13314144422351
2024-01-08 22:00:00,102.14782727093981
2024-01-08 23:00:00,102.14616948922723
2024-01-09 00:00:00,102.19557787913382
2024-01-09 01:00:00,102.26525752328837
2024-01-09 02:00:00,102.3042375353607
2024-01-09 03:00:00,102.24464518870546
2024-01-09 04:00:00,102.3079258284938
2024-01-09 05:00:00,102.32469339563428
2024-01-09 06:00:00,102.41231199517169
2024-01-09 07:00:00,102.45603680312976
2024-01-09 08:00:00,102.36964656566852
2024-01-09 09:00:00,102.32304319294593
2024-01-09 10:00:00,102.37397305127463
2024-01-09 11:00:00,102.58980067343867
2024-01-09 12:00:00,102.468162323796
2024-01-09 13:00:00,102.48762416616728
2024-01-09 14:00:00,102.57809032324406
2024-01-09 15:00:00,102.5685433877673
2024-01-09 16:00:00,102.54657515347218
2024-01-09 17:00:00,102.51449277345314
2024-01-09 18:00:00,102.5258477154448
2024-01-09 19:00:00,102.50326113691085
2024-01-09 20:00:00,102.51718907034956
2024-01-09 21:00:00,102.52312995094859
2024-01-09 22:00:00,102.53084500585999
2024-01-09 23:00:00,102.56100630609316
2024-01-10 00:00:00,102.53904703345066
2024-01-10 01:00:00,102.53223268862024
2024-01-10 02:00:00,102.63237852866884
2024-01-10 03:00:00,102.59217354400222
2024-01-10 04:00:00,102.47371234773652
2024-01-10 05:00:00,102.43278054491603
2024-01-10 06:00:00,102.42172181724676
2024-01-10 07:00:00,102.4505668258175
2024-01-10 08:00:00,102.4975509189033
2024-01-10 09:00:00,102.52006864160931
2024-01-10 10:00:00,102.53724491767215
2024-01-10 11:00:00,102.3771082558127
2024-01-10 12:00:00,102.4431111006164
2024-01-10 13:00:00,102.38206703164643
2024-01-10 14:00:00,102.36761039319438
2024-01-10 15:00:00,102.36329707392075
2024-01-10 16:00:00,102.40955207499916
2024-01-10 17:00:00,102.35670789317011
2024-01-10 18:00:00,102.34801540982487
2024-01-10 19:00:00,102.33856590266868
2024-01-10 20:00:00,102.2822614391264
2024-01-10 21:00:00,102.2454906017229
2024-01-10 22:00:00,102.26513779698493
2024-01-10 23:00:00,102.22250442275939
2024-01-11 00:00:00,102.24982923691508
2024-01-11 01:00:00,102.25526518097102
2024-01-11 02:00:00,102.19602645895424
2024-01-11 03:00:00,102.24875965209802
2024-01-11 04:00:00,102.2775627739135
2024-01-11 05:00:00,102.37574308721689
2024-01-11 06:00:00,102.33222237455897
2024-01-11 07:00:00,102.24529004574235
2024-01-11 08:00:00,102.21288871261343
2024-01-11 09:00:00,102.66200314389702
2024-01-11 10:00:00,102.52742349068807
2024-01-11 11:00:00,102.62376772783566
2024-01-11 12:00:00,102.67073484287252
2024-01-11 13:00:00,102.59548012535055
2024-01-11 14:00:00,102.45497565959569
2024-01-11 15:00:00,102.29087372781352
2024-01-11 16:00:00,102.34539936610486
2024-01-11 17:00:00,102.31687171715308
2024-01-11 18:00:00,102.3240068113614
2024-01-11 19:00:00,102.2167253202031
2024-01-11 20:00:00,102.28550784458787
2024-01-11 21:00:00,102.20987045935229
2024-01-11 22:00:00,102.23483537625049
2024-01-11 23:00:00,102.22672020441337
2024-01-12 00:00:00,102.25799114206129
2024-01-12 01:00:00,102.2812808685719
2024-01-12 02:00:00,102.26431523416491
2024-01-12 03:00:00,102.3370016017652
2024-01-12 04:00:00,102.23922702652783
2024-01-12 05:00:00,102.35210415784113
2024-01-12 06:00:00,102.3707478828381
2024-01-12 07:00:00,102.48070271595343
2024-01-12 08:00:00,102.56663177372558
2024-01-12 09:00:00,102.35114080463632
2024-01-12 10:00:00,102.18245125918543
2024-01-12 11:00:00,102.28785375627353
2024-01-12 12:00:00,102.38873279824509
2024-01-12 13:00:00,102.45871390606929
2024-01-12 14:00:00,102.37988140859241
2024-01-12 15:00:00,102.40418990700717
2024-01-12 16:00:00,102.43760615600114
2024-01-12 17:00:00,102.43582643487241
2024-01-14 18:00:00,102.4442225877623
2024-01-14 19:00:00,102.50635897574375
2024-01-14 20:00:00,102.44589500421965
2024-01-14 21:00:00,102.42866104770161
2024-01-14 22:00:00,102.32855419502701
2024-01-14 23:00:00,102.35586817050329
2024-01-15 00:00:00,102.37570499882217
2024-01-15 01:00:00,102.38713384347764
2024-01-15 02:00:00,102.3843867835221
2024-01-15 03:00:00,102.49151075552523
2024-01-15 04:00:00,102.45338084300997
2024-01-15 05:00:00,102.56358881643223
2024-01-15 06:00:00,102.6051019618333
2024-01-15 07:00:00,102.57409467780965
2024-01-15 08:00:00,102.55611793078182
2024-01-15 09:00:00,102.56645655926609
2024-01-15 10:00:00,102.63655930395308
2024-01-15 11:00:00,102.58662966233815
2024-01-15 12:00:00,102.60100883253574
2024-01-15 13:00:00,102.60891604834161
2024-01-15 14:00:00,102.57591538845578
2024-01-15 15:00:00,102.59865933437443
2024-01-15 16:00:00,102.58284731290468
2024-01-15 17:00:00,102.5894495742599
2024-01-15 18:00:00,102.58648617965085
2024-01-15 19:00:00,102.64050057447002
2024-01-15 20:00:00,102.83502920594275
2024-01-15 21:00:00,102.79064675057008
2024-01-15 22:00:00,102.84849841123291
2024-01-15 23:00:00,102.89257092441353
2024-01-16 00:00:00,102.90176342298274
2024-01-16 01:00:00,102.93032845933017
2024-01-16 02:00:00,102.90339285283447
2024-01-16 03:00:00,102.91996996678554
2024-01-16 04:00:00,103.04788166347953
2024-01-16 05:00:00,103.19787349648918
2024-01-16 06:00:00,103.25254142323108
2024-01-16 07:00:00,103.15550864678548
2024-01-16 08:00:00,103.18297639783135
2024-01-16 09:00:00,103.25093131127969
2024-01-16 10:00:00,103.28888057074738
2024-01-16 11:00:00,103.17069454126015
2024-01-16 12:00:00,103.24403527563462
2024-01-16 13:00:00,103.42274861007868
2024-01-16 14:00:00,103.3851005794998
2024-01-16 15:00:00,103.35443315022398
2024-01-16 16:00:00,103.37588496327183
2024-01-16 17:00:00,103.33994890073043
2024-01-16 18:00:00,103.32062249605356
2024-01-16 19:00:00,103.3189147326167
2024-01-16 20:00:00,103.32762109693854
2024-01-16 21:00:00,103.32211683966378
2024-01-16 22:00:00,103.34390577570765
2024-01-16 23:00:00,103.42821372858658
2024-01-17 00:00:00,103.39540730796057
2024-01-17 01:00:00,103.4801844145821
2024-01-17 02:00:00,103.50846079804049
2024-01-17 03:00:00,103.438408880725
2024-01-17 04:00:00,103.4708874988564
2024-01-17 05:00:00,103.36094756525294
2024-01-17 06:00:00,103.4012884676381
2024-01-17 07:00:00,103.35526269983963
2024-01-17 08:00:00,103.39519179866967
2024-01-17 09:00:00,103.52177951993879
2024-01-17 10:00:00,103.66495116605991
2024-01-17 11:00:00,103.65173258587473
2024-01-17 12:00:00,103.583552313279
2024-01-17 13:00:00,103.49238849952488
2024-01-17 14:00:00,103.51157983956632
2024-01-17 15:00:00,103.45029597687649
2024-01-17 16:00:00,103.38271749461697
2024-01-17 17:00:00,103.37232593230263
2024-01-17 18:00:00,103.37762892811955
2024-01-17 19:00:00,103.3485568924939
2024-01-17 20:00:00,103.27937252958236
2024-01-17 21:00:00,103.2609874922371
2024-01-17 22:00:00,103.28909555746037
2024-01-17 23:00:00,103.27523047273517
2024-01-18 00:00:00,103.27530449657858
2024-01-18 01:00:00,103.26108440565405
2024-01-18 02:00:00,103.17200976986905
2024-01-18 03:00:00,103.27725752738081
2024-01-18 04:00:00,103.36074291004803
2024-01-18 05:00:00,103.32749505009554
2024-01-18 06:00:00,103.25046235217484
2024-01-18 07:00:00,103.2890288490776
2024-01-18 08:00:00,103.37619829006884
2024-01-18 09:00:00,103.60989832261588
2024-01-18 10:00:00,103.51160669222473
2024-01-18 11:00:00,103.59001332023544
2024-01-18 12:00:00,103.51565934637125
2024-01-18 13:00:00,103.54428832419481
2024-01-18 14:00:00,103.49751209560542
2024-01-18 15:00:00,103.53371481779345
2024-01-18 16:00:00,103.45765142754883
2024-01-18 17:00:00,103.39920327634876
2024-01-18 18:00:00,103.40893190402736
2024-01-18 19:00:00,103.36884604833557
2024-01-18 20:00:00,103.36346564565959
2024-01-18 21:00:00,103.36268520135229
2024-01-18 22:00:00,103.33510629362934
2024-01-18 23:00:00,103.3248771372452
2024-01-19 00:00:00,103.36180816247796
2024-01-19 01:00:00,103.4383068869085
2024-01-19 02:00:00,103.43095718566572
2024-01-19 03:00:00,103.41014897767712
2024-01-19 04:00:00,103.40447316978009
2024-01-19 05:00:00,103.34406368844036
2024-01-19 06:00:00,103.3619005598578
2024-01-19 07:00:00,103.32446847659486
2024-01-19 08:00:00,103.37451371221978
2024-01-19 09:00:00,103.39667616195362
2024-01-19 10:00:00,103.41243677826971
2024-01-19 11:00:00,103.37216656711999
2024-01-19 12:00:00,103.3672884571924
2024-01-19 13:00:00,103.32000330347743
2024-01-19 14:00:00,103.31537192561721
2024-01-19 15:00:00,103.28814340806292
2024-01-19 16:00:00,103.25491902906478
2024-01-19 17:00:00,103.23835468666377
2024-01-21 18:00:00,103.28333825648619
2024-01-21 19:00:00,103.26945554140445
2024-01-21 20:00:00,103.19814886923082
2024-01-21 21:00:00,103.17154468081553
2024-01-21 22:00:00,103.12207798629898
2024-01-21 23:00:00,103.1803639701633
2024-01-22 00:00:00,103.16589428397818
2024-01-22 01:00:00,103.1944080240544
2024-01-22 02:00:00,103.18180034191647
2024-01-22 03:00:00,103.23624272926799
2024-01-22 04:00:00,103.28807737172977
2024-01-22 05:00:00,103.22029574435557
2024-01-22 06:00:00,103.26831660284122
2024-01-22 07:00:00,103.22283040359127
2024-01-22 08:00:00,103.18492006275628
2024-01-22 09:00:00,103.19059158098119
2024-01-22 10:00:00,103.22087043817871
2024-01-22 11:00:00,103.26776444434715
2024-01-22 12:00:00,103.22646661511065
2024-01-22 13:00:00,103.21542477370049
2024-01-22 14:00:00,103.28499012514708
2024-01-22 15:00:00,103.32924020616544
2024-01-22 16:00:00,103.33365628095936
2024-01-22 17:00:00,103.34960582254067
2024-01-22 18:00:00,103.33328879263043
2024-01-22 19:00:00,103.38418674801456
2024-01-22 20:00:00,103.33437249626832
2024-01-22 21:00:00,103.2950384315859
2024-01-22 22:00:00,103.30634438778101
2024-01-22 23:00:00,103.22856368476789
2024-01-23 00:00:00,103.19393822681033
2024-01-23 01:00:00,103.12532858518378
2024-01-23 02:00:00,102.99074192660254
2024-01-23 03:00:00,103.0932494063921
2024-01-23 04:00:00,103.16932023899604
2024-01-23 05:00:00,103.24806146783645
2024-01-23 06:00:00,103.38399959232335
2024-01-23 07:00:00,103.42524043404264
2024-01-23 08:00:00,103.42513601862692
2024-01-23 09:00:00,103.37485321757327
2024-01-23 10:00:00,103.5755711608145
2024-01-23 11:00:00,103.73793202261837
2024-01-23 12:00:00,103.77186804458498
2024-01-23 13:00:00,103.75540101851959
2024-01-23 14:00:00,103.70796768205035
2024-01-23 15:00:00,103.61745324197591
2024-01-23 16:00:00,103.58088866076493
2024-01-23 17:00:00,103.55416292497807
2024-01-23 18:00:00,103.55147515325385
2024-01-23 19:00:00,103.50856287924546
2024-01-23 20:00:00,103.50795709742268
2024-01-23 21:00:00,103.48956270854295
2024-01-23 22:00:00,103.51680618161977
2024-01-23 23:00:00,103.4693623546726
2024-01-24 00:00:00,103.4319393625455
2024-01-24 01:00:00,103.44520972343064
2024-01-24 02:00:00,103.4248742108307
2024-01-24 03:00:00,103.34496508584417
2024-01-24 04:00:00,103.32856915064627
2024-01-24 05:00:00,103.0680833717597
2024-01-24 06:00:00,103.10936093555108
2024-01-24 07:00:00,103.15776451545719
2024-01-24 08:00:00,103.12804476946
2024-01-24 09:00:00,102.83434897256062
2024-01-24 10:00:00,103.0493877820725
2024-01-24 11:00:00,103.05243831858463
2024-01-24 12:00:00,103.0875126680288
2024-01-24 13:00:00,103.0475412341875
2024-01-24 14:00:00,103.19309888434077
2024-01-24 15:00:00,103.23498836307226
2024-01-24 16:00:00,103.30895282531381
2024-01-24 17:00:00,103.26217693776445
2024-01-24 18:00:00,103.24134639092328
2024-01-24 19:00:00,103.29307515687333
2024-01-24 20:00:00,103.36647525389363
2024-01-24 21:00:00,103.33281162097092
2024-01-24 22:00:00,103.33579813467986
2024-01-24 23:00:00,103.32561732586962
2024-01-25 00:00:00,103.35334488097158
2024-01-25 01:00:00,103.34336142367853
2024-01-25 02:00:00,103.26624799492471
2024-01-25 03:00:00,103.23857883062011
2024-01-25 04:00:00,103.17852026951223
2024-01-25 05:00:00,103.18358457838512
2024-01-25 06:00:00,103.1924455149636
2024-01-25 07:00:00,103.18271689783862
2024-01-25 08:00:00,103.26095064348696
2024-01-25 09:00:00,103.24591983419249
2024-01-25 10:00:00,103.36428313163215
2024-01-25 11:00:00,103.58791616192075
2024-01-25 12:00:00,103.57106381262963
2024-01-25 13:00:00,103.58551913052835
2024-01-25 14:00:00,103.63012951647907
2024-01-25 15:00:00,103.57366267386843
2024-01-25 16:00:00,103.52909087535149
2024-01-25 17:00:00,103.47684720139492
2024-01-25 18:00:00,103.48291827531209
2024-01-25 19:00:00,103.50159251315924
2024-01-25 20:00:00,103.52463932723504
2024-01-25 21:00:00,103.4810619122959
2024-01-25 22:00:00,103.48558479322017
2024-01-25 23:00:00,103.48195405660933
2024-01-26 00:00:00,103.53752494852803
2024-01-26 01:00:00,103.50505747322573
2024-01-26 02:00:00,103.60580185028121
2024-01-26 03:00:00,103.67473852630604
2024-01-26 04:00:00,103.52444264918891
2024-01-26 05:00:00,103.4828335516515
2024-01-26 06:00:00,103.31561950688159
2024-01-26 07:00:00,103.24717398309953
2024-01-26 08:00:00,103.30879543733587
2024-01-26 09:00:00,103.23554202032354
2024-01-26 10:00:00,103.26300926530672
2024-01-26 11:00:00,103.36851446350572
2024-01-26 12:00:00,103.36679586202655
2024-01-26 13:00:00,103.38923813560173
2024-01-26 14:00:00,103.46360864433852
2024-01-26 15:00:00,103.43268816177351
2024-01-26 16:00:00,103.45668363099634
2024-01-26 17:00:00,103.47263079981013
2024-01-28 18:00:00,103.51858301527629
2024-01-28 19:00:00,103.5536038534195
2024-01-28 20:00:00,103.53500267075907
2024-01-28 21:00:00,103.51862225457234
2024-01-28 22:00:00,103.52381856682378
2024-01-28 23:00:00,103.51053889710934
2024-01-29 00:00:00,103.50168951693517
2024-01-29 01:00:00,103.53201617492194
2024-01-29 02:00:00,103.4717368373503
2024-01-29 03:00:00,103.50039316407515
2024-01-29 04:00:00,103.53568339034848
2024-01-29 05:00:00,103.57823768807842
2024-01-29 06:00:00,103.61899886328575
2024-01-29 07:00:00,103.61409051316133
2024-01-29 08:00:00,103.63415638787434
2024-01-29 09:00:00,103.64766891913911
2024-01-29 10:00:00,103.7450910660713
2024-01-29 11:00:00,103.77023394761443
2024-01-29 12:00:00,103.7080656563197
2024-01-29 13:00:00,103.67958923932446
2024-01-29 14:00:00,103.67780136522323
2024-01-29 15:00:00,103.60850210215655
2024-01-29 16:00:00,103.47804242915021
2024-01-29 17:00:00,103.47267821366353
2024-01-29 18:00:00,103.47192213397976
2024-01-29 19:00:00,103.46509259395083
2024-01-29 20:00:00,103.37719936922021
2024-01-29 21:00:00,103.42794302055074
2024-01-29 22:00:00,103.44624419742091
2024-01-29 23:00:00,103.46995071621421
2024-01-30 00:00:00,103.4992155731252
2024-01-30 01:00:00,103.51737545962432
2024-01-30 02:00:00,103.57681046514882
2024-01-30 03:00:00,103.50582125954747
2024-01-30 04:00:00,103.53452211862084
2024-01-30 05:00:00,103.51171900075562
2024-01-30 06:00:00,103.43086940352588
2024-01-30 07:00:00,103.43322544918243
2024-01-30 08:00:00,103.42162545185442
2024-01-30 09:00:00,103.51258166060539
2024-01-30 10:00:00,103.3659459055454
2024-01-30 11:00:00,103.54898073931054
2024-01-30 12:00:00,103.45254757763806
2024-01-30 13:00:00,103.49219779145774
2024-01-30 14:00:00,103.49059876697847
2024-01-30 15:00:00,103.39611820203285
2024-01-30 16:00:00,103.40787502570578
2024-01-30 17:00:00,103.40037792422608
2024-01-30 18:00:00,103.41755048387401
2024-01-30 19:00:00,103.39766174775698
2024-01-30 20:00:00,103.41504298275703
2024-01-30 21:00:00,103.50425696317954
2024-01-30 22:00:00,103.61285584376549
2024-01-30 23:00:00,103.61407219295373
2024-01-31 00:00:00,103.58185350173628
2024-01-31 01:00:00,103.59862515430821
2024-01-31 02:00:00,103.65245331659204
2024-01-31 03:00:00,103.61787251110796
2024-01-31 04:00:00,103.5545794315566
2024-01-31 05:00:00,103.59543692834558
2024-01-31 06:00:00,103.5955012752562
2024-01-31 07:00:00,103.49821226095246
2024-01-31 08:00:00,103.50637538599915
2024-01-31 09:00:00,103.29332228296622
2024-01-31 10:00:00,103.01253574609397
2024-01-31 11:00:00,103.07077738181246
2024-01-31 12:00:00,103.14599274444852
2024-01-31 13:00:00,103.2044588919581
2024-01-31 14:00:00,103.22184329781511
2024-01-31 15:00:00,103.2711757012517
2024-01-31 16:00:00,103.62601363636661
2024-01-31 17:00:00,103.5230952271226
2024-01-31 18:00:00,103.53893874659089
2024-01-31 19:00:00,103.61548120422044
2024-01-31 20:00:00,103.55909510407535
2024-01-31 21:00:00,103.56985408469113
2024-01-31 22:00:00,103.46573702382557
2024-01-31 23:00:00,103.53362992554105
2024-02-01 00:00:00,103.57616027836967
2024-02-01 01:00:00,103.64117027680727
2024-02-01 02:00:00,103.69246601868731
2024-02-01 03:00:00,103.7135511391036
2024-02-01 04:00:00,103.70885857421906
2024-02-01 05:00:00,103.67486894834711
2024-02-01 06:00:00,103.7544301757061
2024-02-01 07:00:00,103.64770345091056
2024-02-01 08:00:00,103.60280150606968
2024-02-01 09:00:00,103.57560271955275
2024-02-01 10:00:00,103.44837753334383
2024-02-01 11:00:00,103.42043733735875
2024-02-01 12:00:00,103.10268273332721
2024-02-01 13:00:00,103.06326959580011
2024-02-01 14:00:00,103.07408455744292
2024-02-01 15:00:00,103.04837630614401
2024-02-01 16:00:00,103.05839160652745
2024-02-01 17:00:00,103.06476898171788
2024-02-01 18:00:00,103.06100752284897
2024-02-01 19:00:00,103.05199001129785
2024-02-01 20:00:00,103.0473183926787
2024-02-01 21:00:00,103.05127199180784
2024-02-01 22:00:00,102.99582968801317
2024-02-01 23:00:00,103.01831579332284
2024-02-02 00:00:00,103.04818277251172
2024-02-02 01:00:00,103.0221427221708
2024-02-02 02:00:00,103.03916020799363
2024-02-02 03:00:00,103.02420732315963
2024-02-02 04:00:00,103.04114352769695
2024-02-02 05:00:00,102.94599507480937
2024-02-02 06:00:00,102.96958490785194
2024-02-02 07:00:00,102.96903079000131
2024-02-02 08:00:00,102.99196640822208
2024-02-02 09:00:00,103.7361096963336
2024-02-02 10:00:00,103.73627206141394
2024-02-02 11:00:00,103.83057053097467
2024-02-02 12:00:00,103.99643556346727
2024-02-02 13:00:00,104.0228078988785
2024-02-02 14:00:00,103.96681738321413
2024-02-02 15:00:00,103.9205575334687
2024-02-02 16:00:00,103.91441707851997
2024-02-02 17:00:00,103.97039850366822
2024-02-04 18:00:00,104.01782987165691
2024-02-04 19:00:00,104.04463759120935
2024-02-04 20:00:00,104.13096948234823
2024-02-04 21:00:00,104.0531660511919
2024-02-04 22:00:00,104.0751139074898
2024-02-04 23:00:00,104.05204132365476
2024-02-05 00:00:00,104.05937194225203
2024-02-05 01:00:00,104.02436585319238
2024-02-05 02:00:00,104.04979484070688
2024-02-05 03:00:00,104.04872017348981
2024-02-05 04:00:00,104.13362062492564
2024-02-05 05:00:00,104.25202531629279
2024-02-05 06:00:00,104.278426071378
2024-02-05 07:00:00,104.26574579888504
2024-02-05 08:00:00,104.3457336224793
2024-02-05 09:00:00,104.43047986565864
2024-02-05 10:00:00,104.37332258836038
2024-02-05 11:00:00,104.59602112838532
2024-02-05 12:00:00,104.51660429730255
2024-02-05 13:00:00,104.45576819231079
2024-02-05 14:00:00,104.41617056243638
2024-02-05 15:00:00,104.4516894724048
2024-02-05 16:00:00,104.44860656877158
2024-02-05 17:00:00,104.46028911005634
2024-02-05 18:00:00,104.44705346807241
2024-02-05 19:00:00,104.46690669345384
2024-02-05 20:00:00,104.43154677718458
2024-02-05 21:00:00,104.39648286964537
2024-02-05 22:00:00,104.39908529061327
2024-02-05 23:00:00,104.41967263230804
2024-02-06 00:00:00,104.35284245054059
2024-02-06 01:00:00,104.3164374893798
2024-02-06 02:00:00,104.32815789494188
2024-02-06 03:00:00,104.34016933380074
2024-02-06 04:00:00,104.41287846479568
2024-02-06 05:00:00,104.52826390641077
2024-02-06 06:00:00,104.54678723102698
2024-02-06 07:00:00,104.45376378568308
2024-02-06 08:00:00,104.45793384487159
2024-02-06 09:00:00,104.49351877020521
2024-02-06 10:00:00,104.38722530182453
2024-02-06 11:00:00,104.3226928081977
2024-02-06 12:00:00,104.23567646629745
2024-02-06 13:00:00,104.20192209328681
2024-02-06 14:00:00,104.1659312085975
2024-02-06 15:00:00,104.21426364886241
2024-02-06 16:00:00,104.1493093752733
2024-02-06 17:00:00,104.1826071834559
2024-02-06 18:00:00,104.17251276371577
2024-02-06 19:00:00,104.14292690954744
2024-02-06 20:00:00,104.13703590409214
2024-02-06 21:00:00,104.07954056652977
2024-02-06 22:00:00,104.09664260115119
2024-02-06 23:00:00,104.13317859278794
2024-02-07 00:00:00,104.13737939804895
2024-02-07 01:00:00,104.11096087260262
2024-02-07 02:00:00,104.12930050994575
2024-02-07 03:00:00,104.01748916274705
2024-02-07 04:00:00,104.10456871283795
2024-02-07 05:00:00,104.04049892462614
2024-02-07 06:00:00,104.11211941783438
2024-02-07 07:00:00,104.05059917707767
2024-02-07 08:00:00,104.03613134056603
2024-02-07 09:00:00,104.06042956677582
2024-02-07 10:00:00,104.00846770634932
2024-02-07 11:00:00,104.10947276593464
2024-02-07 12:00:00,104.06805902048879
2024-02-07 13:00:00,104.10693552916325
2024-02-07 14:00:00,104.0734108391179
2024-02-07 15:00:00,104.05774695556572
2024-02-07 16:00:00,104.05678080762515
2024-02-07 17:00:00,104.05070871617482
2024-02-07 18:00:00,104.04155371768681
2024-02-07 19:00:00,104.03315203987226
2024-02-07 20:00:00,104.00485364790569
2024-02-07 21:00:00,104.01524844298801
2024-02-07 22:00:00,103.99118957402774
2024-02-07 23:00:00,103.99700261588349
2024-02-08 00:00:00,104.02957936617753
2024-02-08 01:00:00,104.02076278886814
2024-02-08 02:00:00,104.02003593253248
2024-02-08 03:00:00,104.05486104835235
2024-02-08 04:00:00,104.08591344415692
2024-02-08 05:00:00,104.03636999515226
2024-02-08 06:00:00,104.15222275781906
2024-02-08 07:00:00,104.23699943667619
2024-02-08 08:00:00,104.29422842408883
2024-02-08 09:00:00,104.40646720532318
2024-02-08 10:00:00,104.22965829422759
2024-02-08 11:00:00,104.27204769351043
2024-02-08 12:00:00,104.16142125551178
2024-02-08 13:00:00,104.17811424382623
2024-02-08 14:00:00,104.1455391804096
2024-02-08 15:00:00,104.16497551836032
2024-02-08 16:00:00,104.13375614994767
2024-02-08 17:00:00,104.1358585181297
2024-02-08 18:00:00,104.14359939261635
2024-02-08 19:00:00,104.1317505123677
2024-02-08 20:00:00,104.18066828738073
2024-02-08 21:00:00,104.15676349400961
2024-02-08 22:00:00,104.14094196303905
2024-02-08 23:00:00,104.19376413995836
2024-02-09 00:00:00,104.19428970309336
2024-02-09 01:00:00,104.19579886490675
2024-02-09 02:00:00,104.15957103995807
2024-02-09 03:00:00,104.12507486827404
2024-02-09 04:00:00,104.18208387364449
2024-02-09 05:00:00,104.22334214154681
2024-02-09 06:00:00,104.22782412302536
2024-02-09 07:00:00,104.19441677693334
2024-02-09 08:00:00,104.23610621999815
2024-02-09 09:00:00,104.09833490753536
2024-02-09 10:00:00,104.08984283208147
2024-02-09 11:00:00,104.076271448141
2024-02-09 12:00:00,104.1349354837858
2024-02-09 13:00:00,104.09338898052613
2024-02-09 14:00:00,104.0733704033428
2024-02-09 15:00:00,104.11060546609896
2024-02-09 16:00:00,104.07054714907333
2024-02-09 17:00:00,104.07814242252603
2024-02-11 18:00:00,104.07776663085137
2024-02-11 19:00:00,103.9864436541928
2024-02-11 20:00:00,103.97145720012941
2024-02-11 21:00:00,104.0004178269694
2024-02-11 22:00:00,104.01114340770064
2024-02-11 23:00:00,104.0407959923061
2024-02-12 00:00:00,104.04821177406428
2024-02-12 01:00:00,104.037800446045
2024-02-12 02:00:00,104.03489349518782
2024-02-12 03:00:00,103.92095912559513
2024-02-12 04:00:00,104.12991306356955
2024-02-12 05:00:00,104.16665047457904
2024-02-12 06:00:00,104.10346214352904
2024-02-12 07:00:00,104.15102390910691
2024-02-12 08:00:00,104.14728125884632
2024-02-12 09:00:00,104.22037139837353
2024-02-12 10:00:00,104.15054151576078
2024-02-12 11:00:00,104.1940766304756
2024-02-12 12:00:00,104.13160216952777
2024-02-12 13:00:00,104.04885081671743
2024-02-12 14:00:00,104.06055123054708
2024-02-12 15:00:00,104.16860209176866
2024-02-12 16:00:00,104.11941160675671
2024-02-12 17:00:00,104.14183794155245
2024-02-12 18:00:00,104.13720595470336
2024-02-12 19:00:00,104.14939912072948
2024-02-12 20:00:00,104.1312073508417
2024-02-12 21:00:00,104.17889559476744
2024-02-12 22:00:00,104.21446156534608
2024-02-12 23:00:00,104.242820646144
2024-02-13 00:00:00,104.23276528764119
2024-02-13 01:00:00,104.20853103326631
2024-02-13 02:00:00,104.16867968785706
2024-02-13 03:00:00,104.1656211150233
2024-02-13 04:00:00,104.20693163121744
2024-02-13 05:00:00,104.19438173498921
2024-02-13 06:00:00,104.14329002478135
2024-02-13 07:00:00,104.09861905649335
2024-02-13 08:00:00,104.03610995370894
2024-02-13 09:00:00,104.78724835753542
2024-02-13 10:00:00,104.78332065273221
2024-02-13 11:00:00,104.7824886610029
2024-02-13 12:00:00,104.78316868385026
2024-02-13 13:00:00,104.82427675071591
2024-02-13 14:00:00,104.88615229474797
2024-02-13 15:00:00,104.95927687591492
2024-02-13 16:00:00,104.88666993773657
2024-02-13 17:00:00,104.86230088915123
2024-02-13 18:00:00,104.83024905938515
2024-02-13 19:00:00,104.86863591625598
2024-02-13 20:00:00,104.86295638890354
2024-02-13 21:00:00,104.81961460021648
2024-02-13 22:00:00,104.8415119350543
2024-02-13 23:00:00,104.80433320364267
2024-02-14 00:00:00,104.77819596550783
2024-02-14 01:00:00,104.78655385569695
2024-02-14 02:00:00,104.76213389080058
2024-02-14 03:00:00,104.85439438544766
2024-02-14 04:00:00,104.91316417986582
2024-02-14 05:00:00,104.93769038204148
2024-02-14 06:00:00,104.89732359314833
2024-02-14 07:00:00,104.86412811921501
2024-02-14 08:00:00,104.88292062410602
2024-02-14 09:00:00,104.87841638994459
2024-02-14 10:00:00,104.83467507566132
2024-02-14 11:00:00,104.79319677566019
2024-02-14 12:00:00,104.69101672584709
2024-02-14 13:00:00,104.69233121302848
2024-02-14 14:00:00,104.72183350306406
2024-02-14 15:00:00,104.72273701413162
2024-02-14 16:00:00,104.72201499709968
2024-02-14 17:00:00,104.72197898189903
2024-02-14 18:00:00,104.719743963839
2024-02-14 19:00:00,104.68337168846399
2024-02-14 20:00:00,104.64281566876646
2024-02-14 21:00:00,104.68465461574206
2024-02-14 22:00:00,104.67493047858287
2024-02-14 23:00:00,104.70299734470233
2024-02-15 00:00:00,104.6904749743721
2024-02-15 01:00:00,104.67315888656034
2024-02-15 02:00:00,104.64230814115697
2024-02-15 03:00:00,104.67111723851676
2024-02-15 04:00:00,104.6398722931725
2024-02-15 05:00:00,104.62541022216281
2024-02-15 06:00:00,104.61368290699464
2024-02-15 07:00:00,104.61618546337118
2024-02-15 08:00:00,104.55304242482978
2024-02-15 09:00:00,104.35899945281874
2024-02-15 10:00:00,104.27418885093797
2024-02-15 11:00:00,104.38444144572289
2024-02-15 12:00:00,104.41543017627204
2024-02-15 13:00:00,104.37422740338589
2024-02-15 14:00:00,104.31589801061575
2024-02-15 15:00:00,104.29733885511745
2024-02-15 16:00:00,104.27809168079722
2024-02-15 17:00:00,104.26250563233037
2024-02-15 18:00:00,104.26243173599528
2024-02-15 19:00:00,104.27045620687498
2024-02-15 20:00:00,104.36843010545391
2024-02-15 21:00:00,104.35494863034738
2024-02-15 22:00:00,104.41236841736198
2024-02-15 23:00:00,104.42184120535839
2024-02-16 00:00:00,104.41806195348396
2024-02-16 01:00:00,104.40452000442667
2024-02-16 02:00:00,104.3871818821965
2024-02-16 03:00:00,104.39258559374454
2024-02-16 04:00:00,104.35087144064455
2024-02-16 05:00:00,104.36454141889533
2024-02-16 06:00:00,104.34522219708205
2024-02-16 07:00:00,104.26647513938242
2024-02-16 08:00:00,104.36346036529595
2024-02-16 09:00:00,104.54488857301858
2024-02-16 10:00:00,104.53461121644081
2024-02-16 11:00:00,104.33758825135622
2024-02-16 12:00:00,104.36022858811691
2024-02-16 13:00:00,104.25824760093964
2024-02-16 14:00:00,104.19427198396073
2024-02-16 15:00:00,104.2780961711267
2024-02-16 16:00:00,104.28671717222213
2024-02-16 17:00:00,104.28426148207207
2024-02-18 18:00:00,104.2809539971971
2024-02-18 19:00:00,104.21425700345954
2024-02-18 20:00:00,104.15645297249608
2024-02-18 21:00:00,104.2179282157044
2024-02-18 22:00:00,104.21384692586314
2024-02-18 23:00:00,104.25224458982038
2024-02-19 00:00:00,104.24334957763088
2024-02-19 01:00:00,104.20645332423004
2024-02-19 02:00:00,104.1675786458392
2024-02-19 03:00:00,104.19406886280473
2024-02-19 04:00:00,104.22454830841433
2024-02-19 05:00:00,104.24165843573218
2024-02-19 06:00:00,104.24421944197096
2024-02-19 07:00:00,104.23463757642429
2024-02-19 08:00:00,104.2852648360341
2024-02-19 09:00:00,104.28713271607835
2024-02-19 10:00:00,104.32904136984624
2024-02-19 11:00:00,104.34241605198666
2024-02-19 12:00:00,104.32771554834565
2024-02-19 13:00:00,104.29131788068621
2024-02-19 14:00:00,104.26319216938825
2024-02-19 15:00:00,104.26151825558443
2024-02-19 16:00:00,104.25294883956674
2024-02-19 17:00:00,104.25188715230033
2024-02-19 18:00:00,104.25903873642899
2024-02-19 19:00:00,104.3065888585493
2024-02-19 20:00:00,104.34063831083411
2024-02-19 21:00:00,104.37280901485116
2024-02-19 22:00:00,104.37363453876436
2024-02-19 23:00:00,104.36722758697104
2024-02-20 00:00:00,104.35827063012509
2024-02-20 01:00:00,104.37883929855482
2024-02-20 02:00:00,104.35169560847713
2024-02-20 03:00:00,104.36144426972488
2024-02-20 04:00:00,104.31252448354998
2024-02-20 05:00:00,104.15132484878816
2024-02-20 06:00:00,104.08851874061301
2024-02-20 07:00:00,104.15484102801311
2024-02-20 08:00:00,104.14358965871845
2024-02-20 09:00:00,103.94229884048454
2024-02-20 10:00:00,103.88336579698166
2024-02-20 11:00:00,103.90132657203446
2024-02-20 12:00:00,103.99479863174311
2024-02-20 13:00:00,104.01562739672416
2024-02-20 14:00:00,104.04513437751075
2024-02-20 15:00:00,104.0799472036688
2024-02-20 16:00:00,104.04218021217949
2024-02-20 17:00:00,104.06388340819367
2024-02-20 18:00:00,104.05177671776651
2024-02-20 19:00:00,104.04858676998043
2024-02-20 20:00:00,104.04734842201213
2024-02-20 21:00:00,104.0298673215785
2024-02-20 22:00:00,103.99554424911055
2024-02-20 23:00:00,103.9587791266566
2024-02-21 00:00:00,104.00078683760007
2024-02-21 01:00:00,103.99081086448825
2024-02-21 02:00:00,104.03499878690155
2024-02-21 03:00:00,104.04416724140323
2024-02-21 04:00:00,104.15697165724042
2024-02-21 05:00:00,104.13609142523546
2024-02-21 06:00:00,104.10363128386143
2024-02-21 07:00:00,104.13006577547203
2024-02-21 08:00:00,104.09876928818998
2024-02-21 09:00:00,104.05501208693018
2024-02-21 10:00:00,104.03106631457806
2024-02-21 11:00:00,104.10895469331618
2024-02-21 12:00:00,104.02467913819832
2024-02-21 13:00:00,104.09518942746803
2024-02-21 14:00:00,104.05385582327224
2024-02-21 15:00:00,104.005772945734
2024-02-21 16:00:00,104.00161928711972
2024-02-21 17:00:00,103.98433533598295
2024-02-21 18:00:00,103.99226765441047
2024-02-21 19:00:00,103.98120843019205
2024-02-21 20:00:00,103.90867132887644
2024-02-21 21:00:00,103.93304312722964
2024-02-21 22:00:00,103.94289673441016
2024-02-21 23:00:00,103.95193120219231
2024-02-22 00:00:00,103.90376439908782
2024-02-22 01:00:00,103.8735708825026
2024-02-22 02:00:00,103.8219049798056
2024-02-22 03:00:00,103.68027996588577
2024-02-22 04:00:00,103.52937621797854
2024-02-22 05:00:00,103.67641122791355
2024-02-22 06:00:00,103.65647588704228
2024-02-22 07:00:00,103.66248112618356
2024-02-22 08:00:00,103.79047239613683
2024-02-22 09:00:00,103.99396560680697
2024-02-22 10:00:00,103.98737817293794
2024-02-22 11:00:00,104.07402076950665
2024-02-22 12:00:00,104.03755729893552
2024-02-22 13:00:00,103.98710573272882
2024-02-22 14:00:00,103.94379359184448
2024-02-22 15:00:00,103.9580003701902
2024-02-22 16:00:00,103.9480836550861
2024-02-22 17:00:00,103.94247195922881
2024-02-22 18:00:00,103.94169386541721
2024-02-22 19:00:00,103.92084456340623
2024-02-22 20:00:00,103.95029826319345
2024-02-22 21:00:00,103.90599739943487
2024-02-22 22:00:00,103.9202100620661
2024-02-22 23:00:00,103.91854564517311
2024-02-23 00:00:00,103.91856261145968
2024-02-23 01:00:00,103.94873167400505
2024-02-23 02:00:00,103.91948590308446
2024-02-23 03:00:00,103.89097050296239
2024-02-23 04:00:00,103.94480454691939
2024-02-23 05:00:00,104.02264294546242
2024-02-23 06:00:00,103.95076477306196
2024-02-23 07:00:00,103.9039749656614
2024-02-23 08:00:00,103.78813208962502
2024-02-23 09:00:00,103.8318998524072
2024-02-23 10:00:00,103.87513045973738
2024-02-23 11:00:00,103.95148032789658
2024-02-23 12:00:00,103.89859568969747
2024-02-23 13:00:00,103.91330503161399
2024-02-23 14:00:00,103.89543111255672
2024-02-23 15:00:00,103.935111636825
2024-02-23 16:00:00,103.94865421285078
2024-02-23 17:00:00,103.96347781285763
2024-02-25 18:00:00,103.93125755559369
2024-02-25 19:00:00,103.97597241587384
2024-02-25 20:00:00,103.9929509774738
2024-02-25 21:00:00,103.99669251581587
2024-02-25 22:00:00,104.00454754983778
2024-02-25 23:00:00,103.99444501225004
2024-02-26 00:00:00,103.96841748874743
2024-02-26 01:00:00,103.9477083613644
2024-02-26 02:00:00,103.94074871227286
2024-02-26 03:00:00,103.8847620468852
2024-02-26 04:00:00,103.91129903109085
2024-02-26 05:00:00,103.85735526324746
2024-02-26 06:00:00,103.80451944765136
2024-02-26 07:00:00,103.76756842451172
2024-02-26 08:00:00,103.79289246270794
2024-02-26 09:00:00,103.71813887171645
2024-02-26 10:00:00,103.82814345689013
2024-02-26 11:00:00,103.79683859955618
2024-02-26 12:00:00,103.78126246454575
2024-02-26 13:00:00,103.83971934360909
2024-02-26 14:00:00,103.84502341304304
2024-02-26 15:00:00,103.82733283074315
2024-02-26 16:00:00,103.77726603083943
2024-02-26 17:00:00,103.77687437815855
2024-02-26 18:00:00,103.7824741202914
2024-02-26 19:00:00,103.76802968609958
2024-02-26 20:00:00,103.79861583081413
2024-02-26 21:00:00,103.77450213927199
2024-02-26 22:00:00,103.76924539158938
2024-02-26 23:00:00,103.74724795365051
2024-02-27 00:00:00,103.73560576960543
2024-02-27 01:00:00,103.75562718361257
2024-02-27 02:00:00,103.75871542029905
2024-02-27 03:00:00,103.69848771776957
2024-02-27 04:00:00,103.67773102965805
2024-02-27 05:00:00,103.71519798385903
2024-02-27 06:00:00,103.73152462069405
2024-02-27 07:00:00,103.69548555463572
2024-02-27 08:00:00,103.69810165911825
2024-02-27 09:00:00,103.7620355526167
2024-02-27 10:00:00,103.83906535072607
2024-02-27 11:00:00,103.79091814634089
2024-02-27 12:00:00,103.73705435520279
2024-02-27 13:00:00,103.77211627849375
2024-02-27 14:00:00,103.78358602980794
2024-02-27 15:00:00,103.82882986890476
2024-02-27 16:00:00,103.82708412166063
2024-02-27 17:00:00,103.81291967948137
2024-02-27 18:00:00,103.80859505865861
2024-02-27 19:00:00,103.84580575488133
2024-02-27 20:00:00,103.81464780990896
2024-02-27 21:00:00,103.84924791297313
2024-02-27 22:00:00,103.87878577772584
2024-02-27 23:00:00,103.91105668806665
2024-02-28 00:00:00,103.93902289791637
2024-02-28 01:00:00,103.98036456745533
2024-02-28 02:00:00,104.02377698284737
2024-02-28 03:00:00,104.02066113708122
2024-02-28 04:00:00,104.15337969951898
2024-02-28 05:00:00,104.22555609870622
2024-02-28 06:00:00,104.08638849521995
2024-02-28 07:00:00,104.07667146047646
2024-02-28 08:00:00,104.17135802731468
2024-02-28 09:00:00,104.02349987976548
2024-02-28 10:00:00,104.00852947728393
2024-02-28 11:00:00,103.98151175273415
2024-02-28 12:00:00,103.90355701176918
2024-02-28 13:00:00,103.93512991417393
2024-02-28 14:00:00,103.96645550488586
2024-02-28 15:00:00,103.97495429160504
2024-02-28 16:00:00,103.93303565520645
2024-02-28 17:00:00,103.93671655645258
2024-02-28 18:00:00,103.93501226187941
2024-02-28 19:00:00,103.93419940833927
2024-02-28 20:00:00,103.94208466102594
2024-02-28 21:00:00,103.95085814270126
2024-02-28 22:00:00,103.84535336202642
2024-02-28 23:00:00,103.84618058002124
2024-02-29 00:00:00,103.85237849284458
2024-02-29 01:00:00,103.86948998370676
2024-02-29 02:00:00,103.87011917141413
2024-02-29 03:00:00,103.89774943958167
2024-02-29 04:00:00,103.84165757567605
2024-02-29 05:00:00,103.77939615027302
2024-02-29 06:00:00,103.90493885596712
2024-02-29 07:00:00,103.91787152347081
2024-02-29 08:00:00,103.97762851359043
2024-02-29 09:00:00,103.85187650781255
2024-02-29 10:00:00,103.74781377905863
2024-02-29 11:00:00,103.93903106169645
2024-02-29 12:00:00,104.09506224254878
2024-02-29 13:00:00,104.1674428179138
2024-02-29 14:00:00,104.08836341516646
2024-02-29 15:00:00,104.15569569891706
2024-02-29 16:00:00,104.09774598415133
2024-02-29 17:00:00,104.1354863676989
2024-02-29 18:00:00,104.13292123055152
2024-02-29 19:00:00,104.12655311560658
2024-02-29 20:00:00,104.10963393629032
2024-02-29 21:00:00,104.05149132391062
2024-02-29 22:00:00,104.06734853478407
2024-02-29 23:00:00,104.07309471481204
2024-03-01 00:00:00,104.10875062762963
2024-03-01 01:00:00,104.12804547824871
2024-03-01 02:00:00,104.1359266826427
2024-03-01 03:00:00,104.13627461675537
2024-03-01 04:00:00,104.16429204600087
2024-03-01 05:00:00,104.11574959879422
2024-03-01 06:00:00,104.12350579302307
2024-03-01 07:00:00,104.0597558913383
2024-03-01 08:00:00,104.13291743236272
2024-03-01 09:00:00,104.15733565300417
2024-03-01 10:00:00,104.27789190256303
2024-03-01 11:00:00,103.90983889734143
2024-03-01 12:00:00,103.94659125336828
2024-03-01 13:00:00,103.8936914440976
2024-03-01 14:00:00,103.87941695585538
2024-03-01 15:00:00,103.86230394309439
2024-03-01 16:00:00,103.89421974113921
2024-03-01 17:00:00,103.8882755114674
2024-03-03 18:00:00,103.86967460553964
2024-03-03 19:00:00,103.86233148596875
2024-03-03 20:00:00,103.81435221844193
2024-03-03 21:00:00,103.88051755676416
2024-03-03 22:00:00,103.84315313159887
2024-03-03 23:00:00,103.851632633129
2024-03-04 00:00:00,103.86653278622623
2024-03-04 01:00:00,103.86974048734496
2024-03-04 02:00:00,103.85230947524012
2024-03-04 03:00:00,103.77789442436412
2024-03-04 04:00:00,103.87551668492075
2024-03-04 05:00:00,103.82092700684171
2024-03-04 06:00:00,103.81979750981444
2024-03-04 07:00:00,103.81598032052673
2024-03-04 08:00:00,103.90922003163969
2024-03-04 09:00:00,103.86960443795616
2024-03-04 10:00:00,103.7690183802965
2024-03-04 11:00:00,103.76655583393611
2024-03-04 12:00:00,103.77195167588924
2024-03-04 13:00:00,103.80632372478507
2024-03-04 14:00:00,103.83104941826
2024-03-04 15:00:00,103.83283650647529
2024-03-04 16:00:00,103.83436655509269
2024-03-04 17:00:00,103.83474562455196
2024-03-04 18:00:00,103.83787629273195
2024-03-04 19:00:00,103.84168624242639
2024-03-04 20:00:00,103.8387515203273
2024-03-04 21:00:00,103.86664616827127
2024-03-04 22:00:00,103.87659720637818
2024-03-04 23:00:00,103.84796419136548
2024-03-05 00:00:00,103.88139660782643
2024-03-05 01:00:00,103.8714202469319
2024-03-05 02:00:00,103.91936523461312
2024-03-05 03:00:00,103.91786855027239
2024-03-05 04:00:00,103.92400812491479
2024-03-05 05:00:00,103.87390942385808
2024-03-05 06:00:00,103.88114620069503
2024-03-05 07:00:00,103.89335369448426
2024-03-05 08:00:00,103.9132368742021
2024-03-05 09:00:00,103.86836042207351
2024-03-05 10:00:00,103.86536563808613
2024-03-05 11:00:00,103.63941034353084
2024-03-05 12:00:00,103.75041516638638
2024-03-05 13:00:00,103.75052103698566
2024-03-05 14:00:00,103.79832156634784
2024-03-05 15:00:00,103.79838651099634
2024-03-05 16:00:00,103.76396733210531
2024-03-05 17:00:00,103.78335600981696
2024-03-05 18:00:00,103.77886292259457
2024-03-05 19:00:00,103.79007920129557
2024-03-05 20:00:00,103.83552150222448
2024-03-05 21:00:00,103.87198976247001
2024-03-05 22:00:00,103.79601707444176
2024-03-05 23:00:00,103.81562175902441
2024-03-06 00:00:00,103.79998694681585
2024-03-06 01:00:00,103.77350232576042
2024-03-06 02:00:00,103.74311376636828
2024-03-06 03:00:00,103.69575548860368
2024-03-06 04:00:00,103.64072239398168
2024-03-06 05:00:00,103.59823990211062
2024-03-06 06:00:00,103.62280351796431
2024-03-06 07:00:00,103.61436381933592
2024-03-06 08:00:00,103.66656035837673
2024-03-06 09:00:00,103.50371737645739
2024-03-06 10:00:00,103.4710788915851
2024-03-06 11:00:00,103.31669745525384
2024-03-06 12:00:00,103.2347371580193
2024-03-06 13:00:00,103.32221484586557
2024-03-06 14:00:00,103.31363067432925
2024-03-06 15:00:00,103.36805070156615
2024-03-06 16:00:00,103.35564713386184
2024-03-06 17:00:00,103.36745307318019
2024-03-06 18:00:00,103.36827537982111
2024-03-06 19:00:00,103.34322606983244
2024-03-06 20:00:00,103.28790604016281
2024-03-06 21:00:00,103.295590061386
2024-03-06 22:00:00,103.30825736102686
2024-03-06 23:00:00,103.27839268927926
2024-03-07 00:00:00,103.23582811760492
2024-03-07 01:00:00,103.27634418485454
2024-03-07 02:00:00,103.21641904272896
2024-03-07 03:00:00,103.24491234987914
2024-03-07 04:00:00,103.22182534013528
2024-03-07 05:00:00,103.1836125504335
2024-03-07 06:00:00,103.18486245728249
2024-03-07 07:00:00,103.2003575244892
2024-03-07 08:00:00,103.19181850478148
2024-03-07 09:00:00,103.30143142569055
2024-03-07 10:00:00,103.07618603339795
2024-03-07 11:00:00,102.9629914386471
2024-03-07 12:00:00,102.88302775605146
2024-03-07 13:00:00,102.91010092928347
2024-03-07 14:00:00,102.85912679887063
2024-03-07 15:00:00,102.81486661200707
2024-03-07 16:00:00,102.81998558518912
2024-03-07 17:00:00,102.80876549740393
2024-03-07 18:00:00,102.80315578624946
2024-03-07 19:00:00,102.76800037232415
2024-03-07 20:00:00,102.74970810765338
2024-03-07 21:00:00,102.79718010693945
2024-03-07 22:00:00,102.81612457598732
2024-03-07 23:00:00,102.78725597640063
2024-03-08 00:00:00,102.80071828965464
2024-03-08 01:00:00,102.78479183513038
2024-03-08 02:00:00,102.78000010160414
2024-03-08 03:00:00,102.86695069667644
2024-03-08 04:00:00,102.82150001702585
2024-03-08 05:00:00,102.74939337816878
2024-03-08 06:00:00,102.75317253692806
2024-03-08 07:00:00,102.76205725415133
2024-03-08 08:00:00,102.77917500029358
2024-03-08 09:00:00,102.56357738958955
2024-03-08 10:00:00,102.5514336358332
2024-03-08 11:00:00,102.54493508091026
2024-03-08 12:00:00,102.73061469600528
2024-03-08 13:00:00,102.734512909271
2024-03-08 14:00:00,102.76966964498588
2024-03-08 15:00:00,102.71815845080552
2024-03-08 16:00:00,102.76561688889294
2024-03-08 17:00:00,102.73649185472703
2024-03-10 18:00:00,102.73204326720318
2024-03-10 19:00:00,102.75359080480582
2024-03-10 20:00:00,102.68732556579312
2024-03-10 21:00:00,102.68005696124415
2024-03-10 22:00:00,102.70057141054308
2024-03-10 23:00:00,102.74974237773442
2024-03-11 00:00:00,102.71616812876306
2024-03-11 01:00:00,102.7313053820943
2024-03-11 02:00:00,102.71952982149568
2024-03-11 03:00:00,102.70546899187106
2024-03-11 04:00:00,102.69228856489325
2024-03-11 05:00:00,102.68903394359273
2024-03-11 06:00:00,102.72629249268952
2024-03-11 07:00:00,102.68811169668635
2024-03-11 08:00:00,102.67122434067427
2024-03-11 09:00:00,102.81923305937644
2024-03-11 10:00:00,102.89604036853098
2024-03-11 11:00:00,102.86651590378955
2024-03-11 12:00:00,102.84443897937322
2024-03-11 13:00:00,102.84150804974308
2024-03-11 14:00:00,102.85858262454609
2024-03-11 15:00:00,102.86866182734278
2024-03-11 16:00:00,102.85106267434223
2024-03-11 17:00:00,102.8429571849527
2024-03-11 18:00:00,102.84957438058629
2024-03-11 19:00:00,102.85063883995811
2024-03-11 20:00:00,102.78954385401757
2024-03-11 21:00:00,102.81837427274048
2024-03-11 22:00:00,102.78452815412227
2024-03-11 23:00:00,102.81580626346268
2024-03-12 00:00:00,102.81525982805061
2024-03-12 01:00:00,102.80928963273573
2024-03-12 02:00:00,102.81114966744092
2024-03-12 03:00:00,102.80934819970697
2024-03-12 04:00:00,102.86061070351268
2024-03-12 05:00:00,102.90072024054747
2024-03-12 06:00:00,102.86666248627068
2024-03-12 07:00:00,102.82522465164014
2024-03-12 08:00:00,102.84814776911718
2024-03-12 09:00:00,102.98257270688201
2024-03-12 10:00:00,103.08842989466956
2024-03-12 11:00:00,103.04520905558925
2024-03-12 12:00:00,103.0029888332753
2024-03-12 13:00:00,103.0112555115916
2024-03-12 14:00:00,103.0067684124328
2024-03-12 15:00:00,102.95820524366941
2024-03-12 16:00:00,102.93739555040865
2024-03-12 17:00:00,102.9339990063309
2024-03-12 18:00:00,102.92843769201717
2024-03-12 19:00:00,102.91976538813073
2024-03-12 20:00:00,102.92785532063678
2024-03-12 21:00:00,102.90371704335176
2024-03-12 22:00:00,102.93100890772494
2024-03-12 23:00:00,102.90303707181984
2024-03-13 00:00:00,102.89841370778146
2024-03-13 01:00:00,102.94747250651858
2024-03-13 02:00:00,102.91009529108645
2024-03-13 03:00:00,102.93691594486936
2024-03-13 04:00:00,102.94177273914329
2024-03-13 05:00:00,102.95348477761524
2024-03-13 06:00:00,103.01260057422509
2024-03-13 07:00:00,102.94557909023484
2024-03-13 08:00:00,102.85633257175495
2024-03-13 09:00:00,102.89818990162024
2024-03-13 10:00:00,102.8835164689054
2024-03-13 11:00:00,102.8339668641414
2024-03-13 12:00:00,102.83150546685465
2024-03-13 13:00:00,102.79167552955403
2024-03-13 14:00:00,102.72162604723957
2024-03-13 15:00:00,102.79026871269227
2024-03-13 16:00:00,102.8227236670579
2024-03-13 17:00:00,102.80945451509065
2024-03-13 18:00:00,102.78532052794779
2024-03-13 19:00:00,102.79880017480586
2024-03-13 20:00:00,102.7547395753586
2024-03-13 21:00:00,102.78326919522259
2024-03-13 22:00:00,102.78557203864287
2024-03-13 23:00:00,102.85564602153153
2024-03-14 00:00:00,102.86870557631295
2024-03-14 01:00:00,102.86896964168092
2024-03-14 02:00:00,102.89078061078371
2024-03-14 03:00:00,102.89179999699167
2024-03-14 04:00:00,102.89920202049696
2024-03-14 05:00:00,102.88061695775528
2024-03-14 06:00:00,102.83473450358588
2024-03-14 07:00:00,102.84842661409351
2024-03-14 08:00:00,102.82633945965064
2024-03-14 09:00:00,102.94360243056532
2024-03-14 10:00:00,103.1000249903911
2024-03-14 11:00:00,103.23280522153209
2024-03-14 12:00:00,103.32298252479967
2024-03-14 13:00:00,103.32770815947428
2024-03-14 14:00:00,103.343758071637
2024-03-14 15:00:00,103.36109842319293
2024-03-14 16:00:00,103.30732162119455
2024-03-14 17:00:00,103.36328130862421
2024-03-14 18:00:00,103.35213365689822
2024-03-14 19:00:00,103.36700110335315
2024-03-14 20:00:00,103.38815449227091
2024-03-14 21:00:00,103.44473443838511
2024-03-14 22:00:00,103.45017671404182
2024-03-14 23:00:00,103.48039560298325
2024-03-15 00:00:00,103.43919333109895
2024-03-15 01:00:00,103.434724047053
2024-03-15 02:00:00,103.431141131211
2024-03-15 03:00:00,103.40414562012482
2024-03-15 04:00:00,103.44511614487527
2024-03-15 05:00:00,103.44129824801117
2024-03-15 06:00:00,103.31930361025614
2024-03-15 07:00:00,103.36665028136414
2024-03-15 08:00:00,103.32708986135869
2024-03-15 09:00:00,103.39617747082757
2024-03-15 10:00:00,103.41619512443329
2024-03-15 11:00:00,103.41035335248195
2024-03-15 12:00:00,103.44467502499397
2024-03-15 13:00:00,103.4744010646379
2024-03-15 14:00:00,103.48550426016335
2024-03-15 15:00:00,103.43101621144763
2024-03-15 16:00:00,103.43977266879715
2024-03-15 17:00:00,103.44990917206657
2024-03-17 18:00:00,103.43237729019353
2024-03-17 19:00:00,103.44929836040149
2024-03-17 20:00:00,103.46827483885204
2024-03-17 21:00:00,103.48947626094836
2024-03-17 22:00:00,103.44824549749757
2024-03-17 23:00:00,103.42344447450407
2024-03-18 00:00:00,103.46863068300745
2024-03-18 01:00:00,103.45177809230293
2024-03-18 02:00:00,103.45310397617577
2024-03-18 03:00:00,103.45064859135358
2024-03-18 04:00:00,103.40514163956455
2024-03-18 05:00:00,103.40144326011044
2024-03-18 06:00:00,103.40279725224774
2024-03-18 07:00:00,103.39333399570631
2024-03-18 08:00:00,103.35724269411172
2024-03-18 09:00:00,103.43849662519243
2024-03-18 10:00:00,103.4787352289728
2024-03-18 11:00:00,103.51963556294949
2024-03-18 12:00:00,103.50687926252377
2024-03-18 13:00:00,103.59712523863195
2024-03-18 14:00:00,103.617986365174
2024-03-18 15:00:00,103.59361119669002
2024-03-18 16:00:00,103.61785799662096
2024-03-18 17:00:00,103.58791248668814
2024-03-18 18:00:00,103.5825936540447
2024-03-18 19:00:00,103.58287914771314
2024-03-18 20:00:00,103.5842520641764
2024-03-18 21:00:00,103.62880935843135
2024-03-18 22:00:00,103.65246871739943
2024-03-18 23:00:00,103.6164728907577
2024-03-19 00:00:00,103.64649142101455
2024-03-19 01:00:00,103.70145816488566
2024-03-19 02:00:00,103.79154200056162
2024-03-19 03:00:00,103.78377821520742
2024-03-19 04:00:00,103.86110047074435
2024-03-19 05:00:00,103.91999407548643
2024-03-19 06:00:00,104.04071858909826
2024-03-19 07:00:00,103.96753510022327
2024-03-19 08:00:00,103.89349351506209
2024-03-19 09:00:00,103.91028725274198
2024-03-19 10:00:00,103.92325274767363
2024-03-19 11:00:00,103.83755343800412
2024-03-19 12:00:00,103.86559769305399
2024-03-19 13:00:00,103.82857100245545
2024-03-19 14:00:00,103.81865537958986
2024-03-19 15:00:00,103.83989826674824
2024-03-19 16:00:00,103.82524709094355
2024-03-19 17:00:00,103.81500227181004
2024-03-19 18:00:00,103.80840005704265
2024-03-19 19:00:00,103.81645005652642
2024-03-19 20:00:00,103.86574001028347
2024-03-19 21:00:00,103.86491994126287
2024-03-19 22:00:00,103.86762233170478
2024-03-19 23:00:00,103.83916826246696
2024-03-20 00:00:00,103.83644050894542
2024-03-20 01:00:00,103.88646957224088
2024-03-20 02:00:00,103.89788032940466
2024-03-20 03:00:00,103.8675994825019
2024-03-20 04:00:00,103.90813737718324
2024-03-20 05:00:00,104.00123337646656
2024-03-20 06:00:00,104.12911663847936
2024-03-20 07:00:00,104.12654251428273
2024-03-20 08:00:00,104.10175648510317
2024-03-20 09:00:00,104.09735006341644
2024-03-20 10:00:00,104.08117169608897
2024-03-20 11:00:00,104.03846860960945
2024-03-20 12:00:00,103.99167060061922
2024-03-20 13:00:00,103.93462590223004
2024-03-20 14:00:00,103.90168875668584
2024-03-20 15:00:00,103.41244119382335
2024-03-20 16:00:00,103.40612260995077
2024-03-20 17:00:00,103.40109113058791
2024-03-20 18:00:00,103.41190700418088
2024-03-20 19:00:00,103.28796169498067
2024-03-20 20:00:00,103.23607873032624
2024-03-20 21:00:00,103.24627780690192
2024-03-20 22:00:00,103.2175633260227
2024-03-20 23:00:00,103.21993041426855
2024-03-21 00:00:00,103.21649779699149
2024-03-21 01:00:00,103.26386691284117
2024-03-21 02:00:00,103.29397857872569
2024-03-21 03:00:00,103.2490985996788
2024-03-21 04:00:00,103.33723549066654
2024-03-21 05:00:00,103.62909895859868
2024-03-21 06:00:00,103.48550818226646
2024-03-21 07:00:00,103.45359155269755
2024-03-21 08:00:00,103.55618273006063
2024-03-21 09:00:00,103.55901201152315
2024-03-21 10:00:00,103.76385143785295
2024-03-21 11:00:00,103.83677948274133
2024-03-21 12:00:00,104.00589380380036
2024-03-21 13:00:00,104.00268064357304
2024-03-21 14:00:00,104.04160709223007
2024-03-21 15:00:00,104.00197690491345
2024-03-21 16:00:00,104.04671852912976
2024-03-21 17:00:00,104.00990233185465
2024-03-21 18:00:00,103.99917247997526
2024-03-21 19:00:00,103.99203647365584
2024-03-21 20:00:00,103.99479507037485
2024-03-21 21:00:00,103.94933628710096
2024-03-21 22:00:00,104.11106367922642
2024-03-21 23:00:00,104.19023911325766
2024-03-22 00:00:00,104.18788212369208
2024-03-22 01:00:00,104.216405349272
2024-03-22 02:00:00,104.14794718660902
2024-03-22 03:00:00,104.22304380692711
2024-03-22 04:00:00,104.28478539668946
2024-03-22 05:00:00,104.39531166467488
2024-03-22 06:00:00,104.40090486505564
2024-03-22 07:00:00,104.40558148997484
2024-03-22 08:00:00,104.39560625959913
2024-03-22 09:00:00,104.24805027596074
2024-03-22 10:00:00,104.22471628376181
2024-03-22 11:00:00,104.3384420217063
2024-03-22 12:00:00,104.36811488180392
2024-03-22 13:00:00,104.44536552157827
2024-03-22 14:00:00,104.45496168969076
2024-03-22 15:00:00,104.4735781655212
2024-03-22 16:00:00,104.45444534965995
2024-03-22 17:00:00,104.4292836157715
2024-03-24 18:00:00,104.41760972808436
2024-03-24 19:00:00,104.41426018464529
2024-03-24 20:00:00,104.43070512815993
2024-03-24 21:00:00,104.45993722851776
2024-03-24 22:00:00,104.33669491493207
2024-03-24 23:00:00,104.285736016016
2024-03-25 00:00:00,104.36488824533565
2024-03-25 01:00:00,104.38281762178237
2024-03-25 02:00:00,104.30285119616666
2024-03-25 03:00:00,104.35528949513478
2024-03-25 04:00:00,104.38024619703506
2024-03-25 05:00:00,104.37816870880893
2024-03-25 06:00:00,104.36040174868144
2024-03-25 07:00:00,104.33790792166613
2024-03-25 08:00:00,104.26315642736868
2024-03-25 09:00:00,104.24483165163208
2024-03-25 10:00:00,104.20255852900328
2024-03-25 11:00:00,104.1838538282191
2024-03-25 12:00:00,104.21376614790394
2024-03-25 13:00:00,104.23046231882807
2024-03-25 14:00:00,104.22928140647271
2024-03-25 15:00:00,104.2347855452236
2024-03-25 16:00:00,104.2168212376313
2024-03-25 17:00:00,104.23271875152876
2024-03-25 18:00:00,104.23238615571567
2024-03-25 19:00:00,104.22934702136367
2024-03-25 20:00:00,104.22943317522841
2024-03-25 21:00:00,104.17475626369111
2024-03-25 22:00:00,104.19084115431676
2024-03-25 23:00:00,104.17843973250093
2024-03-26 00:00:00,104.23551981131078
2024-03-26 01:00:00,104.20283625717144
2024-03-26 02:00:00,104.15759070015864
2024-03-26 03:00:00,104.11563775153851
2024-03-26 04:00:00,104.18738053206063
2024-03-26 05:00:00,104.13225531422503
2024-03-26 06:00:00,104.0913176121315
2024-03-26 07:00:00,104.07450548380552
2024-03-26 08:00:00,104.08679266837963
2024-03-26 09:00:00,104.13198784501081
2024-03-26 10:00:00,104.12338926979774
2024-03-26 11:00:00,104.21143421544797
2024-03-26 12:00:00,104.30629419900889
2024-03-26 13:00:00,104.30804293041928
2024-03-26 14:00:00,104.30627490799553
2024-03-26 15:00:00,104.28850947843726
2024-03-26 16:00:00,104.3321693992732
2024-03-26 17:00:00,104.30582028200233
2024-03-26 18:00:00,104.28967919689192
2024-03-26 19:00:00,104.294854394638
2024-03-26 20:00:00,104.293920386254
2024-03-26 21:00:00,104.32159444727903
2024-03-26 22:00:00,104.39003663448024
2024-03-26 23:00:00,104.39703291678434
2024-03-27 00:00:00,104.3743404288577
2024-03-27 01:00:00,104.34178646845791
2024-03-27 02:00:00,104.3751577614909
2024-03-27 03:00:00,104.32965417700164
2024-03-27 04:00:00,104.36497322611854
2024-03-27 05:00:00,104.3733316382477
2024-03-27 06:00:00,104.32743972520161
2024-03-27 07:00:00,104.27573918321411
2024-03-27 08:00:00,104.38138429807735
2024-03-27 09:00:00,104.40172211070724
2024-03-27 10:00:00,104.39876836884225
2024-03-27 11:00:00,104.394148735459
2024-03-27 12:00:00,104.36500739217148
2024-03-27 13:00:00,104.34281623627325
2024-03-27 14:00:00,104.38146603223841
2024-03-27 15:00:00,104.34714068884213
2024-03-27 16:00:00,104.30459105229372
2024-03-27 17:00:00,104.28840964851574
2024-03-27 18:00:00,104.29508789014646
2024-03-27 19:00:00,104.42054205994633
2024-03-27 20:00:00,104.42655481200417
2024-03-27 21:00:00,104.39593574291158
2024-03-27 22:00:00,104.38727828532845
2024-03-27 23:00:00,104.34930951826202
2024-03-28 00:00:00,104.35628758336492
2024-03-28 01:00:00,104.33764155539502
2024-03-28 02:00:00,104.33878919818196
2024-03-28 03:00:00,104.37710687514925
2024-03-28 04:00:00,104.51734909606664
2024-03-28 05:00:00,104.59875112283743
2024-03-28 06:00:00,104.72306574601716
2024-03-28 07:00:00,104.59360953462617
2024-03-28 08:00:00,104.62577529145489
2024-03-28 09:00:00,104.41030570547755
2024-03-28 10:00:00,104.36187739327558
2024-03-28 11:00:00,104.44001312011643
2024-03-28 12:00:00,104.43969164454602
2024-03-28 13:00:00,104.45432784665917
2024-03-28 14:00:00,104.48755858576611
2024-03-28 15:00:00,104.54610263685596
2024-03-28 16:00:00,104.54876030585223
2024-03-28 17:00:00,104.53859233534713
2024-03-28 18:00:00,104.5400023800399
2024-03-28 19:00:00,104.53877629008792
2024-03-28 20:00:00,104.52822102008034
2024-03-28 21:00:00,104.553447588028
2024-03-28 22:00:00,104.60985863949867
2024-03-28 23:00:00,104.59243864771572
2024-03-29 00:00:00,104.61520596444332
2024-03-29 01:00:00,104.61083018343878
2024-03-29 02:00:00,104.63088746421583
2024-03-29 03:00:00,104.63396765387677
2024-03-29 04:00:00,104.67307022668058
2024-03-29 05:00:00,104.59682772156067
2024-03-29 06:00:00,104.5850735251696
2024-03-29 07:00:00,104.56928145106608
2024-03-29 08:00:00,104.55875471112961
2024-03-29 09:00:00,104.44878874296246
2024-03-29 10:00:00,104.44200527875729
2024-03-29 11:00:00,104.46384581413422
2024-03-29 12:00:00,104.48542909880223
2024-03-29 13:00:00,104.52297351033546
2024-03-29 14:00:00,104.5309273914747
2024-03-29 15:00:00,104.53368432553377
2024-03-29 16:00:00,104.5180966506712
2024-03-29 17:00:00,104.48783807280755
2024-03-31 18:00:00,104.4779974467834
2024-03-31 19:00:00,104.53393120944968
2024-03-31 20:00:00,104.48005259205249
2024-03-31 21:00:00,104.4896467319525
2024-03-31 22:00:00,104.51965198361098
2024-03-31 23:00:00,104.51219514606561
2024-04-01 00:00:00,104.49313487360178
2024-04-01 01:00:00,104.5249994057432
2024-04-01 02:00:00,104.53819763407121
2024-04-01 03:00:00,104.52835070167184
2024-04-01 04:00:00,104.5365680586007
2024-04-01 05:00:00,104.50650561572446
2024-04-01 06:00:00,104.53887243461874
2024-04-01 07:00:00,104.58870284926226
2024-04-01 08:00:00,104.5872202387917
2024-04-01 09:00:00,104.62039372984896
2024-04-01 10:00:00,104.69798125029132
2024-04-01 11:00:00,104.95253860400639
2024-04-01 12:00:00,105.05961887432883
2024-04-01 13:00:00,105.01814063777957
2024-04-01 14:00:00,104.97565987984196
2024-04-01 15:00:00,105.0171087554335
2024-04-01 16:00:00,104.97728206147889
2024-04-01 17:00:00,104.96394111896107
2024-04-01 18:00:00,104.95963096369005
2024-04-01 19:00:00,104.9848802841582
2024-04-01 20:00:00,105.00159246774054
2024-04-01 21:00:00,105.00845458363762
2024-04-01 22:00:00,105.0345319959354
2024-04-01 23:00:00,105.02188520293463
2024-04-02 00:00:00,105.07187317267466
2024-04-02 01:00:00,105.0499919816661
2024-04-02 02:00:00,105.09102202006348
2024-04-02 03:00:00,105.06312252275335
2024-04-02 04:00:00,104.97582065321636
2024-04-02 05:00:00,105.02234657269413
2024-04-02 06:00:00,104.95031514909452
2024-04-02 07:00:00,104.93471668736491
2024-04-02 08:00:00,104.88004175723015
2024-04-02 09:00:00,104.92519795366766
2024-04-02 10:00:00,104.80835537270926
2024-04-02 11:00:00,104.79125564956212
2024-04-02 12:00:00,104.76376115444097
2024-04-02 13:00:00,104.77783508922366
2024-04-02 14:00:00,104.78055303753314
2024-04-02 15:00:00,104.81444393130768
2024-04-02 16:00:00,104.77847430409338
2024-04-02 17:00:00,104.7666596667145
2024-04-02 18:00:00,104.72779377922595
2024-04-02 19:00:00,104.77359928459703
2024-04-02 20:00:00,104.77494402913334
2024-04-02 21:00:00,104.78180927298995
2024-04-02 22:00:00,104.7661274899794
2024-04-02 23:00:00,104.75303461047197
2024-04-03 00:00:00,104.71921067179856
2024-04-03 01:00:00,104.74214447109539
2024-04-03 02:00:00,104.740956242914
2024-04-03 03:00:00,104.79206023567617
2024-04-03 04:00:00,104.79691800697815
2024-04-03 05:00:00,104.77671097914329
2024-04-03 06:00:00,104.8143187981749
2024-04-03 07:00:00,104.75857716740659
2024-04-03 08:00:00,104.70439888747131
2024-04-03 09:00:00,104.75116103339053
2024-04-03 10:00:00,104.67209639280671
2024-04-03 11:00:00,104.3699314412433
2024-04-03 12:00:00,104.3181259543826
2024-04-03 13:00:00,104.28129447352991
2024-04-03 14:00:00,104.27163994127206
2024-04-03 15:00:00,104.25032752159444
2024-04-03 16:00:00,104.27031140924585
2024-04-03 17:00:00,104.24613304026332
2024-04-03 18:00:00,104.25827087672897
2024-04-03 19:00:00,104.22617053098253
2024-04-03 20:00:00,104.22330527373384
2024-04-03 21:00:00,104.18539684076204
2024-04-03 22:00:00,104.20900831933237
2024-04-03 23:00:00,104.20189782838605
2024-04-04 00:00:00,104.19563809896675
2024-04-04 01:00:00,104.1980656487152
2024-04-04 02:00:00,104.19844467771352
2024-04-04 03:00:00,104.22181268566834
2024-04-04 04:00:00,104.11175725574032
2024-04-04 05:00:00,104.075159485133
2024-04-04 06:00:00,104.0913052208692
2024-04-04 07:00:00,104.07393681960295
2024-04-04 08:00:00,104.14240026393419
2024-04-04 09:00:00,103.99082027731544
2024-04-04 10:00:00,103.97789534995573
2024-04-04 11:00:00,104.00484797298246
2024-04-04 12:00:00,104.02799644798064
2024-04-04 13:00:00,104.06655845836872
2024-04-04 14:00:00,104.07076890497018
2024-04-04 15:00:00,104.11850654657988
2024-04-04 16:00:00,104.24249337746807
2024-04-04 17:00:00,104.22484931488002
2024-04-04 18:00:00,104.22021877935953
2024-04-04 19:00:00,104.22993952045691
2024-04-04 20:00:00,104.2277136990944
2024-04-04 21:00:00,104.1511418342574
2024-04-04 22:00:00,104.30088928735836
2024-04-04 23:00:00,104.32717272006288
2024-04-05 00:00:00,104.32086064845002
2024-04-05 01:00:00,104.31972149398548
2024-04-05 02:00:00,104.30443283756809
2024-04-05 03:00:00,104.2919504925612
2024-04-05 04:00:00,104.25311282521814
2024-04-05 05:00:00,104.2574312224518
2024-04-05 06:00:00,104.2449444068621
2024-04-05 07:00:00,104.25854093161652
2024-04-05 08:00:00,104.26331946548044
2024-04-05 09:00:00,104.54743437586718
2024-04-05 10:00:00,104.58815635716049
2024-04-05 11:00:00,104.41476398978918
2024-04-05 12:00:00,104.25801869046377
2024-04-05 13:00:00,104.28671810220834
2024-04-05 14:00:00,104.30769856038073
2024-04-05 15:00:00,104.29775052815205
2024-04-05 16:00:00,104.30301917486555
2024-04-05 17:00:00,104.29012143781165
2024-04-07 18:00:00,104.2930521194843
2024-04-07 19:00:00,104.37933979212026
2024-04-07 20:00:00,104.36772004146083
2024-04-07 21:00:00,104.40451580092618
2024-04-07 22:00:00,104.33506455884795
2024-04-07 23:00:00,104.27689601942967
2024-04-08 00:00:00,104.3451217491457
2024-04-08 01:00:00,104.35700185427153
2024-04-08 02:00:00,104.33984231417881
2024-04-08 03:00:00,104.33261619810136
2024-04-08 04:00:00,104.35033882902134
2024-04-08 05:00:00,104.41575227893328
2024-04-08 06:00:00,104.37617563323214
2024-04-08 07:00:00,104.3302767435164
2024-04-08 08:00:00,104.41326041345701
2024-04-08 09:00:00,104.32141382160802
2024-04-08 10:00:00,104.17627476683484
2024-04-08 11:00:00,104.18036425110564
2024-04-08 12:00:00,104.17874422307587
2024-04-08 13:00:00,104.207393957253
2024-04-08 14:00:00,104.13608064869325
2024-04-08 15:00:00,104.1403575462823
2024-04-08 16:00:00,104.15399972977795
2024-04-08 17:00:00,104.13925729678212
2024-04-08 18:00:00,104.13908066513861
2024-04-08 19:00:00,104.12298945534334
2024-04-08 20:00:00,104.11437198908652
2024-04-08 21:00:00,104.14991570802574
2024-04-08 22:00:00,104.14298045727304
2024-04-08 23:00:00,104.15797291102977
2024-04-09 00:00:00,104.1706804104232
2024-04-09 01:00:00,104.16022819638873
2024-04-09 02:00:00,104.14766796286455
2024-04-09 03:00:00,104.1871686659144
2024-04-09 04:00:00,104.17729423287638
2024-04-09 05:00:00,104.13470672973729
2024-04-09 06:00:00,104.06117770291459
2024-04-09 07:00:00,104.02900019313653
2024-04-09 08:00:00,104.09055344498908
2024-04-09 09:00:00,103.93670576514134
2024-04-09 10:00:00,103.94610470729607
2024-04-09 11:00:00,104.11816872682826
2024-04-09 12:00:00,104.13229618289265
2024-04-09 13:00:00,104.13473507827177
2024-04-09 14:00:00,104.16179325547114
2024-04-09 15:00:00,104.1487251464916
2024-04-09 16:00:00,104.11192053774161
2024-04-09 17:00:00,104.11045263652478
2024-04-09 18:00:00,104.10493089876938
2024-04-09 19:00:00,104.09835759725793
2024-04-09 20:00:00,104.09975357169557
2024-04-09 21:00:00,104.10291772546424
2024-04-09 22:00:00,104.11709474696876
2024-04-09 23:00:00,104.12480409548505
2024-04-10 00:00:00,104.13205142308989
2024-04-10 01:00:00,104.13749962285141
2024-04-10 02:00:00,104.14846059201432
2024-04-10 03:00:00,104.11601301224566
2024-04-10 04:00:00,104.10661677339039
2024-04-10 05:00:00,104.07058879637151
2024-04-10 06:00:00,104.06569179522056
2024-04-10 07:00:00,104.0404535104271
2024-04-10 08:00:00,104.09739436798415
2024-04-10 09:00:00,104.78696487016228
2024-04-10 10:00:00,105.05837312901173
2024-04-10 11:00:00,105.06075041942537
2024-04-10 12:00:00,105.21495399344535
2024-04-10 13:00:00,105.2320552625904
2024-04-10 14:00:00,105.09572410604115
2024-04-10 15:00:00,105.24279924102244
2024-04-10 16:00:00,105.16982403349695
2024-04-10 17:00:00,105.20105890371165
2024-04-10 18:00:00,105.18096970206798
2024-04-10 19:00:00,105.17425585187993
2024-04-10 20:00:00,105.19968344405612
2024-04-10 21:00:00,105.18053599360279
2024-04-10 22:00:00,105.14387211445262
2024-04-10 23:00:00,105.1473410790339
2024-04-11 00:00:00,105.15871082874155
2024-04-11 01:00:00,105.14087256014169
2024-04-11 02:00:00,105.17102961353513
2024-04-11 03:00:00,105.3035652121703
2024-04-11 04:00:00,105.17060476222282
2024-04-11 05:00:00,105.21559575307488
2024-04-11 06:00:00,105.28078527596452
2024-04-11 07:00:00,105.27106315276968
2024-04-11 08:00:00,105.29162702726762
2024-04-11 09:00:00,105.12024240162151
2024-04-11 10:00:00,105.23898169913846
2024-04-11 11:00:00,105.48461028008872
2024-04-11 12:00:00,105.35256790271166
2024-04-11 13:00:00,105.36923762709117
2024-04-11 14:00:00,105.25905578829408
2024-04-11 15:00:00,105.28455761330954
2024-04-11 16:00:00,105.2504659691734
2024-04-11 17:00:00,105.28605294394318
2024-04-11 18:00:00,105.27239950866114
2024-04-11 19:00:00,105.26326540617798
2024-04-11 20:00:00,105.27333260245923
2024-04-11 21:00:00,105.2514079117224
2024-04-11 22:00:00,105.26942900480591
2024-04-11 23:00:00,105.26411223757887
2024-04-12 00:00:00,105.35220733882973
2024-04-12 01:00:00,105.40362782246498
2024-04-12 02:00:00,105.40173961540353
2024-04-12 03:00:00,105.6276419681726
2024-04-12 04:00:00,105.60982027139144
2024-04-12 05:00:00,105.72053654143356
2024-04-12 06:00:00,105.80029070637839
2024-04-12 07:00:00,105.93014317401516
2024-04-12 08:00:00,105.88951118765081
2024-04-12 09:00:00,105.97092685374899
2024-04-12 10:00:00,105.9486844883224
2024-04-12 11:00:00,106.0468058857943
2024-04-12 12:00:00,105.9403058886574
2024-04-12 13:00:00,105.99383875407042
2024-04-12 14:00:00,105.95659976755628
2024-04-12 15:00:00,106.03859034065017
2024-04-12 16:00:00,106.0397829936775
2024-04-12 17:00:00,106.02209397175974
2024-04-14 18:00:00,106.03478426189615
2024-04-14 19:00:00,105.93414483883552
2024-04-14 20:00:00,105.9603690605573
2024-04-14 21:00:00,105.99139586606135
2024-04-14 22:00:00,105.96600814446008
2024-04-14 23:00:00,105.97125158897627
2024-04-15 00:00:00,105.95404615405197
2024-04-15 01:00:00,105.95994020324306
2024-04-15 02:00:00,105.91774155040116
2024-04-15 03:00:00,105.94648027585875
2024-04-15 04:00:00,105.91844620649539
2024-04-15 05:00:00,105.91119044359537
2024-04-15 06:00:00,105.91574164052894
2024-04-15 07:00:00,105.8945300942646
2024-04-15 08:00:00,105.92439479473038
2024-04-15 09:00:00,105.99293722826988
2024-04-15 10:00:00,106.0927239145981
2024-04-15 11:00:00,106.19322085745934
2024-04-15 12:00:00,106.05975283016205
2024-04-15 13:00:00,106.12143497436813
2024-04-15 14:00:00,106.1693873099714
2024-04-15 15:00:00,106.20891288899301
2024-04-15 16:00:00,106.18935530589582
2024-04-15 17:00:00,106.20664499218887
2024-04-15 18:00:00,106.20498502558084
2024-04-15 19:00:00,106.1791162429175
2024-04-15 20:00:00,106.20011104637408
2024-04-15 21:00:00,106.27050899956438
2024-04-15 22:00:00,106.30179596308585
2024-04-15 23:00:00,106.3503214286843
2024-04-16 00:00:00,106.33951462541128
2024-04-16 01:00:00,106.30284800374065
2024-04-16 02:00:00,106.27527262203985
2024-04-16 03:00:00,106.36116556595472
2024-04-16 04:00:00,106.29275743891218
2024-04-16 05:00:00,106.32648546678293
2024-04-16 06:00:00,106.23505608930436
2024-04-16 07:00:00,106.270460029794
2024-04-16 08:00:00,106.12855816442986
2024-04-16 09:00:00,106.18742391917247
2024-04-16 10:00:00,106.27157194909906
2024-04-16 11:00:00,106.253474681022
2024-04-16 12:00:00,106.28172510803168
2024-04-16 13:00:00,106.30138771224041
2024-04-16 14:00:00,106.34276432473713
2024-04-16 15:00:00,106.25759692727755
2024-04-16 16:00:00,106.3246423545691
2024-04-16 17:00:00,106.36992426712632
2024-04-16 18:00:00,106.37589279758923
2024-04-16 19:00:00,106.3471436231044
2024-04-16 20:00:00,106.33598286586101
2024-04-16 21:00:00,106.33187186601585
2024-04-16 22:00:00,106.28790068576474
2024-04-16 23:00:00,106.24308028089219
2024-04-17 00:00:00,106.29464600795116
2024-04-17 01:00:00,106.3091467177566
2024-04-17 02:00:00,106.40306657046504
2024-04-17 03:00:00,106.16248403008129
2024-04-17 04:00:00,106.26618068187261
2024-04-17 05:00:00,106.141134325294
2024-04-17 06:00:00,106.15760155099856
2024-04-17 07:00:00,106.18732506952279
2024-04-17 08:00:00,106.21090364632283
2024-04-17 09:00:00,106.23263928146274
2024-04-17 10:00:00,106.15113679089511
2024-04-17 11:00:00,106.23900069120461
2024-04-17 12:00:00,106.19593185863499
2024-04-17 13:00:00,106.13062462827716
2024-04-17 14:00:00,105.97389957510123
2024-04-17 15:00:00,105.95197664692587
2024-04-17 16:00:00,105.9437561497816
2024-04-17 17:00:00,105.94435451017539
2024-04-17 18:00:00,105.93498807835242
2024-04-17 19:00:00,105.92886285922093
2024-04-17 20:00:00,105.96009731603155
2024-04-17 21:00:00,105.94479526502585
2024-04-17 22:00:00,105.9321453806518
2024-04-17 23:00:00,105.85367114114028
2024-04-18 00:00:00,105.84501007096216
2024-04-18 01:00:00,105.86211709550732
2024-04-18 02:00:00,105.83737046507628
2024-04-18 03:00:00,105.80223817187958
2024-04-18 04:00:00,105.82636655027042
2024-04-18 05:00:00,105.83844113260012
2024-04-18 06:00:00,105.90198006348436
2024-04-18 07:00:00,105.86501285308408
2024-04-18 08:00:00,105.85373431369575
2024-04-18 09:00:00,105.96443304748865
2024-04-18 10:00:00,106.08241734168436
2024-04-18 11:00:00,106.07933860987299
2024-04-18 12:00:00,106.01597087158542
2024-04-18 13:00:00,106.08244092124791
2024-04-18 14:00:00,106.12910421813346
2024-04-18 15:00:00,106.15163941108798
2024-04-18 16:00:00,106.16060885810595
2024-04-18 17:00:00,106.16808743466939
2024-04-18 18:00:00,106.15494591580955
2024-04-18 19:00:00,106.19491244546764
2024-04-18 20:00:00,106.17605204070772
2024-04-18 21:00:00,106.21330846946465
2024-04-18 22:00:00,106.32177555266718
2024-04-18 23:00:00,106.297922055681
2024-04-19 00:00:00,106.1860923068262
2024-04-19 01:00:00,106.20240035593179
2024-04-19 02:00:00,106.23833961013527
2024-04-19 03:00:00,106.12588311115681
2024-04-19 04:00:00,106.03471413992841
2024-04-19 05:00:00,106.11084933576257
2024-04-19 06:00:00,106.01244773164214
2024-04-19 07:00:00,106.1182474665173
2024-04-19 08:00:00,106.08581401480515
2024-04-19 09:00:00,105.97536822405519
2024-04-19 10:00:00,105.96424381541516
2024-04-19 11:00:00,105.94823164144366
2024-04-19 12:00:00,106.08192819602408
2024-04-19 13:00:00,106.1030508081916
2024-04-19 14:00:00,106.11125192573925
2024-04-19 15:00:00,106.15310004295684
2024-04-19 16:00:00,106.12585323050065
2024-04-19 17:00:00,106.11583104823573
2024-04-21 18:00:00,106.09555812665401
2024-04-21 19:00:00,106.10205813734679
2024-04-21 20:00:00,106.10426986188882
2024-04-21 21:00:00,106.13030792780279
2024-04-21 22:00:00,105.9962976304688
2024-04-21 23:00:00,106.04041386266049
2024-04-22 00:00:00,106.06791668142174
2024-04-22 01:00:00,106.04501406452653
2024-04-22 02:00:00,106.0548621020896
2024-04-22 03:00:00,106.05246330372488
2024-04-22 04:00:00,106.0969820250254
2024-04-22 05:00:00,106.11304266228925
2024-04-22 06:00:00,106.16638788326624
2024-04-22 07:00:00,106.1811626927734
2024-04-22 08:00:00,106.28514426471969
2024-04-22 09:00:00,106.26807631013186
2024-04-22 10:00:00,106.31422226636928
2024-04-22 11:00:00,106.21523940662043
2024-04-22 12:00:00,106.20049238625553
2024-04-22 13:00:00,106.17175477901112
2024-04-22 14:00:00,106.09906842755919
2024-04-22 15:00:00,106.07887200488786
2024-04-22 16:00:00,106.13924835262765
2024-04-22 17:00:00,106.13797624742038
2024-04-22 18:00:00,106.1398780491201
2024-04-22 19:00:00,106.12282871841005
2024-04-22 20:00:00,106.12649997585093
2024-04-22 21:00:00,106.07962549705373
2024-04-22 22:00:00,106.1177352076872
2024-04-22 23:00:00,106.0846962167588
2024-04-23 00:00:00,106.10209681431157
2024-04-23 01:00:00,106.10932645207033
2024-04-23 02:00:00,106.14808373312775
2024-04-23 03:00:00,106.18858120108342
2024-04-23 04:00:00,105.95042526542686
2024-04-23 05:00:00,106.0166728074113
2024-04-23 06:00:00,106.09414856861024
2024-04-23 07:00:00,106.12330727062901
2024-04-23 08:00:00,105.94901125791378
2024-04-23 09:00:00,105.96948060516382
2024-04-23 10:00:00,105.69120408344747
2024-04-23 11:00:00,105.7348553893113
2024-04-23 12:00:00,105.76910563484358
2024-04-23 13:00:00,105.71697321793489
2024-04-23 14:00:00,105.6621819066829
2024-04-23 15:00:00,105.67344625205988
2024-04-23 16:00:00,105.68578553339292
2024-04-23 17:00:00,105.69326992783648
2024-04-23 18:00:00,105.68396202303805
2024-04-23 19:00:00,105.68352915667856
2024-04-23 20:00:00,105.67833846792522
2024-04-23 21:00:00,105.63013256412692
2024-04-23 22:00:00,105.62217459949694
2024-04-23 23:00:00,105.63139075221643
2024-04-24 00:00:00,105.6642440305164
2024-04-24 01:00:00,105.67183531379737
2024-04-24 02:00:00,105.70095651199078
2024-04-24 03:00:00,105.77218739364038
2024-04-24 04:00:00,105.83824688620113
2024-04-24 05:00:00,105.87557024289957
2024-04-24 06:00:00,105.87652495492324
2024-04-24 07:00:00,105.84619880543302
2024-04-24 08:00:00,105.84426864020219
2024-04-24 09:00:00,105.87066885383447
2024-04-24 10:00:00,105.82481451754677
2024-04-24 11:00:00,105.88308558601437
2024-04-24 12:00:00,105.91052852898332
2024-04-24 13:00:00,105.87186597800721
2024-04-24 14:00:00,105.83145233047703
2024-04-24 15:00:00,105.85786693404123
2024-04-24 16:00:00,105.79853550606072
2024-04-24 17:00:00,105.81479303927755
2024-04-24 18:00:00,105.81899948552598
2024-04-24 19:00:00,105.82067975965225
2024-04-24 20:00:00,105.80638689382161
2024-04-24 21:00:00,105.78843216395364
2024-04-24 22:00:00,105.76744947602039
2024-04-24 23:00:00,105.75936959652005
2024-04-25 00:00:00,105.77595870248706
2024-04-25 01:00:00,105.7610325289026
2024-04-25 02:00:00,105.74454811285763
2024-04-25 03:00:00,105.64983358079473
2024-04-25 04:00:00,105.63651990064302
2024-04-25 05:00:00,105.58715727998799
2024-04-25 06:00:00,105.59319071304365
2024-04-25 07:00:00,105.61263236108253
2024-04-25 08:00:00,105.63141766738524
2024-04-25 09:00:00,105.9012100725591
2024-04-25 10:00:00,105.86920390611651
2024-04-25 11:00:00,105.74865157865423
2024-04-25 12:00:00,105.67801237294361
2024-04-25 13:00:00,105.5801916115635
2024-04-25 14:00:00,105.5745609037677
2024-04-25 15:00:00,105.59952847164216
2024-04-25 16:00:00,105.58132618010676
2024-04-25 17:00:00,105.57700755422542
2024-04-25 18:00:00,105.5775660766868
2024-04-25 19:00:00,105.57428235730616
2024-04-25 20:00:00,105.6008784063661
2024-04-25 21:00:00,105.60086423921352
2024-04-25 22:00:00,105.59144849353963
2024-04-25 23:00:00,105.62627480472098
2024-04-26 00:00:00,105.65985989385292
2024-04-26 01:00:00,105.68340196359703
2024-04-26 02:00:00,105.64257808022694
2024-04-26 03:00:00,105.59437711515722
2024-04-26 04:00:00,105.66895984480003
2024-04-26 05:00:00,105.56474942267826
2024-04-26 06:00:00,105.62644595673737
2024-04-26 07:00:00,105.70246975690192
2024-04-26 08:00:00,105.77698804204796
2024-04-26 09:00:00,105.77430963024082
2024-04-26 10:00:00,105.85317466697279
2024-04-26 11:00:00,106.11322851702806
2024-04-26 12:00:00,106.10240224811001
2024-04-26 13:00:00,106.02859256397132
2024-04-26 14:00:00,106.02845194183126
2024-04-26 15:00:00,105.9371074453027
2024-04-26 16:00:00,106.00296009886097
2024-04-26 17:00:00,106.09887295251951
2024-04-28 18:00:00,106.03320292466124
2024-04-28 19:00:00,106.01114263475387
2024-04-28 20:00:00,105.96521320235976
2024-04-28 21:00:00,105.935821975661
2024-04-28 22:00:00,105.9844226238803
2024-04-28 23:00:00,105.97710806049817
2024-04-29 00:00:00,105.99457091316097
2024-04-29 01:00:00,105.59749765174996
2024-04-29 02:00:00,105.6772957125985
2024-04-29 03:00:00,105.79405339313574
2024-04-29 04:00:00,105.63077090131098
2024-04-29 05:00:00,105.74887572453875
2024-04-29 06:00:00,105.65816037219346
2024-04-29 07:00:00,105.6578307531327
2024-04-29 08:00:00,105.70509625539766
2024-04-29 09:00:00,105.799711593215
2024-04-29 10:00:00,105.87538530859955
2024-04-29 11:00:00,105.73967992373969
2024-04-29 12:00:00,105.7205783255961
2024-04-29 13:00:00,105.5646253615584
2024-04-29 14:00:00,105.62275061771177
2024-04-29 15:00:00,105.5787491814098
2024-04-29 16:00:00,105.62788068776572
2024-04-29 17:00:00,105.66212706872918
2024-04-29 18:00:00,105.64872899245195
2024-04-29 19:00:00,105.67422560814308
2024-04-29 20:00:00,105.70187549142256
2024-04-29 21:00:00,105.75099844954508
2024-04-29 22:00:00,105.81562827587192
2024-04-29 23:00:00,105.80555804479694
2024-04-30 00:00:00,105.82517206853049
2024-04-30 01:00:00,105.82470448490625
2024-04-30 02:00:00,105.89305905750945
2024-04-30 03:00:00,105.8630982356049
2024-04-30 04:00:00,105.86000698819264
2024-04-30 05:00:00,105.84342755546345
2024-04-30 06:00:00,105.72665221557519
2024-04-30 07:00:00,105.7164585914319
2024-04-30 08:00:00,105.78037373429227
2024-04-30 09:00:00,106.01460981139066
2024-04-30 10:00:00,105.98659601294572
2024-04-30 11:00:00,106.05973990757313
2024-04-30 12:00:00,106.14316114423345
2024-04-30 13:00:00,106.17927749829856
2024-04-30 14:00:00,106.17712520107102
2024-04-30 15:00:00,106.2206373183061
2024-04-30 16:00:00,106.27273008045941
2024-04-30 17:00:00,106.34595393670148
2024-04-30 18:00:00,106.29399114619335
2024-04-30 19:00:00,106.31353574497102
2024-04-30 20:00:00,106.32826216590053
2024-04-30 21:00:00,106.35967783147834
2024-04-30 22:00:00,106.37243682627903
2024-04-30 23:00:00,106.39009634432217
2024-05-01 00:00:00,106.4216101628085
2024-05-01 01:00:00,106.42248484166454
2024-05-01 02:00:00,106.42674857827973
2024-05-01 03:00:00,106.47578420794072
2024-05-01 04:00:00,106.37958745901514
2024-05-01 05:00:00,106.31561654425144
2024-05-01 06:00:00,106.31753944524247
2024-05-01 07:00:00,106.32347306807216
2024-05-01 08:00:00,106.29815080895648
2024-05-01 09:00:00,106.20783831545793
2024-05-01 10:00:00,106.19995223429197
2024-05-01 11:00:00,106.19296803846674
2024-05-01 12:00:00,106.21344132475089
2024-05-01 13:00:00,106.2740417712686
2024-05-01 14:00:00,106.23987880657384
2024-05-01 15:00:00,105.74627796528344
2024-05-01 16:00:00,106.12650893040735
2024-05-01 17:00:00,105.63318631775542
2024-05-01 18:00:00,105.62866178406321
2024-05-01 19:00:00,105.6984691836233
2024-05-01 20:00:00,105.71117657410642
2024-05-01 21:00:00,105.78711332757445
2024-05-01 22:00:00,105.76140511997586
2024-05-01 23:00:00,105.70105460335472
2024-05-02 00:00:00,105.75278929307915
2024-05-02 01:00:00,105.71565486663816
2024-05-02 02:00:00,105.7065882371382
2024-05-02 03:00:00,105.66820901054847
2024-05-02 04:00:00,105.67587668990349
2024-05-02 05:00:00,105.73207069486274
2024-05-02 06:00:00,105.74885746081803
2024-05-02 07:00:00,105.73340678589707
2024-05-02 08:00:00,105.70102584153267
2024-05-02 09:00:00,105.68782078453269
2024-05-02 10:00:00,105.78567872783321
2024-05-02 11:00:00,105.74722328732085
2024-05-02 12:00:00,105.58248421667982
2024-05-02 13:00:00,105.49467819822442
2024-05-02 14:00:00,105.42446075199575
2024-05-02 15:00:00,105.2974101975815
2024-05-02 16:00:00,105.33519954042035
2024-05-02 17:00:00,105.39362508048481
2024-05-02 18:00:00,105.40536802378696
2024-05-02 19:00:00,105.32484445116965
2024-05-02 20:00:00,105.30286538101063
2024-05-02 21:00:00,105.28525469148884
2024-05-02 22:00:00,105.20647320444432
2024-05-02 23:00:00,105.25873389774996
2024-05-03 00:00:00,105.24378186984488
2024-05-03 01:00:00,105.25870639072804
2024-05-03 02:00:00,105.23294823026227
2024-05-03 03:00:00,105.30795980721297
2024-05-03 04:00:00,105.27332716241251
2024-05-03 05:00:00,105.20184705140176
2024-05-03 06:00:00,105.18253719734615
2024-05-03 07:00:00,105.18211025205032
2024-05-03 08:00:00,105.17890103054633
2024-05-03 09:00:00,104.69605119760486
2024-05-03 10:00:00,104.88995533576214
2024-05-03 11:00:00,105.0396654327615
2024-05-03 12:00:00,105.0140155637768
2024-05-03 13:00:00,105.0629188443957
2024-05-03 14:00:00,105.04921760708588
2024-05-03 15:00:00,105.02950745654334
2024-05-03 16:00:00,105.04824017897697
2024-05-03 17:00:00,105.06956430137589
2024-05-05 18:00:00,105.04791984105151
2024-05-05 19:00:00,105.0888090769161
2024-05-05 20:00:00,105.17513809092428
2024-05-05 21:00:00,105.08309776350525
2024-05-05 22:00:00,105.07478418982252
2024-05-05 23:00:00,105.13071884217622
2024-05-06 00:00:00,105.14996188492506
2024-05-06 01:00:00,105.1698150321577
2024-05-06 02:00:00,105.17734241242603
2024-05-06 03:00:00,105.1277600286997
2024-05-06 04:00:00,105.14147731735483
2024-05-06 05:00:00,105.07652688070442
2024-05-06 06:00:00,105.0753849572119
2024-05-06 07:00:00,105.05722979338657
2024-05-06 08:00:00,105.03548527450018
2024-05-06 09:00:00,104.89469553666842
2024-05-06 10:00:00,104.93352883214284
2024-05-06 11:00:00,104.99672547541206
2024-05-06 12:00:00,105.0093191861072
2024-05-06 13:00:00,105.06054697204354
2024-05-06 14:00:00,105.0580679175137
2024-05-06 15:00:00,105.05298110988939
2024-05-06 16:00:00,105.11341752915241
2024-05-06 17:00:00,105.09193906509488
2024-05-06 18:00:00,105.09345262345315
2024-05-06 19:00:00,105.10564483892342
2024-05-06 20:00:00,105.145753302934
2024-05-06 21:00:00,105.05077475582358
2024-05-06 22:00:00,105.17682139584737
2024-05-06 23:00:00,105.21211485374295
2024-05-07 00:00:00,105.17231095223414
2024-05-07 01:00:00,105.19559125246624
2024-05-07 02:00:00,105.26247081077842
2024-05-07 03:00:00,105.20285198328526
2024-05-07 04:00:00,105.18023667254067
2024-05-07 05:00:00,105.21979396026656
2024-05-07 06:00:00,105.27402529668022
2024-05-07 07:00:00,105.19754573102153
2024-05-07 08:00:00,105.21258416047203
2024-05-07 09:00:00,105.12855118934189
2024-05-07 10:00:00,105.10107336171296
2024-05-07 11:00:00,105.11734491972723
2024-05-07 12:00:00,105.2462483770509
2024-05-07 13:00:00,105.22941218196975
2024-05-07 14:00:00,105.36464317535948
2024-05-07 15:00:00,105.41128027910592
2024-05-07 16:00:00,105.35824554847046
2024-05-07 17:00:00,105.36972339640188
2024-05-07 18:00:00,105.35853253081652
2024-05-07 19:00:00,105.41177628101902
2024-05-07 20:00:00,105.42560704307405
2024-05-07 21:00:00,105.45793900980576
2024-05-07 22:00:00,105.54774693542143
2024-05-07 23:00:00,105.54749711883879
2024-05-08 00:00:00,105.55259423142994
2024-05-08 01:00:00,105.55168570465302
2024-05-08 02:00:00,105.54613291193736
2024-05-08 03:00:00,105.53781629878213
2024-05-08 04:00:00,105.61726746296866
2024-05-08 05:00:00,105.57988569171624
2024-05-08 06:00:00,105.5079995886288
2024-05-08 07:00:00,105.51184000710025
2024-05-08 08:00:00,105.56900825907395
2024-05-08 09:00:00,105.55303585716636
2024-05-08 10:00:00,105.53944274014339
2024-05-08 11:00:00,105.51217809454054
2024-05-08 12:00:00,105.45302074853501
2024-05-08 13:00:00,105.53374526913791
2024-05-08 14:00:00,105.54986625161881
2024-05-08 15:00:00,105.54701628427543
2024-05-08 16:00:00,105.54786817470345
2024-05-08 17:00:00,105.5160483498451
2024-05-08 18:00:00,105.50438949958743
2024-05-08 19:00:00,105.51347417930904
2024-05-08 20:00:00,105.51776305264673
2024-05-08 21:00:00,105.57154767443888
2024-05-08 22:00:00,105.52618231003817
2024-05-08 23:00:00,105.53644683093378
2024-05-09 00:00:00,105.52264401356948
2024-05-09 01:00:00,105.54857341163769
2024-05-09 02:00:00,105.56509245169711
2024-05-09 03:00:00,105.63505242215443
2024-05-09 04:00:00,105.65767920295
2024-05-09 05:00:00,105.70473916687965
2024-05-09 06:00:00,105.67966860456721
2024-05-09 07:00:00,105.64791729315492
2024-05-09 08:00:00,105.70986182028923
2024-05-09 09:00:00,105.43627055817016
2024-05-09 10:00:00,105.40231990633293
2024-05-09 11:00:00,105.2999568302298
2024-05-09 12:00:00,105.35906401509999
2024-05-09 13:00:00,105.3022434813645
2024-05-09 14:00:00,105.28206995456664
2024-05-09 15:00:00,105.2269850028613
2024-05-09 16:00:00,105.22185948845386
2024-05-09 17:00:00,105.22755127164162
2024-05-09 18:00:00,105.22875964594728
2024-05-09 19:00:00,105.19513549164053
2024-05-09 20:00:00,105.22107676010455
2024-05-09 21:00:00,105.25896278098301
2024-05-09 22:00:00,105.29869892091304
2024-05-09 23:00:00,105.32413662732817
2024-05-10 00:00:00,105.30859032255489
2024-05-10 01:00:00,105.31516560761065
2024-05-10 02:00:00,105.29421651394323
2024-05-10 03:00:00,105.27197170382284
2024-05-10 04:00:00,105.25578583160573
2024-05-10 05:00:00,105.25070224149721
2024-05-10 06:00:00,105.25754039131817
2024-05-10 07:00:00,105.26613663821234
2024-05-10 08:00:00,105.26743792229693
2024-05-10 09:00:00,105.31275692950693
2024-05-10 10:00:00,105.16170064098608
2024-05-10 11:00:00,105.3825647474407
2024-05-10 12:00:00,105.30322373553201
2024-05-10 13:00:00,105.27293947865694
2024-05-10 14:00:00,105.29294625737076
2024-05-10 15:00:00,105.29964447576651
2024-05-10 16:00:00,105.30205403654202
2024-05-10 17:00:00,105.311551903187
2024-05-12 18:00:00,105.3044376741569
2024-05-12 19:00:00,105.30501054925878
2024-05-12 20:00:00,105.33064065891942
2024-05-12 21:00:00,105.34597505612473
2024-05-12 22:00:00,105.35149695727603
2024-05-12 23:00:00,105.31589545114647
2024-05-13 00:00:00,105.31228686278077
2024-05-13 01:00:00,105.33469676613085
2024-05-13 02:00:00,105.31329157629311
2024-05-13 03:00:00,105.33369701238712
2024-05-13 04:00:00,105.30894443188618
2024-05-13 05:00:00,105.24635949507586
2024-05-13 06:00:00,105.2714504516834
2024-05-13 07:00:00,105.26587860328759
2024-05-13 08:00:00,105.19810914096949
2024-05-13 09:00:00,105.1229801228882
2024-05-13 10:00:00,105.07641919958654
2024-05-13 11:00:00,105.09087151682579
2024-05-13 12:00:00,105.18002103734382
2024-05-13 13:00:00,105.19450060561643
2024-05-13 14:00:00,105.2106333290516
2024-05-13 15:00:00,105.21793550379103
2024-05-13 16:00:00,105.2281515139836
2024-05-13 17:00:00,105.21681546950623
2024-05-13 18:00:00,105.21491864864967
2024-05-13 19:00:00,105.22089226667534
2024-05-13 20:00:00,105.20223460618062
2024-05-13 21:00:00,105.24347756008919
2024-05-13 22:00:00,105.26314976887521
2024-05-13 23:00:00,105.27524592701945
2024-05-14 00:00:00,105.26096100128873
2024-05-14 01:00:00,105.27821468401335
2024-05-14 02:00:00,105.27416028490757
2024-05-14 03:00:00,105.26477948245333
2024-05-14 04:00:00,105.27085843453347
2024-05-14 05:00:00,105.31472268197669
2024-05-14 06:00:00,105.23649201292245
2024-05-14 07:00:00,105.2082488816867
2024-05-14 08:00:00,105.23814965906888
2024-05-14 09:00:00,105.16732108476634
2024-05-14 10:00:00,105.00175771215375
2024-05-14 11:00:00,104.97455204629779
2024-05-14 12:00:00,105.03168694382593
2024-05-14 13:00:00,105.04741406338306
2024-05-14 14:00:00,105.03674136169082
2024-05-14 15:00:00,105.01184857056971
2024-05-14 16:00:00,105.00392358441381
2024-05-14 17:00:00,105.00657929783605
2024-05-14 18:00:00,105.01955315297776
2024-05-14 19:00:00,105.0273170993064
2024-05-14 20:00:00,105.05666705781195
2024-05-14 21:00:00,105.01931223811697
2024-05-14 22:00:00,104.97695530888957
2024-05-14 23:00:00,104.9593806542684
2024-05-15 00:00:00,104.94145980728892
2024-05-15 01:00:00,104.97658533790683
2024-05-15 02:00:00,104.9172565798305
2024-05-15 03:00:00,104.90895980276218
2024-05-15 04:00:00,104.91024901114447
2024-05-15 05:00:00,104.82101441710537
2024-05-15 06:00:00,104.83995455593315
2024-05-15 07:00:00,104.87592349997477
2024-05-15 08:00:00,104.83130371066318
2024-05-15 09:00:00,104.53344371143274
2024-05-15 10:00:00,104.8093838079362
2024-05-15 11:00:00,104.57679970438338
2024-05-15 12:00:00,104.50911102133682
2024-05-15 13:00:00,104.39400628414167
2024-05-15 14:00:00,104.30928095701566
2024-05-15 15:00:00,104.34461678190272
2024-05-15 16:00:00,104.33052038361187
2024-05-15 17:00:00,104.30516367163061
2024-05-15 18:00:00,104.29624650361471
2024-05-15 19:00:00,104.23427584976562
2024-05-15 20:00:00,104.20569795348712
2024-05-15 21:00:00,104.09277922398591
2024-05-15 22:00:00,104.20194095651233
2024-05-15 23:00:00,104.18447157769215
2024-05-16 00:00:00,104.18117526576621
2024-05-16 01:00:00,104.20233151981624
2024-05-16 02:00:00,104.26851617963442
2024-05-16 03:00:00,104.31892388941132
2024-05-16 04:00:00,104.32317158978263
2024-05-16 05:00:00,104.37774531827108
2024-05-16 06:00:00,104.39893467444733
2024-05-16 07:00:00,104.39178954793579
2024-05-16 08:00:00,104.46263407007964
2024-05-16 09:00:00,104.53190594756758
2024-05-16 10:00:00,104.61151882729173
2024-05-16 11:00:00,104.46883079116948
2024-05-16 12:00:00,104.41672399039685
2024-05-16 13:00:00,104.44269774867307
2024-05-16 14:00:00,104.45602610600902
2024-05-16 15:00:00,104.46116785721986
2024-05-16 16:00:00,104.5057271098119
2024-05-16 17:00:00,104.5091681211156
2024-05-16 18:00:00,104.50069582676463
2024-05-16 19:00:00,104.49802312231121
2024-05-16 20:00:00,104.49869383685991
2024-05-16 21:00:00,104.54832908542106
2024-05-16 22:00:00,104.61273276504089
2024-05-16 23:00:00,104.63826220292194
2024-05-17 00:00:00,104.61468507742973
2024-05-17 01:00:00,104.63644202009372
2024-05-17 02:00:00,104.59372777157539
2024-05-17 03:00:00,104.5683274494555
2024-05-17 04:00:00,104.6289120686061
2024-05-17 05:00:00,104.73431480019792
2024-05-17 06:00:00,104.7291093092157
2024-05-17 07:00:00,104.77769054686375
2024-05-17 08:00:00,104.73371964265391
2024-05-17 09:00:00,104.71631049018723
2024-05-17 10:00:00,104.61869373112359
2024-05-17 11:00:00,104.41829333470089
2024-05-17 12:00:00,104.48980568765155
2024-05-17 13:00:00,104.49160675360906
2024-05-17 14:00:00,104.46030738985272
2024-05-17 15:00:00,104.44439378023101
2024-05-17 16:00:00,104.4646055860183
2024-05-17 17:00:00,104.50338840440816
2024-05-19 18:00:00,104.49663344414098
2024-05-19 19:00:00,104.48585084941699
2024-05-19 20:00:00,104.47494414139359
2024-05-19 21:00:00,104.4735699620035
2024-05-19 22:00:00,104.46867571946845
2024-05-19 23:00:00,104.47685632669943
2024-05-20 00:00:00,104.44502192563027
2024-05-20 01:00:00,104.4245232143526
2024-05-20 02:00:00,104.42327370836132
2024-05-20 03:00:00,104.45245368460327
2024-05-20 04:00:00,104.48022332505626
2024-05-20 05:00:00,104.45163033335686
2024-05-20 06:00:00,104.48671725522108
2024-05-20 07:00:00,104.47864178296491
2024-05-20 08:00:00,104.55899585183803
2024-05-20 09:00:00,104.62689042448045
2024-05-20 10:00:00,104.5415714807493
2024-05-20 11:00:00,104.53459891100293
2024-05-20 12:00:00,104.57703852747582
2024-05-20 13:00:00,104.53212366026128
2024-05-20 14:00:00,104.56028831820751
2024-05-20 15:00:00,104.5650177625852
2024-05-20 16:00:00,104.60425309337303
2024-05-20 17:00:00,104.62110745177719
2024-05-20 18:00:00,104.59228812094571
2024-05-20 19:00:00,104.60409807498141
2024-05-20 20:00:00,104.60310865657745
2024-05-20 21:00:00,104.60708735544566
2024-05-20 22:00:00,104.66384536501347
2024-05-20 23:00:00,104.66074810314322
2024-05-21 00:00:00,104.65995673741698
2024-05-21 01:00:00,104.63046871347382
2024-05-21 02:00:00,104.62281226254352
2024-05-21 03:00:00,104.59225381416438
2024-05-21 04:00:00,104.57310644311386
2024-05-21 05:00:00,104.54798151579676
2024-05-21 06:00:00,104.49267887768502
2024-05-21 07:00:00,104.53577560204457
2024-05-21 08:00:00,104.51064330743759
2024-05-21 09:00:00,104.62973892523743
2024-05-21 10:00:00,104.66050085068159
2024-05-21 11:00:00,104.56677415013576
2024-05-21 12:00:00,104.63668643778166
2024-05-21 13:00:00,104.63959572899891
2024-05-21 14:00:00,104.65068830560539
2024-05-21 15:00:00,104.6611972867027
2024-05-21 16:00:00,104.62711810419744
2024-05-21 17:00:00,104.64872450314002
2024-05-21 18:00:00,104.6173906197774
2024-05-21 19:00:00,104.61671494156414
2024-05-21 20:00:00,104.6493386010364
2024-05-21 21:00:00,104.62216338366792
2024-05-21 22:00:00,104.59387430885283
2024-05-21 23:00:00,104.60606596224113
2024-05-22 00:00:00,104.63509973080741
2024-05-22 01:00:00,104.6598418776158
2024-05-22 02:00:00,104.63541440796996
2024-05-22 03:00:00,104.58032080570248
2024-05-22 04:00:00,104.62079597563971
2024-05-22 05:00:00,104.70838669694066
2024-05-22 06:00:00,104.73553517831735
2024-05-22 07:00:00,104.7739379437644
2024-05-22 08:00:00,104.88507475053113
2024-05-22 09:00:00,104.83133214719679
2024-05-22 10:00:00,104.7748044368228
2024-05-22 11:00:00,104.82115232534731
2024-05-22 12:00:00,104.78945571949775
2024-05-22 13:00:00,104.73542032847476
2024-05-22 14:00:00,104.7816622178415
2024-05-22 15:00:00,104.9341428937973
2024-05-22 16:00:00,104.93776274788524
2024-05-22 17:00:00,104.94705299577967
2024-05-22 18:00:00,104.91508300154624
2024-05-22 19:00:00,104.90975003423766
2024-05-22 20:00:00,104.90992819904017
2024-05-22 21:00:00,104.91163391919008
2024-05-22 22:00:00,104.88702291652378
2024-05-22 23:00:00,104.87679909061382
2024-05-23 00:00:00,104.8554415981936
2024-05-23 01:00:00,104.87943761507171
2024-05-23 02:00:00,104.90397856856747
2024-05-23 03:00:00,104.87461924632265
2024-05-23 04:00:00,104.87193116433025
2024-05-23 05:00:00,104.81172919150215
2024-05-23 06:00:00,104.74262423483613
2024-05-23 07:00:00,104.74927213184917
2024-05-23 08:00:00,104.6862136094352
2024-05-23 09:00:00,104.70167288712362
2024-05-23 10:00:00,104.88051752692584
2024-05-23 11:00:00,104.93910010875311
2024-05-23 12:00:00,104.93377556217662
2024-05-23 13:00:00,104.99809567414646
2024-05-23 14:00:00,105.05742809026178
2024-05-23 15:00:00,105.10802002299357
2024-05-23 16:00:00,105.06109556411262
2024-05-23 17:00:00,105.02761428838122
2024-05-23 18:00:00,105.03068648872139
2024-05-23 19:00:00,105.04691134854043
2024-05-23 20:00:00,105.06286437940558
2024-05-23 21:00:00,105.07461611501867
2024-05-23 22:00:00,105.07672201623859
2024-05-23 23:00:00,105.09141643600645
2024-05-24 00:00:00,105.11364686787245
2024-05-24 01:00:00,105.09184776603263
2024-05-24 02:00:00,105.08603960481979
2024-05-24 03:00:00,105.06045978467014
2024-05-24 04:00:00,104.98440326085877
2024-05-24 05:00:00,104.9707226265092
2024-05-24 06:00:00,104.94245934135492
2024-05-24 07:00:00,104.84914710399096
2024-05-24 08:00:00,104.85048171777854
2024-05-24 09:00:00,104.786038971141
2024-05-24 10:00:00,104.82267948849099
2024-05-24 11:00:00,104.74742815504396
2024-05-24 12:00:00,104.70365111890004
2024-05-24 13:00:00,104.73210315159605
2024-05-24 14:00:00,104.69085742185135
2024-05-24 15:00:00,104.72347236307121
2024-05-24 16:00:00,104.7249800391183
2024-05-24 17:00:00,104.74454729398907
2024-05-26 18:00:00,104.7409789512691
2024-05-26 19:00:00,104.70325650820033
2024-05-26 20:00:00,104.74174878833901
2024-05-26 21:00:00,104.72092916811015
2024-05-26 22:00:00,104.70109876676595
2024-05-26 23:00:00,104.69408380565059
2024-05-27 00:00:00,104.69530299194226
2024-05-27 01:00:00,104.70575038894256
2024-05-27 02:00:00,104.7022525270871
2024-05-27 03:00:00,104.68893104002353
2024-05-27 04:00:00,104.70416344940912
2024-05-27 05:00:00,104.71259639896228
2024-05-27 06:00:00,104.57616730503473
2024-05-27 07:00:00,104.5979315246657
2024-05-27 08:00:00,104.64353691546837
2024-05-27 09:00:00,104.67867962219063
2024-05-27 10:00:00,104.61006990153616
2024-05-27 11:00:00,104.5692931353807
2024-05-27 12:00:00,104.57763389163541
2024-05-27 13:00:00,104.58581363273781
2024-05-27 14:00:00,104.59324293096589
2024-05-27 15:00:00,104.59572743931767
2024-05-27 16:00:00,104.57953482085024
2024-05-27 17:00:00,104.59310918870065
2024-05-27 18:00:00,104.59736354145646
2024-05-27 19:00:00,104.58315331153358
2024-05-27 20:00:00,104.56267722045666
2024-05-27 21:00:00,104.5458563470371
2024-05-27 22:00:00,104.47658522810961
2024-05-27 23:00:00,104.44592677548638
2024-05-28 00:00:00,104.41932985875424
2024-05-28 01:00:00,104.4461285381412
2024-05-28 02:00:00,104.46476191577325
2024-05-28 03:00:00,104.46578341451838
2024-05-28 04:00:00,104.44592503635593
2024-05-28 05:00:00,104.49609122541803
2024-05-28 06:00:00,104.44569347358049
2024-05-28 07:00:00,104.42348508883315
2024-05-28 08:00:00,104.37315225326311
2024-05-28 09:00:00,104.39608487566525
2024-05-28 10:00:00,104.50966794479692
2024-05-28 11:00:00,104.45140290340024
2024-05-28 12:00:00,104.42547781847195
2024-05-28 13:00:00,104.46556325802474
2024-05-28 14:00:00,104.56009620443085
2024-05-28 15:00:00,104.61332510082734
2024-05-28 16:00:00,104.58991442279752
2024-05-28 17:00:00,104.62852422016601
2024-05-28 18:00:00,104.60786299357731
2024-05-28 19:00:00,104.6295653988756
2024-05-28 20:00:00,104.66973874739483
2024-05-28 21:00:00,104.69166915041082
2024-05-28 22:00:00,104.67094184562028
2024-05-28 23:00:00,104.7236339889321
2024-05-29 00:00:00,104.71831312514821
2024-05-29 01:00:00,104.7089107176512
2024-05-29 02:00:00,104.7324061547859
2024-05-29 03:00:00,104.65004425411033
2024-05-29 04:00:00,104.65739987895972
2024-05-29 05:00:00,104.7535044205761
2024-05-29 06:00:00,104.67399040416664
2024-05-29 07:00:00,104.73102293035333
2024-05-29 08:00:00,104.71757890317276
2024-05-29 09:00:00,104.74362455676956
2024-05-29 10:00:00,104.81777085006293
2024-05-29 11:00:00,105.0100951301842
2024-05-29 12:00:00,105.05110946130687
2024-05-29 13:00:00,105.02473123360679
2024-05-29 14:00:00,105.03561595148953
2024-05-29 15:00:00,105.10018461572774
2024-05-29 16:00:00,105.12543422243292
2024-05-29 17:00:00,105.13677074812688
2024-05-29 18:00:00,105.10699812597385
2024-05-29 19:00:00,105.13596835662698
2024-05-29 20:00:00,105.13226446029246
2024-05-29 21:00:00,105.14404419353211
2024-05-29 22:00:00,105.14010848691856
2024-05-29 23:00:00,105.13906735276086
2024-05-30 00:00:00,105.13681752249738
2024-05-30 01:00:00,105.1303434219128
2024-05-30 02:00:00,105.16089045630304
2024-05-30 03:00:00,105.1011771475009
2024-05-30 04:00:00,105.00111973271265
2024-05-30 05:00:00,104.93266799832283
2024-05-30 06:00:00,104.94685704684737
2024-05-30 07:00:00,104.91258595052913
2024-05-30 08:00:00,104.8877990237472
2024-05-30 09:00:00,104.78547207327644
2024-05-30 10:00:00,104.78680707125774
2024-05-30 11:00:00,104.67056089143199
2024-05-30 12:00:00,104.70061770504549
2024-05-30 13:00:00,104.67668319278695
2024-05-30 14:00:00,104.69199438004998
2024-05-30 15:00:00,104.7158243889131
2024-05-30 16:00:00,104.76810931814903
2024-05-30 17:00:00,104.75054625930014
2024-05-30 18:00:00,104.74145664485752
2024-05-30 19:00:00,104.7431202130093
2024-05-30 20:00:00,104.77523698994699
2024-05-30 21:00:00,104.7436045591445
2024-05-30 22:00:00,104.81737396949829
2024-05-30 23:00:00,104.89387056844929
2024-05-31 00:00:00,104.82963874932732
2024-05-31 01:00:00,104.82560748184972
2024-05-31 02:00:00,104.83104886243711
2024-05-31 03:00:00,104.81334521003504
2024-05-31 04:00:00,104.85125722329184
2024-05-31 05:00:00,104.78862598181358
2024-05-31 06:00:00,104.69030966923573
2024-05-31 07:00:00,104.6546843824259
2024-05-31 08:00:00,104.63344145093367
2024-05-31 09:00:00,104.40586548425867
2024-05-31 10:00:00,104.43871748665602
2024-05-31 11:00:00,104.58072866982064
2024-05-31 12:00:00,104.6604975255025
2024-05-31 13:00:00,104.651086093037
2024-05-31 14:00:00,104.64531570044372
2024-05-31 15:00:00,104.67082556560425
2024-05-31 16:00:00,104.60196539085197
2024-05-31 17:00:00,104.61594384787732
2024-06-02 18:00:00,104.62049381708327
2024-06-02 19:00:00,104.60827762225382
2024-06-02 20:00:00,104.57896687283335
2024-06-02 21:00:00,104.52531712410502
2024-06-02 22:00:00,104.51947539772183
2024-06-02 23:00:00,104.57151181648364
2024-06-03 00:00:00,104.62667104216227
2024-06-03 01:00:00,104.60808626241001
2024-06-03 02:00:00,104.61609245357029
2024-06-03 03:00:00,104.59200016655424
2024-06-03 04:00:00,104.70259664817212
2024-06-03 05:00:00,104.70044187288008
2024-06-03 06:00:00,104.73949632232848
2024-06-03 07:00:00,104.67840159715003
2024-06-03 08:00:00,104.62301742725869
2024-06-03 09:00:00,104.59246926758325
2024-06-03 10:00:00,104.52601024168217
2024-06-03 11:00:00,104.31408619939887
2024-06-03 12:00:00,104.15466405306967
2024-06-03 13:00:00,104.2132962095894
2024-06-03 14:00:00,104.20610702143333
2024-06-03 15:00:00,104.13960465348612
2024-06-03 16:00:00,104.11830766406378
2024-06-03 17:00:00,104.0614310259248
2024-06-03 18:00:00,104.07436596212341
2024-06-03 19:00:00,104.05408876641913
2024-06-03 20:00:00,104.04651448697916
2024-06-03 21:00:00,104.03943162954073
2024-06-03 22:00:00,104.09136019889503
2024-06-03 23:00:00,104.07803235926306
2024-06-04 00:00:00,104.08298989722968
2024-06-04 01:00:00,104.0640802592226
2024-06-04 02:00:00,104.10772075305782
2024-06-04 03:00:00,104.12113800607243
2024-06-04 04:00:00,104.12642791679201
2024-06-04 05:00:00,104.20525502448534
2024-06-04 06:00:00,104.26862835907342
2024-06-04 07:00:00,104.28127057518749
2024-06-04 08:00:00,104.2887620212136
2024-06-04 09:00:00,104.28426613449474
2024-06-04 10:00:00,104.2483452299407
2024-06-04 11:00:00,104.14695310005165
2024-06-04 12:00:00,104.16564715703745
2024-06-04 13:00:00,104.1278027658423
2024-06-04 14:00:00,104.07969790386807
2024-06-04 15:00:00,104.10830785326719
2024-06-04 16:00:00,104.13167483940349
2024-06-04 17:00:00,104.15740816303082
2024-06-04 18:00:00,104.14871685261656
2024-06-04 19:00:00,104.14787817897775
2024-06-04 20:00:00,104.15207007563527
2024-06-04 21:00:00,104.14451044006769
2024-06-04 22:00:00,104.14932929615131
2024-06-04 23:00:00,104.16630360109227
2024-06-05 00:00:00,104.20388547045022
2024-06-05 01:00:00,104.19799853912191
2024-06-05 02:00:00,104.21809256927013
2024-06-05 03:00:00,104.26579333637913
2024-06-05 04:00:00,104.31116417034855
2024-06-05 05:00:00,104.29649658081117
2024-06-05 06:00:00,104.29478461187225
2024-06-05 07:00:00,104.32926090421788
2024-06-05 08:00:00,104.32738746511401
2024-06-05 09:00:00,104.20175401770432
2024-06-05 10:00:00,104.15141563381493
2024-06-05 11:00:00,104.40979364035026
2024-06-05 12:00:00,104.38342406868443
2024-06-05 13:00:00,104.36370500546465
2024-06-05 14:00:00,104.33342632175983
2024-06-05 15:00:00,104.26725992164714
2024-06-05 16:00:00,104.27282859158248
2024-06-05 17:00:00,104.31367728600026
2024-06-05 18:00:00,104.30031853045041
2024-06-05 19:00:00,104.26509118971117
2024-06-05 20:00:00,104.25240494728894
2024-06-05 21:00:00,104.16081412640972
2024-06-05 22:00:00,104.07177479712529
2024-06-05 23:00:00,104.09466484379206
2024-06-06 00:00:00,104.09857758314028
2024-06-06 01:00:00,104.1401746735126
2024-06-06 02:00:00,104.17566439686736
2024-06-06 03:00:00,104.18212132648677
2024-06-06 04:00:00,104.25452993415018
2024-06-06 05:00:00,104.2569385249151
2024-06-06 06:00:00,104.22337571342331
2024-06-06 07:00:00,104.25485802435841
2024-06-06 08:00:00,104.33681232715043
2024-06-06 09:00:00,104.26635416211953
2024-06-06 10:00:00,104.21831247008143
2024-06-06 11:00:00,104.28680634165217
2024-06-06 12:00:00,104.2263091927171
2024-06-06 13:00:00,104.21306644486675
2024-06-06 14:00:00,104.12080065738283
2024-06-06 15:00:00,104.10421174864553
2024-06-06 16:00:00,104.11871032013902
2024-06-06 17:00:00,104.11541525335487
2024-06-06 18:00:00,104.11541500836866
2024-06-06 19:00:00,104.09986326220587
2024-06-06 20:00:00,104.10764073153835
2024-06-06 21:00:00,104.13321388491056
2024-06-06 22:00:00,104.09028688304694
2024-06-06 23:00:00,104.09558633700937
2024-06-07 00:00:00,104.10371253722309
2024-06-07 01:00:00,104.07760837161169
2024-06-07 02:00:00,104.10886054938202
2024-06-07 03:00:00,104.06450540205729
2024-06-07 04:00:00,104.06246554987993
2024-06-07 05:00:00,104.09765441078457
2024-06-07 06:00:00,104.08861626361406
2024-06-07 07:00:00,104.13077390280219
2024-06-07 08:00:00,104.04963336944071
2024-06-07 09:00:00,104.68338328050615
2024-06-07 10:00:00,104.81720100598515
2024-06-07 11:00:00,104.85944428132792
2024-06-07 12:00:00,104.87320173771822
2024-06-07 13:00:00,104.88981491555555
2024-06-07 14:00:00,104.88477770549775
2024-06-07 15:00:00,104.88404327511033
2024-06-07 16:00:00,104.93774069512892
2024-06-07 17:00:00,104.93358443572929
2024-06-09 18:00:00,105.09156547447375
2024-06-09 19:00:00,105.08479908290029
2024-06-09 20:00:00,105.06398345938472
2024-06-09 21:00:00,105.08044698871385
2024-06-09 22:00:00,105.10294950916803
2024-06-09 23:00:00,105.1601074073514
2024-06-10 00:00:00,105.25755470265342
2024-06-10 01:00:00,105.25262617144925
2024-06-10 02:00:00,105.24935637020504
2024-06-10 03:00:00,105.27921080006938
2024-06-10 04:00:00,105.1760966886702
2024-06-10 05:00:00,105.23958042035446
2024-06-10 06:00:00,105.32242499722693
2024-06-10 07:00:00,105.34553985135338
2024-06-10 08:00:00,105.22266098014693
2024-06-10 09:00:00,105.3104863011505
2024-06-10 10:00:00,105.3140830925707
2024-06-10 11:00:00,105.3349155244625
2024-06-10 12:00:00,105.20664700905935
2024-06-10 13:00:00,105.19739889447014
2024-06-10 14:00:00,105.15376563599247
2024-06-10 15:00:00,105.1508473348526
2024-06-10 16:00:00,105.13867470258907
2024-06-10 17:00:00,105.11339535343458
2024-06-10 18:00:00,105.11798458214584
2024-06-10 19:00:00,105.12535490099405
2024-06-10 20:00:00,105.14154894540265
2024-06-10 21:00:00,105.15846079483727
2024-06-10 22:00:00,105.13741167534955
2024-06-10 23:00:00,105.13993342305073
2024-06-11 00:00:00,105.1247210723878
2024-06-11 01:00:00,105.1286699475437
2024-06-11 02:00:00,105.14478069712379
2024-06-11 03:00:00,105.13731337061591
2024-06-11 04:00:00,105.1739986756335
2024-06-11 05:00:00,105.27485207361332
2024-06-11 06:00:00,105.24485137087463
2024-06-11 07:00:00,105.27499709435106
2024-06-11 08:00:00,105.35112756131745
2024-06-11 09:00:00,105.29712608646163
2024-06-11 10:00:00,105.41536014497562
2024-06-11 11:00:00,105.44653903079423
2024-06-11 12:00:00,105.37248438303126
2024-06-11 13:00:00,105.33450490731973
2024-06-11 14:00:00,105.26753392097747
2024-06-11 15:00:00,105.22838926826469
2024-06-11 16:00:00,105.2652994664121
2024-06-11 17:00:00,105.26621270267363
2024-06-11 18:00:00,105.2560725639031
2024-06-11 19:00:00,105.27010513694141
2024-06-11 20:00:00,105.270438151657
2024-06-11 21:00:00,105.3130109045131
2024-06-11 22:00:00,105.26802992600673
2024-06-11 23:00:00,105.25709724233504
2024-06-12 00:00:00,105.26750605636992
2024-06-12 01:00:00,105.3011513246496
2024-06-12 02:00:00,105.22755356139103
2024-06-12 03:00:00,105.27546498294883
2024-06-12 04:00:00,105.23360321576719
2024-06-12 05:00:00,105.21692373615484
2024-06-12 06:00:00,105.18264355181151
2024-06-12 07:00:00,105.1295839024215
2024-06-12 08:00:00,105.09489976787458
2024-06-12 09:00:00,104.43911112231275
2024-06-12 10:00:00,104.35789634716593
2024-06-12 11:00:00,104.29351780527102
2024-06-12 12:00:00,104.34317424049007
2024-06-12 13:00:00,104.316611014116
2024-06-12 14:00:00,104.36488823180791
2024-06-12 15:00:00,104.65351231083322
2024-06-12 16:00:00,104.74108182299238
2024-06-12 17:00:00,104.70879685431888
2024-06-12 18:00:00,104.66635751104805
2024-06-12 19:00:00,104.71119844323785
2024-06-12 20:00:00,104.69731036007698
2024-06-12 21:00:00,104.70329011180179
2024-06-12 22:00:00,104.77943894184847
2024-06-12 23:00:00,104.771898702912
2024-06-13 00:00:00,104.78345191159774
2024-06-13 01:00:00,104.81281907678905
2024-06-13 02:00:00,104.81358885241134
2024-06-13 03:00:00,104.84060700963643
2024-06-13 04:00:00,104.74985693178512
2024-06-13 05:00:00,104.78289308716727
2024-06-13 06:00:00,104.82106557996777
2024-06-13 07:00:00,104.88976974620701
2024-06-13 08:00:00,104.96875944559457
2024-06-13 09:00:00,104.85746265716705
2024-06-13 10:00:00,104.9382273249917
2024-06-13 11:00:00,105.02485991425995
2024-06-13 12:00:00,105.1024865861448
2024-06-13 13:00:00,105.25535574696092
2024-06-13 14:00:00,105.19650517817809
2024-06-13 15:00:00,105.19873424734996
2024-06-13 16:00:00,105.20269336214872
2024-06-13 17:00:00,105.21393751835569
2024-06-13 18:00:00,105.20790237925776
2024-06-13 19:00:00,105.22852998426663
2024-06-13 20:00:00,105.24736342960279
2024-06-13 21:00:00,105.2685995155639
2024-06-13 22:00:00,105.22258481059559
2024-06-13 23:00:00,105.21384241126799
2024-06-14 00:00:00,105.2892394058638
2024-06-14 01:00:00,105.33172018121253
2024-06-14 02:00:00,105.39284434495406
2024-06-14 03:00:00,105.42143510507165
2024-06-14 04:00:00,105.51516558372812
2024-06-14 05:00:00,105.59087209984824
2024-06-14 06:00:00,105.60852473311452
2024-06-14 07:00:00,105.53387218765255
2024-06-14 08:00:00,105.55997258372946
2024-06-14 09:00:00,105.63090796827434
2024-06-14 10:00:00,105.7910648627201
2024-06-14 11:00:00,105.66409265055003
2024-06-14 12:00:00,105.55237024417582
2024-06-14 13:00:00,105.53740365690449
2024-06-14 14:00:00,105.55793322940539
2024-06-14 15:00:00,105.54634647443578
2024-06-14 16:00:00,105.49349090729204
2024-06-14 17:00:00,105.5170855378356
2024-06-16 18:00:00,105.51424402501817
2024-06-16 19:00:00,105.5184658111433
2024-06-16 20:00:00,105.55080241361617
2024-06-16 21:00:00,105.5297163930388
2024-06-16 22:00:00,105.55235250487375
2024-06-16 23:00:00,105.53323964406155
2024-06-17 00:00:00,105.53025565746593
2024-06-17 01:00:00,105.52743890048589
2024-06-17 02:00:00,105.57652177741423
2024-06-17 03:00:00,105.58572779283925
2024-06-17 04:00:00,105.59359285674755
2024-06-17 05:00:00,105.55743593900719
2024-06-17 06:00:00,105.54549090008958
2024-06-17 07:00:00,105.54633848278621
2024-06-17 08:00:00,105.58433193291916
2024-06-17 09:00:00,105.56254278308519
2024-06-17 10:00:00,105.53199114498767
2024-06-17 11:00:00,105.53441782473749
2024-06-17 12:00:00,105.46923174065962
2024-06-17 13:00:00,105.42501929418214
2024-06-17 14:00:00,105.40049495226783
2024-06-17 15:00:00,105.31954198466913
2024-06-17 16:00:00,105.34713640575782
2024-06-17 17:00:00,105.3302015409584
2024-06-17 18:00:00,105.34997913338812
2024-06-17 19:00:00,105.30215128073529
2024-06-17 20:00:00,105.27539372738107
2024-06-17 21:00:00,105.3037559031635
2024-06-17 22:00:00,105.36934777148704
2024-06-17 23:00:00,105.40176654966062
2024-06-18 00:00:00,105.40040632380786
2024-06-18 01:00:00,105.4323164153145
2024-06-18 02:00:00,105.42846606584949
2024-06-18 03:00:00,105.36743785124365
2024-06-18 04:00:00,105.47142975661842
2024-06-18 05:00:00,105.50625543782986
2024-06-18 06:00:00,105.47834441331098
2024-06-18 07:00:00,105.49115322300449
2024-06-18 08:00:00,105.52143038146158
2024-06-18 09:00:00,105.35366190117185
2024-06-18 10:00:00,105.20097605796562
2024-06-18 11:00:00,105.31877244324338
2024-06-18 12:00:00,105.28920110270137
2024-06-18 13:00:00,105.26509387868927
2024-06-18 14:00:00,105.30335521598639
2024-06-18 15:00:00,105.25694799857612
2024-06-18 16:00:00,105.2704449721905
2024-06-18 17:00:00,105.26677252343273
2024-06-18 18:00:00,105.25843262357459
2024-06-18 19:00:00,105.25735891530174
2024-06-18 20:00:00,105.27507488940907
2024-06-18 21:00:00,105.2904653991732
2024-06-18 22:00:00,105.24821452048842
2024-06-18 23:00:00,105.26309934650904
2024-06-19 00:00:00,105.277350015116
2024-06-19 01:00:00,105.29451619941342
2024-06-19 02:00:00,105.27560173999544
2024-06-19 03:00:00,105.28450732091156
2024-06-19 04:00:00,105.24574181558201
2024-06-19 05:00:00,105.23064861558608
2024-06-19 06:00:00,105.25940055175414
2024-06-19 07:00:00,105.16760307751896
2024-06-19 08:00:00,105.1704482264636
2024-06-19 09:00:00,105.20673254923784
2024-06-19 10:00:00,105.21712013359078
2024-06-19 11:00:00,105.18452248991099
2024-06-19 12:00:00,105.18898065173477
2024-06-19 13:00:00,105.21709884242479
2024-06-19 14:00:00,105.23926699798639
2024-06-19 15:00:00,105.25282380028906
2024-06-19 16:00:00,105.23453870538593
2024-06-19 17:00:00,105.2447853198283
2024-06-19 18:00:00,105.22820638872582
2024-06-19 19:00:00,105.22549596819582
2024-06-19 20:00:00,105.21690955893169
2024-06-19 21:00:00,105.23972986909486
2024-06-19 22:00:00,105.24214799691146
2024-06-19 23:00:00,105.28557324332145
2024-06-20 00:00:00,105.26611048465318
2024-06-20 01:00:00,105.26998941040375
2024-06-20 02:00:00,105.29926738389723
2024-06-20 03:00:00,105.3364580685002
2024-06-20 04:00:00,105.41541922064158
2024-06-20 05:00:00,105.49406768277483
2024-06-20 06:00:00,105.433835514249
2024-06-20 07:00:00,105.40317437796892
2024-06-20 08:00:00,105.51682993349455
2024-06-20 09:00:00,105.49707358967947
2024-06-20 10:00:00,105.48132335106311
2024-06-20 11:00:00,105.48250255755016
2024-06-20 12:00:00,105.60864812981688
2024-06-20 13:00:00,105.62615178585285
2024-06-20 14:00:00,105.62933665151586
2024-06-20 15:00:00,105.5890137762755
2024-06-20 16:00:00,105.6337959296613
2024-06-20 17:00:00,105.66452502445233
2024-06-20 18:00:00,105.64655284464833
2024-06-20 19:00:00,105.66099291005175
2024-06-20 20:00:00,105.63692423063746
2024-06-20 21:00:00,105.65897607202137
2024-06-20 22:00:00,105.6149470101989
2024-06-20 23:00:00,105.56945517619262
2024-06-21 00:00:00,105.56595758225369
2024-06-21 01:00:00,105.54951906884116
2024-06-21 02:00:00,105.55475562548081
2024-06-21 03:00:00,105.6208557032718
2024-06-21 04:00:00,105.8114862319284
2024-06-21 05:00:00,105.72247877042747
2024-06-21 06:00:00,105.69820180882114
2024-06-21 07:00:00,105.8366487165099
2024-06-21 08:00:00,105.7626497525838
2024-06-21 09:00:00,105.74165487490998
2024-06-21 10:00:00,105.85280453392049
2024-06-21 11:00:00,105.90464298993768
2024-06-21 12:00:00,105.79981244222525
2024-06-21 13:00:00,105.820253089673
2024-06-21 14:00:00,105.81817039805146
2024-06-21 15:00:00,105.7945554747164
2024-06-21 16:00:00,105.81869701188221
2024-06-21 17:00:00,105.83241950751535
2024-06-23 18:00:00,105.83466606043795
2024-06-23 19:00:00,105.82160376975729
2024-06-23 20:00:00,105.88034152787624
2024-06-23 21:00:00,105.83917574140672
2024-06-23 22:00:00,105.8459225183746
2024-06-23 23:00:00,105.85099685018707
2024-06-24 00:00:00,105.83078091298478
2024-06-24 01:00:00,105.81209926047741
2024-06-24 02:00:00,105.77715719541128
2024-06-24 03:00:00,105.73735322941651
2024-06-24 04:00:00,105.68009126579052
2024-06-24 05:00:00,105.67194087968277
2024-06-24 06:00:00,105.59310003470561
2024-06-24 07:00:00,105.54184368696825
2024-06-24 08:00:00,105.50562082399104
2024-06-24 09:00:00,105.50649268596825
2024-06-24 10:00:00,105.41479599117301
2024-06-24 11:00:00,105.5244939128922
2024-06-24 12:00:00,105.54626971748993
2024-06-24 13:00:00,105.54555671221998
2024-06-24 14:00:00,105.56755319213624
2024-06-24 15:00:00,105.47310396210791
2024-06-24 16:00:00,105.48027776823075
2024-06-24 17:00:00,105.49055103468484
2024-06-24 18:00:00,105.4920058336002
2024-06-24 19:00:00,105.5034693840866
2024-06-24 20:00:00,105.51455946803533
2024-06-24 21:00:00,105.46379464414206
2024-06-24 22:00:00,105.46220112087428
2024-06-24 23:00:00,105.43229263983285
2024-06-25 00:00:00,105.42499467221866
2024-06-25 01:00:00,105.41919898450837
2024-06-25 02:00:00,105.40852784827382
2024-06-25 03:00:00,105.47502818316825
2024-06-25 04:00:00,105.50924800581717
2024-06-25 05:00:00,105.45496513652051
2024-06-25 06:00:00,105.52191890703955
2024-06-25 07:00:00,105.53210381064079
2024-06-25 08:00:00,105.63919208936753
2024-06-25 09:00:00,105.67660230395639
2024-06-25 10:00:00,105.69115275775351
2024-06-25 11:00:00,105.72583000737983
2024-06-25 12:00:00,105.69983486962961
2024-06-25 13:00:00,105.70460739986157
2024-06-25 14:00:00,105.63315675742989
2024-06-25 15:00:00,105.6070795098526
2024-06-25 16:00:00,105.60872372869751
2024-06-25 17:00:00,105.62928700494238
2024-06-25 18:00:00,105.62697955444024
2024-06-25 19:00:00,105.6446674715095
2024-06-25 20:00:00,105.67066154925877
2024-06-25 21:00:00,105.65913827162072
2024-06-25 22:00:00,105.62469126691326
2024-06-25 23:00:00,105.66886459240312
2024-06-26 00:00:00,105.66390798004328
2024-06-26 01:00:00,105.66239757688976
2024-06-26 02:00:00,105.70999071606686
2024-06-26 03:00:00,105.78070610527311
2024-06-26 04:00:00,105.79446892129494
2024-06-26 05:00:00,105.81478747132542
2024-06-26 06:00:00,105.85323866434746
2024-06-26 07:00:00,105.93589389294664
2024-06-26 08:00:00,105.88004056746719
2024-06-26 09:00:00,106.00551291241709
2024-06-26 10:00:00,106.04642085499448
2024-06-26 11:00:00,106.03005248612448
2024-06-26 12:00:00,106.03309185885307
2024-06-26 13:00:00,106.02806752429224
2024-06-26 14:00:00,105.99015561997258
2024-06-26 15:00:00,106.0521446192245
2024-06-26 16:00:00,106.04837812246635
2024-06-26 17:00:00,106.06270571065288
2024-06-26 18:00:00,106.05502771881174
2024-06-26 19:00:00,106.05051321785662
2024-06-26 20:00:00,106.04987790984228
2024-06-26 21:00:00,106.07609332244536
2024-06-26 22:00:00,105.97348486017957
2024-06-26 23:00:00,105.96576988502233
2024-06-27 00:00:00,105.95045743212967
2024-06-27 01:00:00,105.90841762114837
2024-06-27 02:00:00,105.9038341516351
2024-06-27 03:00:00,105.92283366345339
2024-06-27 04:00:00,105.97073153518986
2024-06-27 05:00:00,105.9773641253973
2024-06-27 06:00:00,105.8973504753201
2024-06-27 07:00:00,105.85349137936751
2024-06-27 08:00:00,105.95505687817933
2024-06-27 09:00:00,105.75520019452938
2024-06-27 10:00:00,105.75302648078153
2024-06-27 11:00:00,105.82834159209968
2024-06-27 12:00:00,105.88263964238962
2024-06-27 13:00:00,105.88320495370506
2024-06-27 14:00:00,105.8987742955152
2024-06-27 15:00:00,105.9048473015386
2024-06-27 16:00:00,105.93704167738056
2024-06-27 17:00:00,105.93343416980854
2024-06-27 18:00:00,105.91141829869866
2024-06-27 19:00:00,105.9283445515854
2024-06-27 20:00:00,105.896376949609
2024-06-27 21:00:00,106.03053363175012
2024-06-27 22:00:00,106.07531296637919
2024-06-27 23:00:00,106.02806067762863
2024-06-28 00:00:00,106.05377579244957
2024-06-28 01:00:00,106.1033431112875
2024-06-28 02:00:00,106.05534563070673
2024-06-28 03:00:00,106.0014092596448
2024-06-28 04:00:00,105.99988870292756
2024-06-28 05:00:00,105.99402206835165
2024-06-28 06:00:00,105.87518273708409
2024-06-28 07:00:00,105.84078792687296
2024-06-28 08:00:00,105.96340818104771
2024-06-28 09:00:00,105.88170820861639
2024-06-28 10:00:00,105.93407311193943
2024-06-28 11:00:00,105.82231089895306
2024-06-28 12:00:00,105.88210077923127
2024-06-28 13:00:00,105.83463380141394
2024-06-28 14:00:00,105.83896535216044
2024-06-28 15:00:00,105.86533482467848
2024-06-28 16:00:00,105.8678911885644
2024-06-28 17:00:00,105.85084535050557
2024-06-30 18:00:00,105.69233637016714
2024-06-30 19:00:00,105.69637241986207
2024-06-30 20:00:00,105.72527013759786
2024-06-30 21:00:00,105.66162083129309
2024-06-30 22:00:00,105.6296409176462
2024-06-30 23:00:00,105.58131440014506
2024-07-01 00:00:00,105.62320193053246
2024-07-01 01:00:00,105.60943763373224
2024-07-01 02:00:00,105.59261407216822
2024-07-01 03:00:00,105.47313770862627
2024-07-01 04:00:00,105.60910718940688
2024-07-01 05:00:00,105.50872886589266
2024-07-01 06:00:00,105.58893411234932
2024-07-01 07:00:00,105.65393352118059
2024-07-01 08:00:00,105.6428027244313
2024-07-01 09:00:00,105.7043201569578
2024-07-01 10:00:00,105.6379664309148
2024-07-01 11:00:00,105.8997434989701
2024-07-01 12:00:00,105.91665515600945
2024-07-01 13:00:00,105.8763519411399
2024-07-01 14:00:00,105.9015942252416
2024-07-01 15:00:00,105.90215764926667
2024-07-01 16:00:00,105.83294917920354
2024-07-01 17:00:00,105.81273046145151
2024-07-01 18:00:00,105.82197852762418
2024-07-01 19:00:00,105.83236263915617
2024-07-01 20:00:00,105.84930545402709
2024-07-01 21:00:00,105.86698753735685
2024-07-01 22:00:00,105.8788996006728
2024-07-01 23:00:00,105.8828337618558
2024-07-02 00:00:00,105.91326973462381
2024-07-02 01:00:00,105.93414491132636
2024-07-02 02:00:00,105.91434544051734
2024-07-02 03:00:00,105.95657077413753
2024-07-02 04:00:00,105.99863638245881
2024-07-02 05:00:00,105.96444000343813
2024-07-02 06:00:00,106.02928397308095
2024-07-02 07:00:00,105.97919789126449
2024-07-02 08:00:00,105.93298172513997
2024-07-02 09:00:00,105.85592324896595
2024-07-02 10:00:00,105.7439074367839
2024-07-02 11:00:00,105.7372881709261
2024-07-02 12:00:00,105.7932443886445
2024-07-02 13:00:00,105.82503480788056
2024-07-02 14:00:00,105.76393092824846
2024-07-02 15:00:00,105.72323099089469
2024-07-02 16:00:00,105.68513903028186
2024-07-02 17:00:00,105.69769470565633
2024-07-02 18:00:00,105.69951600749513
2024-07-02 19:00:00,105.6587163767236
2024-07-02 20:00:00,105.67892697027196
2024-07-02 21:00:00,105.68259297825945
2024-07-02 22:00:00,105.73683291189664
2024-07-02 23:00:00,105.72465602919867
2024-07-03 00:00:00,105.71995894983002
2024-07-03 01:00:00,105.7357801637416
2024-07-03 02:00:00,105.78639905529747
2024-07-03 03:00:00,105.72160775865824
2024-07-03 04:00:00,105.62297635578449
2024-07-03 05:00:00,105.64003062454276
2024-07-03 06:00:00,105.65778932693883
2024-07-03 07:00:00,105.6409343351387
2024-07-03 08:00:00,105.6342909689363
2024-07-03 09:00:00,105.49828364362973
2024-07-03 10:00:00,105.36698163856425
2024-07-03 11:00:00,105.17938574802349
2024-07-03 12:00:00,105.22866345062732
2024-07-03 13:00:00,105.26460913886994
2024-07-03 14:00:00,105.35712583017995
2024-07-03 15:00:00,105.4012978043796
2024-07-03 16:00:00,105.36943379610854
2024-07-03 17:00:00,105.34716620168331
2024-07-03 18:00:00,105.34205040249506
2024-07-03 19:00:00,105.3233848876027
2024-07-03 20:00:00,105.30547555086298
2024-07-03 21:00:00,105.27640373412726
2024-07-03 22:00:00,105.28422965287912
2024-07-03 23:00:00,105.32426739534756
2024-07-04 00:00:00,105.34553397845787
2024-07-04 01:00:00,105.33132950035962
2024-07-04 02:00:00,105.29501939838129
2024-07-04 03:00:00,105.28072301990825
2024-07-04 04:00:00,105.25561980775265
2024-07-04 05:00:00,105.20344980144907
2024-07-04 06:00:00,105.2374125465265
2024-07-04 07:00:00,105.1869973249696
2024-07-04 08:00:00,105.2060738167278
2024-07-04 09:00:00,105.22019215750979
2024-07-04 10:00:00,105.1921245093945
2024-07-04 11:00:00,105.14215989268477
2024-07-04 12:00:00,105.1271690388752
2024-07-04 13:00:00,105.11613741348587
2024-07-04 14:00:00,105.12720366014865
2024-07-04 15:00:00,105.12855469148107
2024-07-04 16:00:00,105.12741874548189
2024-07-04 17:00:00,105.13413787399587
2024-07-04 18:00:00,105.1355250770491
2024-07-04 19:00:00,105.14410620315108
2024-07-04 20:00:00,105.16276162794476
2024-07-04 21:00:00,105.0929105249571
2024-07-04 22:00:00,105.07882241624795
2024-07-04 23:00:00,105.06191658551349
2024-07-05 00:00:00,104.99458625139548
2024-07-05 01:00:00,104.99500563957085
2024-07-05 02:00:00,105.00203441837661
2024-07-05 03:00:00,105.0285802943382
2024-07-05 04:00:00,104.95254991189566
2024-07-05 05:00:00,104.96121314205473
2024-07-05 06:00:00,104.9606387532157
2024-07-05 07:00:00,104.98706451651027
2024-07-05 08:00:00,105.03108420840302
2024-07-05 09:00:00,104.9535961178009
2024-07-05 10:00:00,105.06759870796061
2024-07-05 11:00:00,105.00786596608405
2024-07-05 12:00:00,104.95215173824162
2024-07-05 13:00:00,104.98823222702045
2024-07-05 14:00:00,104.96527091974508
2024-07-05 15:00:00,104.87422421005765
2024-07-05 16:00:00,104.85732539926498
2024-07-05 17:00:00,104.87841574027215
2024-07-07 18:00:00,104.99823178190711
2024-07-07 19:00:00,104.97955788632676
2024-07-07 20:00:00,104.95526170281444
2024-07-07 21:00:00,104.98540863475925
2024-07-07 22:00:00,104.90811987551233
2024-07-07 23:00:00,104.9251642895876
2024-07-08 00:00:00,104.89533554723442
2024-07-08 01:00:00,104.91670182089487
2024-07-08 02:00:00,104.9813803883921
2024-07-08 03:00:00,105.00459998416144
2024-07-08 04:00:00,104.89754044035777
2024-07-08 05:00:00,104.91050300985648
2024-07-08 06:00:00,104.9042956733355
2024-07-08 07:00:00,104.9581177386805
2024-07-08 08:00:00,104.9193042878106
2024-07-08 09:00:00,104.81494831993734
2024-07-08 10:00:00,104.83055111297426
2024-07-08 11:00:00,104.89518874135192
2024-07-08 12:00:00,104.92803933086873
2024-07-08 13:00:00,104.93774656219068
2024-07-08 14:00:00,104.94514873240492
2024-07-08 15:00:00,104.99917537958795
2024-07-08 16:00:00,105.01103969195289
2024-07-08 17:00:00,105.02712009748171
2024-07-08 18:00:00,105.00742816956833
2024-07-08 19:00:00,105.00806236621136
2024-07-08 20:00:00,104.98007318658705
2024-07-08 21:00:00,105.01742017387284
2024-07-08 22:00:00,105.05163319757195
2024-07-08 23:00:00,105.03927571491758
2024-07-09 00:00:00,105.02856685872659
2024-07-09 01:00:00,105.00397429235606
2024-07-09 02:00:00,104.99898644457943
2024-07-09 03:00:00,105.0143767132861
2024-07-09 04:00:00,105.07906788501246
2024-07-09 05:00:00,105.05322325932084
2024-07-09 06:00:00,105.0405011646858
2024-07-09 07:00:00,105.03623092187593
2024-07-09 08:00:00,105.11324573409057
2024-07-09 09:00:00,105.08937715943489
2024-07-09 10:00:00,105.02743991398374
2024-07-09 11:00:00,105.12186522057638
2024-07-09 12:00:00,105.15038283525777
2024-07-09 13:00:00,105.15581677229444
2024-07-09 14:00:00,105.15909596269469
2024-07-09 15:00:00,105.12879693827998
2024-07-09 16:00:00,105.12003423116126
2024-07-09 17:00:00,105.12746676092031
2024-07-09 18:00:00,105.1235256323356
2024-07-09 19:00:00,105.12494179272664
2024-07-09 20:00:00,105.12543795960754
2024-07-09 21:00:00,105.15660806047428
2024-07-09 22:00:00,105.14595004438337
2024-07-09 23:00:00,105.12497152593838
2024-07-10 00:00:00,105.09301736501853
2024-07-10 01:00:00,105.10285159216929
2024-07-10 02:00:00,105.12072763226003
2024-07-10 03:00:00,105.0745930544618
2024-07-10 04:00:00,105.13258496174993
2024-07-10 05:00:00,105.1333749642156
2024-07-10 06:00:00,105.10330596219191
2024-07-10 07:00:00,105.08200922688951
2024-07-10 08:00:00,105.05490254049727
2024-07-10 09:00:00,105.0350365429537
2024-07-10 10:00:00,105.06077284922434
2024-07-10 11:00:00,105.06040272142265
2024-07-10 12:00:00,105.05408184585194
2024-07-10 13:00:00,105.02069663649358
2024-07-10 14:00:00,105.06539094505209
2024-07-10 15:00:00,105.04896193849632
2024-07-10 16:00:00,105.0209671514429
2024-07-10 17:00:00,105.00811574960713
2024-07-10 18:00:00,104.99507983906186
2024-07-10 19:00:00,104.97980655823459
2024-07-10 20:00:00,104.97405352571853
2024-07-10 21:00:00,104.96038390701577
2024-07-10 22:00:00,104.9267037194565
2024-07-10 23:00:00,104.94764234345203
2024-07-11 00:00:00,104.9371530000084
2024-07-11 01:00:00,104.9607413772826
2024-07-11 02:00:00,104.97364405833495
2024-07-11 03:00:00,104.98172199181586
2024-07-11 04:00:00,104.93437110414105
2024-07-11 05:00:00,104.86265472928021
2024-07-11 06:00:00,104.8712169524763
2024-07-11 07:00:00,104.86315387725143
2024-07-11 08:00:00,104.81930346695445
2024-07-11 09:00:00,104.26619696293739
2024-07-11 10:00:00,104.2591205165213
2024-07-11 11:00:00,104.32291061542855
2024-07-11 12:00:00,104.39448689509331
2024-07-11 13:00:00,104.4268431750473
2024-07-11 14:00:00,104.50926289137821
2024-07-11 15:00:00,104.44342638936014
2024-07-11 16:00:00,104.47768190466957
2024-07-11 17:00:00,104.46638848208667
2024-07-11 18:00:00,104.467318277502
2024-07-11 19:00:00,104.50765097246071
2024-07-11 20:00:00,104.35590535534075
2024-07-11 21:00:00,104.47574395105694
2024-07-11 22:00:00,104.53947741673977
2024-07-11 23:00:00,104.52344243699143
2024-07-12 00:00:00,104.48972035796601
2024-07-12 01:00:00,104.46958018731137
2024-07-12 02:00:00,104.46050612083363
2024-07-12 03:00:00,104.51584551292268
2024-07-12 04:00:00,104.44285014072969
2024-07-12 05:00:00,104.34273246666805
2024-07-12 06:00:00,104.36001729247434
2024-07-12 07:00:00,104.3191172760349
2024-07-12 08:00:00,104.32684250620667
2024-07-12 09:00:00,104.29610950661014
2024-07-12 10:00:00,104.20063999256486
2024-07-12 11:00:00,104.05123016685332
2024-07-12 12:00:00,104.12114972558204
2024-07-12 13:00:00,104.09599179037734
2024-07-12 14:00:00,104.0958778792952
2024-07-12 15:00:00,104.09394933678065
2024-07-12 16:00:00,104.08732241504369
2024-07-12 17:00:00,104.0960706202037
2024-07-14 18:00:00,104.22610823110324
2024-07-14 19:00:00,104.27799962551337
2024-07-14 20:00:00,104.29744775384547
2024-07-14 21:00:00,104.26637269839419
2024-07-14 22:00:00,104.24931674175858
2024-07-14 23:00:00,104.23076636981914
2024-07-15 00:00:00,104.20673558098159
2024-07-15 01:00:00,104.2138744274947
2024-07-15 02:00:00,104.20714293069872
2024-07-15 03:00:00,104.2597666024887
2024-07-15 04:00:00,104.194824722502
2024-07-15 05:00:00,104.08155811959902
2024-07-15 06:00:00,104.08554014432801
2024-07-15 07:00:00,104.11077401926397
2024-07-15 08:00:00,104.1599501269873
2024-07-15 09:00:00,104.13858110869045
2024-07-15 10:00:00,104.07491233600187
2024-07-15 11:00:00,104.0746830793558
2024-07-15 12:00:00,104.1096238531207
2024-07-15 13:00:00,104.13308353903513
2024-07-15 14:00:00,104.25009833347178
2024-07-15 15:00:00,104.19116730236614
2024-07-15 16:00:00,104.22099649130679
2024-07-15 17:00:00,104.26745114352477
2024-07-15 18:00:00,104.26184580551688
2024-07-15 19:00:00,104.26912320522032
2024-07-15 20:00:00,104.2456354013614
2024-07-15 21:00:00,104.31387925098066
2024-07-15 22:00:00,104.31674799264401
2024-07-15 23:00:00,104.34816375383092
2024-07-16 00:00:00,104.32979028384132
2024-07-16 01:00:00,104.3369931563042
2024-07-16 02:00:00,104.37269344006893
2024-07-16 03:00:00,104.36330643259484
2024-07-16 04:00:00,104.2769983379945
2024-07-16 05:00:00,104.27789148401214
2024-07-16 06:00:00,104.2749129905807
2024-07-16 07:00:00,104.27666546284928
2024-07-16 08:00:00,104.23841869809267
2024-07-16 09:00:00,104.45204792224484
2024-07-16 10:00:00,104.40085228574553
2024-07-16 11:00:00,104.4369577233185
2024-07-16 12:00:00,104.3848696278433
2024-07-16 13:00:00,104.3531078477863
2024-07-16 14:00:00,104.31699435855991
2024-07-16 15:00:00,104.27069159635442
2024-07-16 16:00:00,104.22251944634678
2024-07-16 17:00:00,104.24516203417207
2024-07-16 18:00:00,104.23530994476191
2024-07-16 19:00:00,104.21457715132381
2024-07-16 20:00:00,104.21551494878905
2024-07-16 21:00:00,104.2690878829746
2024-07-16 22:00:00,104.2307203367918
2024-07-16 23:00:00,104.21059466526326
2024-07-17 00:00:00,104.1958398963378
2024-07-17 01:00:00,104.21156758730505
2024-07-17 02:00:00,104.16946536684111
2024-07-17 03:00:00,104.19537049640864
2024-07-17 04:00:00,104.03142962289294
2024-07-17 05:00:00,103.70812289496101
2024-07-17 06:00:00,103.68730570166802
2024-07-17 07:00:00,103.80785118791
2024-07-17 08:00:00,103.76154496432316
2024-07-17 09:00:00,103.72768596490276
2024-07-17 10:00:00,103.70127921916615
2024-07-17 11:00:00,103.81151913991116
2024-07-17 12:00:00,103.8143081459216
2024-07-17 13:00:00,103.81587820075897
2024-07-17 14:00:00,103.82510451489283
2024-07-17 15:00:00,103.74867489280066
2024-07-17 16:00:00,103.75656128150268
2024-07-17 17:00:00,103.73697758739395
2024-07-17 18:00:00,103.73774605287485
2024-07-17 19:00:00,103.72427888974818
2024-07-17 20:00:00,103.67573570735411
2024-07-17 21:00:00,103.71175650261318
2024-07-17 22:00:00,103.77651122490938
2024-07-17 23:00:00,103.77872816649263
2024-07-18 00:00:00,103.80547792374564
2024-07-18 01:00:00,103.79154560815948
2024-07-18 02:00:00,103.73280557407563
2024-07-18 03:00:00,103.78626996164834
2024-07-18 04:00:00,103.79915975587882
2024-07-18 05:00:00,103.82977201041709
2024-07-18 06:00:00,103.8275291096214
2024-07-18 07:00:00,103.80086565309279
2024-07-18 08:00:00,103.85581963299899
2024-07-18 09:00:00,103.84337522717257
2024-07-18 10:00:00,103.961782187599
2024-07-18 11:00:00,103.96021688877677
2024-07-18 12:00:00,104.01735838148974
2024-07-18 13:00:00,104.01099784018842
2024-07-18 14:00:00,104.08558945466515
2024-07-18 15:00:00,104.17197584582121
2024-07-18 16:00:00,104.19628181082649
2024-07-18 17:00:00,104.2041903040768
2024-07-18 18:00:00,104.18276170121275
2024-07-18 19:00:00,104.1784968152942
2024-07-18 20:00:00,104.14632917882987
2024-07-18 21:00:00,104.2091912551174
2024-07-18 22:00:00,104.2730911753018
2024-07-18 23:00:00,104.22804847341472
2024-07-19 00:00:00,104.25479012166332
2024-07-19 01:00:00,104.27910736501133
2024-07-19 02:00:00,104.29146634930268
2024-07-19 03:00:00,104.27375921167611
2024-07-19 04:00:00,104.2756316351043
2024-07-19 05:00:00,104.34534978237625
2024-07-19 06:00:00,104.36450052385655
2024-07-19 07:00:00,104.33495855671349
2024-07-19 08:00:00,104.27063058848542
2024-07-19 09:00:00,104.33470693946889
2024-07-19 10:00:00,104.36629190388338
2024-07-19 11:00:00,104.29992214087694
2024-07-19 12:00:00,104.31340886579599
2024-07-19 13:00:00,104.3469193070382
2024-07-19 14:00:00,104.34522872989757
2024-07-19 15:00:00,104.3958327086468
2024-07-19 16:00:00,104.38929500424018
2024-07-19 17:00:00,104.35527376938217
2024-07-21 18:00:00,104.33210365703376
2024-07-21 19:00:00,104.1978581708534
2024-07-21 20:00:00,104.22055407857837
2024-07-21 21:00:00,104.25996733427873
2024-07-21 22:00:00,104.34024429510917
2024-07-21 23:00:00,104.2997356460451
2024-07-22 00:00:00,104.29979057381394
2024-07-22 01:00:00,104.32775311305701
2024-07-22 02:00:00,104.32010971159895
2024-07-22 03:00:00,104.27912154299317
2024-07-22 04:00:00,104.26689631592936
2024-07-22 05:00:00,104.25751594281395
2024-07-22 06:00:00,104.22188932333451
2024-07-22 07:00:00,104.24468876649308
2024-07-22 08:00:00,104.28923347124739
2024-07-22 09:00:00,104.34988652753816
2024-07-22 10:00:00,104.36042988641013
2024-07-22 11:00:00,104.3428735826692
2024-07-22 12:00:00,104.3952413557871
2024-07-22 13:00:00,104.33882860633626
2024-07-22 14:00:00,104.31821405898947
2024-07-22 15:00:00,104.3146172113407
2024-07-22 16:00:00,104.32380344134762
2024-07-22 17:00:00,104.30194981020618
2024-07-22 18:00:00,104.29320932625299
2024-07-22 19:00:00,104.30230546230516
2024-07-22 20:00:00,104.30455885285001
2024-07-22 21:00:00,104.28331585527654
2024-07-22 22:00:00,104.28774043757072
2024-07-22 23:00:00,104.26357566967883
2024-07-23 00:00:00,104.21418935587981
2024-07-23 01:00:00,104.24034360832698
2024-07-23 02:00:00,104.25031399249067
2024-07-23 03:00:00,104.3223425756056
2024-07-23 04:00:00,104.32579468996475
2024-07-23 05:00:00,104.30270341754715
2024-07-23 06:00:00,104.37156352835402
2024-07-23 07:00:00,104.4165416174791
2024-07-23 08:00:00,104.44762626865386
2024-07-23 09:00:00,104.45466441109677
2024-07-23 10:00:00,104.49754961680425
2024-07-23 11:00:00,104.52469880200097
2024-07-23 12:00:00,104.45813328021055
2024-07-23 13:00:00,104.44746908047206
2024-07-23 14:00:00,104.44213801377943
2024-07-23 15:00:00,104.4482632433758
2024-07-23 16:00:00,104.46438463473838
2024-07-23 17:00:00,104.4519738360714
2024-07-23 18:00:00,104.43139009495026
2024-07-23 19:00:00,104.46684905141952
2024-07-23 20:00:00,104.49065499570172
2024-07-23 21:00:00,104.51728596816783
2024-07-23 22:00:00,104.4559910005546
2024-07-23 23:00:00,104.49923766086813
2024-07-24 00:00:00,104.47394246975898
2024-07-24 01:00:00,104.42777104398085
2024-07-24 02:00:00,104.38030208437195
2024-07-24 03:00:00,104.44158432350942
2024-07-24 04:00:00,104.52589652783021
2024-07-24 05:00:00,104.50603464620899
2024-07-24 06:00:00,104.43503285419052
2024-07-24 07:00:00,104.40261258038888
2024-07-24 08:00:00,104.32538680139058
2024-07-24 09:00:00,104.19777610445975
2024-07-24 10:00:00,104.20714474316077
2024-07-24 11:00:00,104.1890363891678
2024-07-24 12:00:00,104.19491694596046
2024-07-24 13:00:00,104.21866615746495
2024-07-24 14:00:00,104.29669096356947
2024-07-24 15:00:00,104.39288894126597
2024-07-24 16:00:00,104.38337892039938
2024-07-24 17:00:00,104.36204717289378
2024-07-24 18:00:00,104.3387677033671
2024-07-24 19:00:00,104.33804218354794
2024-07-24 20:00:00,104.38186115075435
2024-07-24 21:00:00,104.31401307170245
2024-07-24 22:00:00,104.29794788189399
2024-07-24 23:00:00,104.2671753449391
2024-07-25 00:00:00,104.20414624945316
2024-07-25 01:00:00,104.25940817725704
2024-07-25 02:00:00,104.23698668854838
2024-07-25 03:00:00,104.33431591683545
2024-07-25 04:00:00,104.16756352802764
2024-07-25 05:00:00,104.25644770520302
2024-07-25 06:00:00,104.18286197788976
2024-07-25 07:00:00,104.18312130005411
2024-07-25 08:00:00,104.27475560447672
2024-07-25 09:00:00,104.31807784005052
2024-07-25 10:00:00,104.36607252831936
2024-07-25 11:00:00,104.276881249746
2024-07-25 12:00:00,104.2703399177785
2024-07-25 13:00:00,104.25416478880109
2024-07-25 14:00:00,104.31775282125356
2024-07-25 15:00:00,104.35622214720476
2024-07-25 16:00:00,104.39477683020426
2024-07-25 17:00:00,104.40102300539773
2024-07-25 18:00:00,104.39551537700602
2024-07-25 19:00:00,104.38458104232889
2024-07-25 20:00:00,104.33526823593189
2024-07-25 21:00:00,104.34027174337044
2024-07-25 22:00:00,104.27012552694666
2024-07-25 23:00:00,104.32842797459162
2024-07-26 00:00:00,104.28861671563452
2024-07-26 01:00:00,104.28103440782661
2024-07-26 02:00:00,104.28485225414867
2024-07-26 03:00:00,104.31635337074631
2024-07-26 04:00:00,104.35604327029151
2024-07-26 05:00:00,104.37197902634837
2024-07-26 06:00:00,104.35496954241728
2024-07-26 07:00:00,104.36733919338516
2024-07-26 08:00:00,104.34669804716647
2024-07-26 09:00:00,104.31975632578661
2024-07-26 10:00:00,104.24147398215717
2024-07-26 11:00:00,104.30897443668339
2024-07-26 12:00:00,104.3192712269385
2024-07-26 13:00:00,104.2508309494613
2024-07-26 14:00:00,104.2864625282809
2024-07-26 15:00:00,104.31622386992602
2024-07-26 16:00:00,104.3045351095767
2024-07-26 17:00:00,104.33156407844733
2024-07-28 18:00:00,104.30339400172444
2024-07-28 19:00:00,104.34592025730954
2024-07-28 20:00:00,104.3775122607657
2024-07-28 21:00:00,104.23645650693969
2024-07-28 22:00:00,104.20433917146858
2024-07-28 23:00:00,104.21045868040488
2024-07-29 00:00:00,104.2331626511843
2024-07-29 01:00:00,104.25555110932
2024-07-29 02:00:00,104.25912962673922
2024-07-29 03:00:00,104.26417773191238
2024-07-29 04:00:00,104.41447544060529
2024-07-29 05:00:00,104.52007977554858
2024-07-29 06:00:00,104.45142544702408
2024-07-29 07:00:00,104.44678891756158
2024-07-29 08:00:00,104.60156610750845
2024-07-29 09:00:00,104.6055475042514
2024-07-29 10:00:00,104.66070227779528
2024-07-29 11:00:00,104.62490844959736
2024-07-29 12:00:00,104.5934421317014
2024-07-29 13:00:00,104.5741413558615
2024-07-29 14:00:00,104.54747101334534
2024-07-29 15:00:00,104.5645119247223
2024-07-29 16:00:00,104.5561142909677
2024-07-29 17:00:00,104.5681211712021
2024-07-29 18:00:00,104.5641255053972
2024-07-29 19:00:00,104.56312251544395
2024-07-29 20:00:00,104.57585667508742
2024-07-29 21:00:00,104.60462958012222
2024-07-29 22:00:00,104.62004146906293
2024-07-29 23:00:00,104.6096383110534
2024-07-30 00:00:00,104.57784814840761
2024-07-30 01:00:00,104.59308071893527
2024-07-30 02:00:00,104.64659323394525
2024-07-30 03:00:00,104.66535474328019
2024-07-30 04:00:00,104.67603848399847
2024-07-30 05:00:00,104.58665798791185
2024-07-30 06:00:00,104.56781770716232
2024-07-30 07:00:00,104.55442361899779
2024-07-30 08:00:00,104.63949364343331
2024-07-30 09:00:00,104.79837623492975
2024-07-30 10:00:00,104.6594605486313
2024-07-30 11:00:00,104.72978536629846
2024-07-30 12:00:00,104.62529974649789
2024-07-30 13:00:00,104.530597640147
2024-07-30 14:00:00,104.52974486173395
2024-07-30 15:00:00,104.55422365177851
2024-07-30 16:00:00,104.56198374592299
2024-07-30 17:00:00,104.47819999381947
2024-07-30 18:00:00,104.47464697124968
2024-07-30 19:00:00,104.48926674573289
2024-07-30 20:00:00,104.4547029515644
2024-07-30 21:00:00,104.40355072991169
2024-07-30 22:00:00,104.39386814955974
2024-07-30 23:00:00,104.40457605572001
2024-07-31 00:00:00,104.50057988082749
2024-07-31 01:00:00,104.37272528916246
2024-07-31 02:00:00,104.40844494447127
2024-07-31 03:00:00,104.3355342074027
2024-07-31 04:00:00,104.26042831526985
2024-07-31 05:00:00,104.24627264939197
2024-07-31 06:00:00,104.18016837307685
2024-07-31 07:00:00,104.12001770894148
2024-07-31 08:00:00,104.12033720649963
2024-07-31 09:00:00,104.01770407296831
2024-07-31 10:00:00,103.96491051261786
2024-07-31 11:00:00,104.15542011397774
2024-07-31 12:00:00,104.13635143364434
2024-07-31 13:00:00,104.23888425697784
2024-07-31 14:00:00,104.2221860155786
2024-07-31 15:00:00,104.094633447055
2024-07-31 16:00:00,104.06026045586015
2024-07-31 17:00:00,104.05711876005927
2024-07-31 18:00:00,104.03605306051205
2024-07-31 19:00:00,104.0838007636535
2024-07-31 20:00:00,104.05480817638374
2024-07-31 21:00:00,103.9960569503468
2024-07-31 22:00:00,103.9729323142649
2024-07-31 23:00:00,104.03473494684506
2024-08-01 00:00:00,103.97991712229573
2024-08-01 01:00:00,104.02901957127398
2024-08-01 02:00:00,104.03343792505932
2024-08-01 03:00:00,104.16590189649965
2024-08-01 04:00:00,104.25309517006683
2024-08-01 05:00:00,104.34506655311333
2024-08-01 06:00:00,104.42990944014012
2024-08-01 07:00:00,104.36919659384571
2024-08-01 08:00:00,104.35844347761906
2024-08-01 09:00:00,104.32600579910834
2024-08-01 10:00:00,104.23763068858574
2024-08-01 11:00:00,104.30823310215261
2024-08-01 12:00:00,104.36987185794015
2024-08-01 13:00:00,104.38920700500017
2024-08-01 14:00:00,104.36128715776408
2024-08-01 15:00:00,104.42309551952883
2024-08-01 16:00:00,104.38774803681936
2024-08-01 17:00:00,104.33471493345468
2024-08-01 18:00:00,104.33349363421863
2024-08-01 19:00:00,104.36500511041599
2024-08-01 20:00:00,104.37034382720454
2024-08-01 21:00:00,104.36404820089221
2024-08-01 22:00:00,104.36418350240507
2024-08-01 23:00:00,104.37457157289566
2024-08-02 00:00:00,104.34876809350394
2024-08-02 01:00:00,104.29156867618212
2024-08-02 02:00:00,104.20780516458841
2024-08-02 03:00:00,104.25791825346765
2024-08-02 04:00:00,104.27502384830373
2024-08-02 05:00:00,104.18228161119414
2024-08-02 06:00:00,104.12212245978962
2024-08-02 07:00:00,104.1016126732407
2024-08-02 08:00:00,104.0607991103029
2024-08-02 09:00:00,103.44854250385596
2024-08-02 10:00:00,103.27756118874065
2024-08-02 11:00:00,103.16024498862224
2024-08-02 12:00:00,103.24638290149683
2024-08-02 13:00:00,103.25878132800146
2024-08-02 14:00:00,103.2622994337852
2024-08-02 15:00:00,103.208464815738
2024-08-02 16:00:00,103.20780450918572
2024-08-02 17:00:00,103.21959200348964
2024-08-04 18:00:00,103.15216980970067
2024-08-04 19:00:00,103.23938853921247
2024-08-04 20:00:00,103.1544727254589
2024-08-04 21:00:00,103.10282564471862
2024-08-04 22:00:00,103.03882608466522
2024-08-04 23:00:00,103.01222483439243
2024-08-05 00:00:00,102.87282004425253
2024-08-05 01:00:00,102.73740736768187
2024-08-05 02:00:00,102.90378302084873
2024-08-05 03:00:00,102.95769168602015
2024-08-05 04:00:00,102.70112962526865
2024-08-05 05:00:00,102.6075869717827
2024-08-05 06:00:00,102.6151411704158
2024-08-05 07:00:00,102.60394315987955
2024-08-05 08:00:00,102.47515377989816
2024-08-05 09:00:00,102.30428405974074
2024-08-05 10:00:00,102.40438906822268
2024-08-05 11:00:00,102.4374912845077
2024-08-05 12:00:00,102.70150950509557
2024-08-05 13:00:00,102.71603783402296
2024-08-05 14:00:00,102.73175081484007
2024-08-05 15:00:00,102.69046583934218
2024-08-05 16:00:00,102.64687877090591
2024-08-05 17:00:00,102.7457653605913
2024-08-05 18:00:00,102.71392021938908
2024-08-05 19:00:00,102.75753963491968
2024-08-05 20:00:00,102.87521690265967
2024-08-05 21:00:00,102.70373497919114
2024-08-05 22:00:00,102.76035266807284
2024-08-05 23:00:00,102.83142889930876
2024-08-06 00:00:00,102.83267174940741
2024-08-06 01:00:00,102.87315890143496
2024-08-06 02:00:00,102.93977274513989
2024-08-06 03:00:00,102.96537937244355
2024-08-06 04:00:00,103.01909148699919
2024-08-06 05:00:00,102.9899333753962
2024-08-06 06:00:00,103.09880381905793
2024-08-06 07:00:00,103.15135349217643
2024-08-06 08:00:00,103.135254041267
2024-08-06 09:00:00,103.15370904410388
2024-08-06 10:00:00,103.01167163182227
2024-08-06 11:00:00,102.90721145481088
2024-08-06 12:00:00,103.01651444666909
2024-08-06 13:00:00,103.00627793774916
2024-08-06 14:00:00,103.01706864158761
2024-08-06 15:00:00,102.96593158018781
2024-08-06 16:00:00,102.9451075833587
2024-08-06 17:00:00,102.8902967753517
2024-08-06 18:00:00,102.93975298429538
2024-08-06 19:00:00,102.93312815023202
2024-08-06 20:00:00,102.98543316215935
2024-08-06 21:00:00,102.93549795017692
2024-08-06 22:00:00,103.20705093241867
2024-08-06 23:00:00,103.21905408095046
2024-08-07 00:00:00,103.24470189191126
2024-08-07 01:00:00,103.33129878327556
2024-08-07 02:00:00,103.27036915017764
2024-08-07 03:00:00,103.18592615052766
2024-08-07 04:00:00,103.14516475396142
2024-08-07 05:00:00,103.20058681368272
2024-08-07 06:00:00,103.2804225682908
2024-08-07 07:00:00,103.20394797143655
2024-08-07 08:00:00,103.16591275527784
2024-08-07 09:00:00,103.15747169663037
2024-08-07 10:00:00,103.22113445526168
2024-08-07 11:00:00,103.1333972344943
2024-08-07 12:00:00,103.19850841127747
2024-08-07 13:00:00,103.19569936225025
2024-08-07 14:00:00,103.19515217685517
2024-08-07 15:00:00,103.19581209801663
2024-08-07 16:00:00,103.1901274105493
2024-08-07 17:00:00,103.18973688643214
2024-08-07 18:00:00,103.18005075966833
2024-08-07 19:00:00,103.13337400982005
2024-08-07 20:00:00,103.10825816742162
2024-08-07 21:00:00,103.0694360588182
2024-08-07 22:00:00,103.10314361226264
2024-08-07 23:00:00,103.07158163989678
2024-08-08 00:00:00,103.03095424457793
2024-08-08 01:00:00,103.03420000540521
2024-08-08 02:00:00,102.99483242235185
2024-08-08 03:00:00,102.95266465950877
2024-08-08 04:00:00,102.9624792557274
2024-08-08 05:00:00,103.00915398165708
2024-08-08 06:00:00,103.0985531331969
2024-08-08 07:00:00,103.10073552061692
2024-08-08 08:00:00,103.06657771207801
2024-08-08 09:00:00,103.39564895970896
2024-08-08 10:00:00,103.41122134128433
2024-08-08 11:00:00,103.33214119177651
2024-08-08 12:00:00,103.24819111512726
2024-08-08 13:00:00,103.28813815716997
2024-08-08 14:00:00,103.2713962427225
2024-08-08 15:00:00,103.21020452638872
2024-08-08 16:00:00,103.22079364856367
2024-08-08 17:00:00,103.22379691068642
2024-08-08 18:00:00,103.21538583768813
2024-08-08 19:00:00,103.22806140127746
2024-08-08 20:00:00,103.28581051955776
2024-08-08 21:00:00,103.2871155977352
2024-08-08 22:00:00,103.20282904956012
2024-08-08 23:00:00,103.21239755179778
2024-08-09 00:00:00,103.17029286183055
2024-08-09 01:00:00,103.16968814451087
2024-08-09 02:00:00,103.17804378674964
2024-08-09 03:00:00,103.12290482494593
2024-08-09 04:00:00,103.17671652790673
2024-08-09 05:00:00,103.19705123402878
2024-08-09 06:00:00,103.19756593938145
2024-08-09 07:00:00,103.22221344859872
2024-08-09 08:00:00,103.22197421347698
2024-08-09 09:00:00,103.22117725864204
2024-08-09 10:00:00,103.13341997436609
2024-08-09 11:00:00,103.0929832321812
2024-08-09 12:00:00,103.08176663890771
2024-08-09 13:00:00,103.13525352875115
2024-08-09 14:00:00,103.13288367637685
2024-08-09 15:00:00,103.13612335381434
2024-08-09 16:00:00,103.1377816275637
2024-08-09 17:00:00,103.15775786915258
2024-08-11 18:00:00,103.15176720070751
2024-08-11 19:00:00,103.2207914384938
2024-08-11 20:00:00,103.23019750919458
2024-08-11 21:00:00,103.16936708862376
2024-08-11 22:00:00,103.16267405436186
2024-08-11 23:00:00,103.17163542259235
2024-08-12 00:00:00,103.22856057445559
2024-08-12 01:00:00,103.18708786960876
2024-08-12 02:00:00,103.19519472791775
2024-08-12 03:00:00,103.18220420355973
2024-08-12 04:00:00,103.16727287291934
2024-08-12 05:00:00,103.21050824622307
2024-08-12 06:00:00,103.17053898329516
2024-08-12 07:00:00,103.18511743413139
2024-08-12 08:00:00,103.19272226233394
2024-08-12 09:00:00,103.25779901333223
2024-08-12 10:00:00,103.23094989025188
2024-08-12 11:00:00,103.1825682559605
2024-08-12 12:00:00,103.18347918874356
2024-08-12 13:00:00,103.21196227707019
2024-08-12 14:00:00,103.11766394669222
2024-08-12 15:00:00,103.13979367431543
2024-08-12 16:00:00,103.12743718229692
2024-08-12 17:00:00,103.13084494075464
2024-08-12 18:00:00,103.12687208848024
2024-08-12 19:00:00,103.11806341195289
2024-08-12 20:00:00,103.08150682108948
2024-08-12 21:00:00,103.15407965473612
2024-08-12 22:00:00,103.12180963078103
2024-08-12 23:00:00,103.12306559675336
2024-08-13 00:00:00,103.119855664496
2024-08-13 01:00:00,103.12679689544716
2024-08-13 02:00:00,103.11071685415143
2024-08-13 03:00:00,103.14778660020222
2024-08-13 04:00:00,103.15107568329869
2024-08-13 05:00:00,103.21022724801966
2024-08-13 06:00:00,103.24288298506312
2024-08-13 07:00:00,103.20222523462003
2024-08-13 08:00:00,103.13108459197046
2024-08-13 09:00:00,103.05379538493156
2024-08-13 10:00:00,102.90801470397858
2024-08-13 11:00:00,102.90129769950609
2024-08-13 12:00:00,102.90924793924025
2024-08-13 13:00:00,102.7547635411754
2024-08-13 14:00:00,102.73822257898284
2024-08-13 15:00:00,102.56145993831782
2024-08-13 16:00:00,102.59850507519512
2024-08-13 17:00:00,102.61441411571182
2024-08-13 18:00:00,102.62251765648047
2024-08-13 19:00:00,102.5975553732033
2024-08-13 20:00:00,102.61481641780067
2024-08-13 21:00:00,102.65527461087974
2024-08-13 22:00:00,102.63470894574266
2024-08-13 23:00:00,102.60607020395199
2024-08-14 00:00:00,102.6517773910437
2024-08-14 01:00:00,102.63996574822433
2024-08-14 02:00:00,102.67059806758938
2024-08-14 03:00:00,102.6421783215656
2024-08-14 04:00:00,102.61795355140289
2024-08-14 05:00:00,102.49929977291609
2024-08-14 06:00:00,102.4400192467173
2024-08-14 07:00:00,102.44816886943799
2024-08-14 08:00:00,102.45577636232723
2024-08-14 09:00:00,102.54393675935415
2024-08-14 10:00:00,102.38122645428858
2024-08-14 11:00:00,102.35817524744952
2024-08-14 12:00:00,102.45462953682362
2024-08-14 13:00:00,102.51598656285319
2024-08-14 14:00:00,102.58299556919772
2024-08-14 15:00:00,102.56808241332098
2024-08-14 16:00:00,102.60191767234117
2024-08-14 17:00:00,102.60062046949396
2024-08-14 18:00:00,102.59133049149428
2024-08-14 19:00:00,102.59401478943663
2024-08-14 20:00:00,102.60843641377019
2024-08-14 21:00:00,102.61196326935432
2024-08-14 22:00:00,102.65894193576604
2024-08-14 23:00:00,102.63950231439257
2024-08-15 00:00:00,102.63149480596195
2024-08-15 01:00:00,102.58492032757621
2024-08-15 02:00:00,102.58253591358209
2024-08-15 03:00:00,102.5456816254046
2024-08-15 04:00:00,102.55967907198348
2024-08-15 05:00:00,102.62767756314216
2024-08-15 06:00:00,102.58280317861596
2024-08-15 07:00:00,102.57935486499873
2024-08-15 08:00:00,102.54391018736584
2024-08-15 09:00:00,103.12982841523358
2024-08-15 10:00:00,103.040918229209
2024-08-15 11:00:00,102.92858803237121
2024-08-15 12:00:00,102.89895296655818
2024-08-15 13:00:00,102.98041174379767
2024-08-15 14:00:00,103.01650392804424
2024-08-15 15:00:00,102.97658425938609
2024-08-15 16:00:00,103.01906612066576
2024-08-15 17:00:00,103.05833351459347
2024-08-15 18:00:00,103.04957452340516
2024-08-15 19:00:00,103.05711512254577
2024-08-15 20:00:00,103.04444967123989
2024-08-15 21:00:00,103.00836126965764
2024-08-15 22:00:00,102.93960942475097
2024-08-15 23:00:00,102.93068343964511
2024-08-16 00:00:00,102.967400030413
2024-08-16 01:00:00,102.92328993378995
2024-08-16 02:00:00,102.90114218830495
2024-08-16 03:00:00,102.9403427433085
2024-08-16 04:00:00,102.90583657536641
2024-08-16 05:00:00,102.88628246500618
2024-08-16 06:00:00,102.81151945814568
2024-08-16 07:00:00,102.75591436210055
2024-08-16 08:00:00,102.73760063591493
2024-08-16 09:00:00,102.69918993490404
2024-08-16 10:00:00,102.64337122039774
2024-08-16 11:00:00,102.75423293748133
2024-08-16 12:00:00,102.71193335036466
2024-08-16 13:00:00,102.63245697330481
2024-08-16 14:00:00,102.53553901752151
2024-08-16 15:00:00,102.46162794599218
2024-08-16 16:00:00,102.43925501170332
2024-08-16 17:00:00,102.39962398047061
2024-08-18 18:00:00,102.42890137361161
2024-08-18 19:00:00,102.4524873142539
2024-08-18 20:00:00,102.4595085019854
2024-08-18 21:00:00,102.40997030042983
2024-08-18 22:00:00,102.35484864681007
2024-08-18 23:00:00,102.34763122516577
2024-08-19 00:00:00,102.20559513250097
2024-08-19 01:00:00,102.17318814142641
2024-08-19 02:00:00,102.03890040081504
2024-08-19 03:00:00,102.12194311988756
2024-08-19 04:00:00,102.14458665539323
2024-08-19 05:00:00,102.17137456036907
2024-08-19 06:00:00,102.21543842257952
2024-08-19 07:00:00,102.22487452594963
2024-08-19 08:00:00,102.13780791426987
2024-08-19 09:00:00,102.18277569830819
2024-08-19 10:00:00,102.14768257664986
2024-08-19 11:00:00,101.96790211798083
2024-08-19 12:00:00,101.96643675597011
2024-08-19 13:00:00,101.941295137158
2024-08-19 14:00:00,101.90797940564927
2024-08-19 15:00:00,101.88698169537675
2024-08-19 16:00:00,101.87830172124322
2024-08-19 17:00:00,101.86771769873091
2024-08-19 18:00:00,101.87354884463272
2024-08-19 19:00:00,101.86418245174978
2024-08-19 20:00:00,101.86990293878956
2024-08-19 21:00:00,101.85794964173412
2024-08-19 22:00:00,101.83296222287495
2024-08-19 23:00:00,101.96190686693464
2024-08-20 00:00:00,101.97754766233886
2024-08-20 01:00:00,101.95196358838638
2024-08-20 02:00:00,101.98526167741188
2024-08-20 03:00:00,101.91241717952622
2024-08-20 04:00:00,101.80662799482243
2024-08-20 05:00:00,101.8477024021597
2024-08-20 06:00:00,101.84855450119436
2024-08-20 07:00:00,101.80223974651099
2024-08-20 08:00:00,101.80900759619418
2024-08-20 09:00:00,101.6718335559006
2024-08-20 10:00:00,101.64945321151485
2024-08-20 11:00:00,101.53517264848357
2024-08-20 12:00:00,101.58675806521383
2024-08-20 13:00:00,101.49107200185604
2024-08-20 14:00:00,101.4952211172534
2024-08-20 15:00:00,101.44119812860912
2024-08-20 16:00:00,101.41334382258289
2024-08-20 17:00:00,101.36696143732532
2024-08-20 18:00:00,101.36326822192345
2024-08-20 19:00:00,101.36159482130951
2024-08-20 20:00:00,101.38533530444296
2024-08-20 21:00:00,101.39133290498418
2024-08-20 22:00:00,101.43427646940808
2024-08-20 23:00:00,101.42735254617733
2024-08-21 00:00:00,101.44169414360505
2024-08-21 01:00:00,101.46975718934685
2024-08-21 02:00:00,101.4871418359408
2024-08-21 03:00:00,101.51965509924075
2024-08-21 04:00:00,101.57225955889476
2024-08-21 05:00:00,101.53178897647415
2024-08-21 06:00:00,101.53724869262953
2024-08-21 07:00:00,101.48085991678124
2024-08-21 08:00:00,101.53189971925543
2024-08-21 09:00:00,101.42749311522422
2024-08-21 10:00:00,101.4814319423919
2024-08-21 11:00:00,101.39982269291546
2024-08-21 12:00:00,101.22212734989162
2024-08-21 13:00:00,101.1922615950564
2024-08-21 14:00:00,101.11944839694027
2024-08-21 15:00:00,101.03801371832193
2024-08-21 16:00:00,101.14715384481977
2024-08-21 17:00:00,101.1699917675725
2024-08-21 18:00:00,101.17672675017619
2024-08-21 19:00:00,101.09752025905729
2024-08-21 20:00:00,101.12528944717747
2024-08-21 21:00:00,101.19466764758656
2024-08-21 22:00:00,101.25570992705185
2024-08-21 23:00:00,101.23894762099621
2024-08-22 00:00:00,101.20921197400378
2024-08-22 01:00:00,101.20669343612917
2024-08-22 02:00:00,101.22026279302345
2024-08-22 03:00:00,101.18111142934127
2024-08-22 04:00:00,101.23205538216308
2024-08-22 05:00:00,101.2290287099261
2024-08-22 06:00:00,101.2285931559675
2024-08-22 07:00:00,101.22575237245718
2024-08-22 08:00:00,101.30644732824369
2024-08-22 09:00:00,101.27654079431709
2024-08-22 10:00:00,101.44824827586125
2024-08-22 11:00:00,101.47071074767555
2024-08-22 12:00:00,101.46622369992868
2024-08-22 13:00:00,101.52103524998064
2024-08-22 14:00:00,101.57792837865483
2024-08-22 15:00:00,101.50914934448245
2024-08-22 16:00:00,101.53839612243085
2024-08-22 17:00:00,101.5129755870722
2024-08-22 18:00:00,101.51666535201596
2024-08-22 19:00:00,101.48606656022096
2024-08-22 20:00:00,101.46805447919468
2024-08-22 21:00:00,101.43081267097793
2024-08-22 22:00:00,101.31877167074566
2024-08-22 23:00:00,101.34831814288452
2024-08-23 00:00:00,101.35482690026184
2024-08-23 01:00:00,101.34140303331458
2024-08-23 02:00:00,101.34071567118578
2024-08-23 03:00:00,101.28770460122463
2024-08-23 04:00:00,101.39328794176137
2024-08-23 05:00:00,101.37495777400592
2024-08-23 06:00:00,101.4347986508448
2024-08-23 07:00:00,101.41330673169128
2024-08-23 08:00:00,101.41429216459373
2024-08-23 09:00:00,101.44276163743281
2024-08-23 10:00:00,101.45476793826056
2024-08-23 11:00:00,100.89727236735298
2024-08-23 12:00:00,100.84681481389023
2024-08-23 13:00:00,100.85980354202445
2024-08-23 14:00:00,100.68008484989139
2024-08-23 15:00:00,100.71794414018675
2024-08-23 16:00:00,100.6787376683559
2024-08-23 17:00:00,100.68180336996593
2024-08-25 18:00:00,100.65595746100209
2024-08-25 19:00:00,100.65331924649414
2024-08-25 20:00:00,100.66097744955661
2024-08-25 21:00:00,100.60861598070485
2024-08-25 22:00:00,100.63712974803123
2024-08-25 23:00:00,100.6762744905579
2024-08-26 00:00:00,100.70629802916328
2024-08-26 01:00:00,100.7142764976434
2024-08-26 02:00:00,100.7399230466393
2024-08-26 03:00:00,100.69648260129033
2024-08-26 04:00:00,100.70968644483385
2024-08-26 05:00:00,100.70730791043098
2024-08-26 06:00:00,100.77289967625349
2024-08-26 07:00:00,100.77310056032891
2024-08-26 08:00:00,100.83325127222092
2024-08-26 09:00:00,100.81727763870215
2024-08-26 10:00:00,100.87927720617425
2024-08-26 11:00:00,100.72479818496012
2024-08-26 12:00:00,100.86873345173966
2024-08-26 13:00:00,100.79568407972957
2024-08-26 14:00:00,100.81626186325089
2024-08-26 15:00:00,100.85098382632597
2024-08-26 16:00:00,100.89887866954976
2024-08-26 17:00:00,100.88071785311776
2024-08-26 18:00:00,100.88118551988828
2024-08-26 19:00:00,100.85200898403085
2024-08-26 20:00:00,100.85328219855842
2024-08-26 21:00:00,100.91870859083191
2024-08-26 22:00:00,100.837728503383
2024-08-26 23:00:00,100.86934324803592
2024-08-27 00:00:00,100.87133098065867
2024-08-27 01:00:00,100.84154937996995
2024-08-27 02:00:00,100.86330745065516
2024-08-27 03:00:00,100.89268247160547
2024-08-27 04:00:00,100.89072228883282
2024-08-27 05:00:00,100.86092614529231
2024-08-27 06:00:00,100.80550601520704
2024-08-27 07:00:00,100.82590338610163
2024-08-27 08:00:00,100.83443984770194
2024-08-27 09:00:00,100.82903496771948
2024-08-27 10:00:00,100.74702876427801
2024-08-27 11:00:00,100.73135841757784
2024-08-27 12:00:00,100.77319154090502
2024-08-27 13:00:00,100.72698040059568
2024-08-27 14:00:00,100.6115998217357
2024-08-27 15:00:00,100.5528187583011
2024-08-27 16:00:00,100.55729712932953
2024-08-27 17:00:00,100.55594378748
2024-08-27 18:00:00,100.56054260732562
2024-08-27 19:00:00,100.55494643663262
2024-08-27 20:00:00,100.60666430813188
2024-08-27 21:00:00,100.59887968780652
2024-08-27 22:00:00,100.67041266419818
2024-08-27 23:00:00,100.72879815660303
2024-08-28 00:00:00,100.7250872477492
2024-08-28 01:00:00,100.76257343164824
2024-08-28 02:00:00,100.87878555726242
2024-08-28 03:00:00,100.86491059206816
2024-08-28 04:00:00,100.80892088042222
2024-08-28 05:00:00,100.87430734869925
2024-08-28 06:00:00,100.90177694153982
2024-08-28 07:00:00,100.98651448752247
2024-08-28 08:00:00,101.02146632618602
2024-08-28 09:00:00,101.10703942070417
2024-08-28 10:00:00,101.1416751160384
2024-08-28 11:00:00,100.95478270122325
2024-08-28 12:00:00,100.99493855614318
2024-08-28 13:00:00,101.10848845909261
2024-08-28 14:00:00,101.16733459133795
2024-08-28 15:00:00,101.09462951069517
2024-08-28 16:00:00,101.1177905247023
2024-08-28 17:00:00,101.06508096397988
2024-08-28 18:00:00,101.04831137849602
2024-08-28 19:00:00,101.00850611720395
2024-08-28 20:00:00,101.0209699324426
2024-08-28 21:00:00,100.95678276603651
2024-08-28 22:00:00,100.9949019635949
2024-08-28 23:00:00,100.9764200859666
2024-08-29 00:00:00,100.93646193668356
2024-08-29 01:00:00,100.94274728404359
2024-08-29 02:00:00,100.9294004140603
2024-08-29 03:00:00,100.96798651060237
2024-08-29 04:00:00,100.96910236922307
2024-08-29 05:00:00,101.26938684194769
2024-08-29 06:00:00,101.18663830965284
2024-08-29 07:00:00,101.16015118230032
2024-08-29 08:00:00,101.19539131479497
2024-08-29 09:00:00,101.39041999290275
2024-08-29 10:00:00,101.40289745594647
2024-08-29 11:00:00,101.47786554901882
2024-08-29 12:00:00,101.31062978225344
2024-08-29 13:00:00,101.34103230386337
2024-08-29 14:00:00,101.30431908252439
2024-08-29 15:00:00,101.34266925123316
2024-08-29 16:00:00,101.38599990524536
2024-08-29 17:00:00,101.38530001672336
2024-08-29 18:00:00,101.38120186244421
2024-08-29 19:00:00,101.36398853355279
2024-08-29 20:00:00,101.36360218084447
2024-08-29 21:00:00,101.34007337986753
2024-08-29 22:00:00,101.39837463386773
2024-08-29 23:00:00,101.40019240735103
2024-08-30 00:00:00,101.39304793259737
2024-08-30 01:00:00,101.39564687381419
2024-08-30 02:00:00,101.37708683630684
2024-08-30 03:00:00,101.32855887153693
2024-08-30 04:00:00,101.31386484558195
2024-08-30 05:00:00,101.40079720438487
2024-08-30 06:00:00,101.35746449820141
2024-08-30 07:00:00,101.40822012643713
2024-08-30 08:00:00,101.40364431296318
2024-08-30 09:00:00,101.52825968685087
2024-08-30 10:00:00,101.52372835857997
2024-08-30 11:00:00,101.51617069151828
2024-08-30 12:00:00,101.63636621304154
2024-08-30 13:00:00,101.74353332415018
2024-08-30 14:00:00,101.71800719020058
2024-08-30 15:00:00,101.69853486878671
2024-08-30 16:00:00,101.68495675866576
2024-08-30 17:00:00,101.7302553917077
2024-09-01 18:00:00,101.70711573237861
2024-09-01 19:00:00,101.75442898665466
2024-09-01 20:00:00,101.76575766624671
2024-09-01 21:00:00,101.6868994057951
2024-09-01 22:00:00,101.7095383502585
2024-09-01 23:00:00,101.68940718141079
2024-09-02 00:00:00,101.70391081142473
2024-09-02 01:00:00,101.70648723878779
2024-09-02 02:00:00,101.67662492003242
2024-09-02 03:00:00,101.60959625733612
2024-09-02 04:00:00,101.63786908895868
2024-09-02 05:00:00,101.65486768662828
2024-09-02 06:00:00,101.64459117301897
2024-09-02 07:00:00,101.67780490305157
2024-09-02 08:00:00,101.74463821740724
2024-09-02 09:00:00,101.67682698041978
2024-09-02 10:00:00,101.68823724322061
2024-09-02 11:00:00,101.66475199038453
2024-09-02 12:00:00,101.67794937757148
2024-09-02 13:00:00,101.67909872839444
2024-09-02 14:00:00,101.66550555052099
2024-09-02 15:00:00,101.65243847387184
2024-09-02 16:00:00,101.64465555681123
2024-09-02 17:00:00,101.64854787402021
2024-09-02 18:00:00,101.65481130621306
2024-09-02 19:00:00,101.6907972686213
2024-09-02 20:00:00,101.66882931985259
2024-09-02 21:00:00,101.74692624837463
2024-09-02 22:00:00,101.6599242820794
2024-09-02 23:00:00,101.697107519143
2024-09-03 00:00:00,101.73810379073342
2024-09-03 01:00:00,101.77002005405335
2024-09-03 02:00:00,101.71480331448471
2024-09-03 03:00:00,101.67223955237435
2024-09-03 04:00:00,101.69857504742485
2024-09-03 05:00:00,101.72883840467651
2024-09-03 06:00:00,101.8083823518987
2024-09-03 07:00:00,101.8479700418814
2024-09-03 08:00:00,101.8536730849492
2024-09-03 09:00:00,101.73882602440739
2024-09-03 10:00:00,101.61545892437411
2024-09-03 11:00:00,101.78801744276782
2024-09-03 12:00:00,101.79602512774196
2024-09-03 13:00:00,101.81386633356207
2024-09-03 14:00:00,101.90704995251832
2024-09-03 15:00:00,101.8255877117002
2024-09-03 16:00:00,101.78319897586407
2024-09-03 17:00:00,101.75290728942754
2024-09-03 18:00:00,101.73786238757238
2024-09-03 19:00:00,101.72417938240297
2024-09-03 20:00:00,101.70613753227536
2024-09-03 21:00:00,101.69949794166985
2024-09-03 22:00:00,101.68347426216228
2024-09-03 23:00:00,101.68735165060167
2024-09-04 00:00:00,101.66388299065859
2024-09-04 01:00:00,101.63335633370043
2024-09-04 02:00:00,101.62331851004173
2024-09-04 03:00:00,101.62919196154807
2024-09-04 04:00:00,101.63119299430721
2024-09-04 05:00:00,101.68749941890667
2024-09-04 06:00:00,101.66389703247148
2024-09-04 07:00:00,101.66285024365557
2024-09-04 08:00:00,101.65999434130306
2024-09-04 09:00:00,101.66368983322822
2024-09-04 10:00:00,101.57454274422335
2024-09-04 11:00:00,101.27822779240019
2024-09-04 12:00:00,101.3725605655663
2024-09-04 13:00:00,101.31478081373531
2024-09-04 14:00:00,101.45014129858318
2024-09-04 15:00:00,101.35994480617433
2024-09-04 16:00:00,101.33031557833023
2024-09-04 17:00:00,101.28336608437986
2024-09-04 18:00:00,101.28199661973706
2024-09-04 19:00:00,101.26200478403483
2024-09-04 20:00:00,101.26463245597081
2024-09-04 21:00:00,101.31173422412601
2024-09-04 22:00:00,101.30442788855454
2024-09-04 23:00:00,101.3120819488971
2024-09-05 00:00:00,101.32647090864167
2024-09-05 01:00:00,101.30907562447248
2024-09-05 02:00:00,101.26836131676244
2024-09-05 03:00:00,101.2447879286009
2024-09-05 04:00:00,101.26031288586583
2024-09-05 05:00:00,101.15683508399609
2024-09-05 06:00:00,101.20244682869738
2024-09-05 07:00:00,101.16322949787958
2024-09-05 08:00:00,101.1859606117377
2024-09-05 09:00:00,101.16269763209799
2024-09-05 10:00:00,101.07815830654418
2024-09-05 11:00:00,101.33474778689701
2024-09-05 12:00:00,101.16930352000524
2024-09-05 13:00:00,101.13418217620062
2024-09-05 14:00:00,101.08167565818334
2024-09-05 15:00:00,101.10634027739458
2024-09-05 16:00:00,101.11696676775432
2024-09-05 17:00:00,101.05839558080275
2024-09-05 18:00:00,101.0678710466754
2024-09-05 19:00:00,101.06711187726302
2024-09-05 20:00:00,101.05224943302096
2024-09-05 21:00:00,101.01587484474662
2024-09-05 22:00:00,101.04324989661302
2024-09-05 23:00:00,101.03203982134619
2024-09-06 00:00:00,100.99036026035989
2024-09-06 01:00:00,100.97540236992084
2024-09-06 02:00:00,100.93641379852794
2024-09-06 03:00:00,100.86617335619228
2024-09-06 04:00:00,100.91698870071862
2024-09-06 05:00:00,100.93001810528835
2024-09-06 06:00:00,100.95847770569677
2024-09-06 07:00:00,101.00898138890659
2024-09-06 08:00:00,101.025000286885
2024-09-06 09:00:00,100.91726988621657
2024-09-06 10:00:00,101.24170172126108
2024-09-06 11:00:00,101.05099615637015
2024-09-06 12:00:00,101.16133242158404
2024-09-06 13:00:00,101.25868109634484
2024-09-06 14:00:00,101.19575522961718
2024-09-06 15:00:00,101.18060506550474
2024-09-06 16:00:00,101.17557544647784
2024-09-06 17:00:00,101.1943293557798
2024-09-08 18:00:00,101.18372955730462
2024-09-08 19:00:00,101.16313184668601
2024-09-08 20:00:00,101.20151417642337
2024-09-08 21:00:00,101.24688901311589
2024-09-08 22:00:00,101.26887447331762
2024-09-08 23:00:00,101.26537283776513
2024-09-09 00:00:00,101.26723564719283
2024-09-09 01:00:00,101.33139344449032
2024-09-09 02:00:00,101.37308052769328
2024-09-09 03:00:00,101.41543451180426
2024-09-09 04:00:00,101.46350825248803
2024-09-09 05:00:00,101.58386725361798
2024-09-09 06:00:00,101.53311469996169
2024-09-09 07:00:00,101.66376685231891
2024-09-09 08:00:00,101.61792579221363
2024-09-09 09:00:00,101.62181452419989
2024-09-09 10:00:00,101.52132105045892
2024-09-09 11:00:00,101.55553570084936
2024-09-09 12:00:00,101.56881720006034
2024-09-09 13:00:00,101.50108383142387
2024-09-09 14:00:00,101.5439526173597
2024-09-09 15:00:00,101.55280582026451
2024-09-09 16:00:00,101.60591079695659
2024-09-09 17:00:00,101.64770264434526
2024-09-09 18:00:00,101.62667192268434
2024-09-09 19:00:00,101.61617265172504
2024-09-09 20:00:00,101.65183152451583
2024-09-09 21:00:00,101.72007888952557
2024-09-09 22:00:00,101.68283908857634
2024-09-09 23:00:00,101.681591704982
2024-09-10 00:00:00,101.63524341740184
2024-09-10 01:00:00,101.60547875714299
2024-09-10 02:00:00,101.61692700066288
2024-09-10 03:00:00,101.56218623179667
2024-09-10 04:00:00,101.66684638379719
2024-09-10 05:00:00,101.65452609730676
2024-09-10 06:00:00,101.59661119213669
2024-09-10 07:00:00,101.56761019947176
2024-09-10 08:00:00,101.64151402378275
2024-09-10 09:00:00,101.63331887976922
2024-09-10 10:00:00,101.74504079061789
2024-09-10 11:00:00,101.73348697733641
2024-09-10 12:00:00,101.64053530292507
2024-09-10 13:00:00,101.6481318576028
2024-09-10 14:00:00,101.65704328427788
2024-09-10 15:00:00,101.6300729032996
2024-09-10 16:00:00,101.60732283180937
2024-09-10 17:00:00,101.67551624932179
2024-09-10 18:00:00,101.67049807532716
2024-09-10 19:00:00,101.67001617320551
2024-09-10 20:00:00,101.64824537784732
2024-09-10 21:00:00,101.6634603992775
2024-09-10 22:00:00,101.49304327520994
2024-09-10 23:00:00,101.51603788949994
2024-09-11 00:00:00,101.4340049582354
2024-09-11 01:00:00,101.3444306979093
2024-09-11 02:00:00,101.372777417574
2024-09-11 03:00:00,101.39216409140536
2024-09-11 04:00:00,101.42319427118763
2024-09-11 05:00:00,101.41775559712775
2024-09-11 06:00:00,101.43476929668113
2024-09-11 07:00:00,101.39250812721006
2024-09-11 08:00:00,101.4260225403062
2024-09-11 09:00:00,101.70441655971791
2024-09-11 10:00:00,101.7112335101353
2024-09-11 11:00:00,101.6969576142774
2024-09-11 12:00:00,101.70533509748235
2024-09-11 13:00:00,101.68288084448764
2024-09-11 14:00:00,101.67899663918134
2024-09-11 15:00:00,101.68351300435423
2024-09-11 16:00:00,101.708701235747
2024-09-11 17:00:00,101.74789408887511
2024-09-11 18:00:00,101.72844503853973
2024-09-11 19:00:00,101.75058552045101
2024-09-11 20:00:00,101.78933767584716
2024-09-11 21:00:00,101.82063304762434
2024-09-11 22:00:00,101.77337357679242
2024-09-11 23:00:00,101.78628072497693
2024-09-12 00:00:00,101.7585906311056
2024-09-12 01:00:00,101.75567658176791
2024-09-12 02:00:00,101.71555428185705
2024-09-12 03:00:00,101.78783772137199
2024-09-12 04:00:00,101.81951729221974
2024-09-12 05:00:00,101.74762414973316
2024-09-12 06:00:00,101.75321904614924
2024-09-12 07:00:00,101.70267045382006
2024-09-12 08:00:00,101.76317646551495
2024-09-12 09:00:00,101.63067893721966
2024-09-12 10:00:00,101.56518457064743
2024-09-12 11:00:00,101.56526730495459
2024-09-12 12:00:00,101.53711257679817
2024-09-12 13:00:00,101.51796631359385
2024-09-12 14:00:00,101.4179425770433
2024-09-12 15:00:00,101.36792021804855
2024-09-12 16:00:00,101.27404854568337
2024-09-12 17:00:00,101.23823918208197
2024-09-12 18:00:00,101.24202356034284
2024-09-12 19:00:00,101.25531078465546
2024-09-12 20:00:00,101.16913856264705
2024-09-12 21:00:00,101.0686017257167
2024-09-12 22:00:00,101.1111891713178
2024-09-12 23:00:00,101.06116825566902
2024-09-13 00:00:00,101.04639503524011
2024-09-13 01:00:00,101.06679551595475
2024-09-13 02:00:00,101.0718633027808
2024-09-13 03:00:00,101.11989375375022
2024-09-13 04:00:00,101.00376644607557
2024-09-13 05:00:00,100.98651471256083
2024-09-13 06:00:00,100.9828153656204
2024-09-13 07:00:00,101.02295088384358
2024-09-13 08:00:00,101.07136984353708
2024-09-13 09:00:00,100.97881332161944
2024-09-13 10:00:00,100.90711369151543
2024-09-13 11:00:00,100.9721053394434
2024-09-13 12:00:00,101.01867606987025
2024-09-13 13:00:00,101.05142239665503
2024-09-13 14:00:00,101.08377711035665
2024-09-13 15:00:00,101.11485444067208
2024-09-13 16:00:00,101.10772607928051
2024-09-13 17:00:00,101.11998123183679
2024-09-15 18:00:00,101.10144989980019
2024-09-15 19:00:00,101.02690326391995
2024-09-15 20:00:00,101.02550436467556
2024-09-15 21:00:00,100.97246918243448
2024-09-15 22:00:00,100.98405296123566
2024-09-15 23:00:00,100.97021401491803
2024-09-16 00:00:00,100.8165165974885
2024-09-16 01:00:00,100.87537135194694
2024-09-16 02:00:00,100.86610638482067
2024-09-16 03:00:00,100.72298994037168
2024-09-16 04:00:00,100.72986581492584
2024-09-16 05:00:00,100.66055197923997
2024-09-16 06:00:00,100.71476796091746
2024-09-16 07:00:00,100.69117018554071
2024-09-16 08:00:00,100.65005894965739
2024-09-16 09:00:00,100.69021778261656
2024-09-16 10:00:00,100.68107551407084
2024-09-16 11:00:00,100.7266825488349
2024-09-16 12:00:00,100.7710772254218
2024-09-16 13:00:00,100.712505768144
2024-09-16 14:00:00,100.74188041625196
2024-09-16 15:00:00,100.76295735622413
2024-09-16 16:00:00,100.70073865725345
2024-09-16 17:00:00,100.66198132310569
2024-09-16 18:00:00,100.67113701205278
2024-09-16 19:00:00,100.72712576040443
2024-09-16 20:00:00,100.71038482443113
2024-09-16 21:00:00,100.74529859797808
2024-09-16 22:00:00,100.67967639513198
2024-09-16 23:00:00,100.70153626624746
2024-09-17 00:00:00,100.72856852614578
2024-09-17 01:00:00,100.73666079139801
2024-09-17 02:00:00,100.71848268803804
2024-09-17 03:00:00,100.74386420633415
2024-09-17 04:00:00,100.6287202297459
2024-09-17 05:00:00,100.57098207696318
2024-09-17 06:00:00,100.6252178598028
2024-09-17 07:00:00,100.66824470420983
2024-09-17 08:00:00,100.62228371646985
2024-09-17 09:00:00,100.77212636094674
2024-09-17 10:00:00,100.9216175449746
2024-09-17 11:00:00,100.85390062482524
2024-09-17 12:00:00,100.93077650465395
2024-09-17 13:00:00,100.91630552630602
2024-09-17 14:00:00,100.9533575630015
2024-09-17 15:00:00,100.89466618258709
2024-09-17 16:00:00,100.9804289460353
2024-09-17 17:00:00,101.01993374566273
2024-09-17 18:00:00,101.00702358347034
2024-09-17 19:00:00,100.95060756900375
2024-09-17 20:00:00,100.91706604161519
2024-09-17 21:00:00,100.84584848275948
2024-09-17 22:00:00,100.82713934928346
2024-09-17 23:00:00,100.82393243645882
2024-09-18 00:00:00,100.82785119593999
2024-09-18 01:00:00,100.86543790566512
2024-09-18 02:00:00,100.88031713526637
2024-09-18 03:00:00,100.86407081761476
2024-09-18 04:00:00,100.81662034648542
2024-09-18 05:00:00,100.79660727525744
2024-09-18 06:00:00,100.71547300437481
2024-09-18 07:00:00,100.77529314428766
2024-09-18 08:00:00,100.83150061410079
2024-09-18 09:00:00,100.85311601751384
2024-09-18 10:00:00,100.74838921996464
2024-09-18 11:00:00,100.9003673198929
2024-09-18 12:00:00,100.93201465033965
2024-09-18 13:00:00,100.85537447005862
2024-09-18 14:00:00,100.84771579683452
2024-09-18 15:00:00,100.58831066457341
2024-09-18 16:00:00,101.06052973332132
2024-09-18 17:00:00,100.94152596318965
2024-09-18 18:00:00,100.93372677746501
2024-09-18 19:00:00,100.89681395264685
2024-09-18 20:00:00,101.0187527560399
2024-09-18 21:00:00,101.33704304817931
2024-09-18 22:00:00,101.34793824804733
2024-09-18 23:00:00,101.15019910465422
2024-09-19 00:00:00,101.0269634633388
2024-09-19 01:00:00,101.02035268478262
2024-09-19 02:00:00,100.8734179883204
2024-09-19 03:00:00,100.71120719253726
2024-09-19 04:00:00,100.72447309892496
2024-09-19 05:00:00,100.63562931608715
2024-09-19 06:00:00,100.52856887941492
2024-09-19 07:00:00,100.59577989538198
2024-09-19 08:00:00,100.6745605603121
2024-09-19 09:00:00,101.00312545848145
2024-09-19 10:00:00,100.99984846786082
2024-09-19 11:00:00,100.88815655600848
2024-09-19 12:00:00,100.75107297198971
2024-09-19 13:00:00,100.71197418024205
2024-09-19 14:00:00,100.66319526794574
2024-09-19 15:00:00,100.61441823287174
2024-09-19 16:00:00,100.6359693035882
2024-09-19 17:00:00,100.63378747494262
2024-09-19 18:00:00,100.63600560496602
2024-09-19 19:00:00,100.65026520545521
2024-09-19 20:00:00,100.6792260423402
2024-09-19 21:00:00,100.6307791235619
2024-09-19 22:00:00,100.63273639172782
2024-09-19 23:00:00,100.61872664934734
2024-09-20 00:00:00,100.56377779405531
2024-09-20 01:00:00,100.56261640206907
2024-09-20 02:00:00,100.58045159616859
2024-09-20 03:00:00,100.54901166919767
2024-09-20 04:00:00,100.71077420433512
2024-09-20 05:00:00,100.73089266072174
2024-09-20 06:00:00,100.7819469163126
2024-09-20 07:00:00,100.83639485688022
2024-09-20 08:00:00,100.80899961957459
2024-09-20 09:00:00,100.63479508684655
2024-09-20 10:00:00,100.84906751594497
2024-09-20 11:00:00,100.94231951653134
2024-09-20 12:00:00,100.78015717936398
2024-09-20 13:00:00,100.65077043118941
2024-09-20 14:00:00,100.77604093123394
2024-09-20 15:00:00,100.7219207975338
2024-09-20 16:00:00,100.75237026119846
2024-09-20 17:00:00,100.74688737606226
2024-09-22 18:00:00,100.74236734591693
2024-09-22 19:00:00,100.74679489356134
2024-09-22 20:00:00,100.78728060889202
2024-09-22 21:00:00,100.79051881579296
2024-09-22 22:00:00,100.81208159236547
2024-09-22 23:00:00,100.79153145634903
2024-09-23 00:00:00,100.79576078122295
2024-09-23 01:00:00,100.76853558543677
2024-09-23 02:00:00,100.75803270313087
2024-09-23 03:00:00,100.78258467484103
2024-09-23 04:00:00,101.12473221531826
2024-09-23 05:00:00,101.15886897185803
2024-09-23 06:00:00,101.06641335932812
2024-09-23 07:00:00,100.98054301298525
2024-09-23 08:00:00,100.94886447837067
2024-09-23 09:00:00,100.92688383028774
2024-09-23 10:00:00,100.89768524790063
2024-09-23 11:00:00,100.80630954825077
2024-09-23 12:00:00,100.80394272783055
2024-09-23 13:00:00,100.81166622029859
2024-09-23 14:00:00,100.83610457589374
2024-09-23 15:00:00,100.84915256859833
2024-09-23 16:00:00,100.88070854882191
2024-09-23 17:00:00,100.93997779586526
2024-09-23 18:00:00,100.92898549830761
2024-09-23 19:00:00,100.93318032538751
2024-09-23 20:00:00,100.93376992159561
2024-09-23 21:00:00,100.9543552082744
2024-09-23 22:00:00,100.94568363489627
2024-09-23 23:00:00,100.96314243229963
2024-09-24 00:00:00,100.92213985747902
2024-09-24 01:00:00,100.89412712387785
2024-09-24 02:00:00,100.93237266073356
2024-09-24 03:00:00,100.9732143633603
2024-09-24 04:00:00,100.90918109534705
2024-09-24 05:00:00,100.78735685391909
2024-09-24 06:00:00,100.80683863644252
2024-09-24 07:00:00,100.82232665751653
2024-09-24 08:00:00,100.81986879172294
2024-09-24 09:00:00,100.7284336873696
2024-09-24 10:00:00,100.75218756397709
2024-09-24 11:00:00,100.62025145801896
2024-09-24 12:00:00,100.64610828365433
2024-09-24 13:00:00,100.54145390912662
2024-09-24 14:00:00,100.50398854933319
2024-09-24 15:00:00,100.46727319233779
2024-09-24 16:00:00,100.37445811201718
2024-09-24 17:00:00,100.34634086493466
2024-09-24 18:00:00,100.35648752140989
2024-09-24 19:00:00,100.27221959846682
2024-09-24 20:00:00,100.23661034029635
2024-09-24 21:00:00,100.25065567130133
2024-09-24 22:00:00,100.32221170647955
2024-09-24 23:00:00,100.27118395011777
2024-09-25 00:00:00,100.24332836397659
2024-09-25 01:00:00,100.25976104199087
2024-09-25 02:00:00,100.27582478308867
2024-09-25 03:00:00,100.35473380192555
2024-09-25 04:00:00,100.38089479699224
2024-09-25 05:00:00,100.4448919571463
2024-09-25 06:00:00,100.49750440002711
2024-09-25 07:00:00,100.48941145103142
2024-09-25 08:00:00,100.4367824158174
2024-09-25 09:00:00,100.40325235103724
2024-09-25 10:00:00,100.39381961884644
2024-09-25 11:00:00,100.59087729375878
2024-09-25 12:00:00,100.80560808158414
2024-09-25 13:00:00,100.88095140999658
2024-09-25 14:00:00,100.86605246823889
2024-09-25 15:00:00,100.90984470249462
2024-09-25 16:00:00,100.97259350157975
2024-09-25 17:00:00,100.92982126296
2024-09-25 18:00:00,100.91280157420373
2024-09-25 19:00:00,100.92564682266845
2024-09-25 20:00:00,100.94868370859238
2024-09-25 21:00:00,100.86504092820263
2024-09-25 22:00:00,100.87277996764017
2024-09-25 23:00:00,100.86439806697203
2024-09-26 00:00:00,100.87412479573406
2024-09-26 01:00:00,100.84273845311962
2024-09-26 02:00:00,100.78654244693534
2024-09-26 03:00:00,100.78298498651918
2024-09-26 04:00:00,100.89769013707748
2024-09-26 05:00:00,100.84058830332624
2024-09-26 06:00:00,100.8023353579958
2024-09-26 07:00:00,100.68250445233267
2024-09-26 08:00:00,100.6681253309013
2024-09-26 09:00:00,100.726171755972
2024-09-26 10:00:00,100.80125821535725
2024-09-26 11:00:00,100.6500948602728
2024-09-26 12:00:00,100.5014055006047
2024-09-26 13:00:00,100.62668325718933
2024-09-26 14:00:00,100.53812976227334
2024-09-26 15:00:00,100.52165632300137
2024-09-26 16:00:00,100.5424827856433
2024-09-26 17:00:00,100.5650183879422
2024-09-26 18:00:00,100.56568140704199
2024-09-26 19:00:00,100.57279322332961
2024-09-26 20:00:00,100.60057056540053
2024-09-26 21:00:00,100.70300919817701
2024-09-26 22:00:00,100.73007061891255
2024-09-26 23:00:00,100.67481823827927
2024-09-27 00:00:00,100.68613426699049
2024-09-27 01:00:00,100.7789128549556
2024-09-27 02:00:00,100.83260006728288
2024-09-27 03:00:00,100.59103807918498
2024-09-27 04:00:00,100.70905436708993
2024-09-27 05:00:00,100.61962509286336
2024-09-27 06:00:00,100.52281565640412
2024-09-27 07:00:00,100.50365394300229
2024-09-27 08:00:00,100.4936891708185
2024-09-27 09:00:00,100.1680566588967
2024-09-27 10:00:00,100.28476018503369
2024-09-27 11:00:00,100.35044858563582
2024-09-27 12:00:00,100.46894900544544
2024-09-27 13:00:00,100.5114150318877
2024-09-27 14:00:00,100.43287746325927
2024-09-27 15:00:00,100.37914468504675
2024-09-27 16:00:00,100.41292486175236
2024-09-27 17:00:00,100.41565442573945
2024-09-29 18:00:00,100.44733653871944
2024-09-29 19:00:00,100.41050391668306
2024-09-29 20:00:00,100.4350099902789
2024-09-29 21:00:00,100.41672424805716
2024-09-29 22:00:00,100.45171438709967
2024-09-29 23:00:00,100.46066019457514
2024-09-30 00:00:00,100.46205787562847
2024-09-30 01:00:00,100.40476896453363
2024-09-30 02:00:00,100.333716572561
2024-09-30 03:00:00,100.37415985947419
2024-09-30 04:00:00,100.37870379800763
2024-09-30 05:00:00,100.19858724042844
2024-09-30 06:00:00,100.31536026252243
2024-09-30 07:00:00,100.32045628422321
2024-09-30 08:00:00,100.25915325842949
2024-09-30 09:00:00,100.35527368067757
2024-09-30 10:00:00,100.4925460861347
2024-09-30 11:00:00,100.51628204432546
2024-09-30 12:00:00,100.63675438597622
2024-09-30 13:00:00,100.58561055604544
2024-09-30 14:00:00,100.56892501129506
2024-09-30 15:00:00,100.78208179868344
2024-09-30 16:00:00,100.78183585302791
2024-09-30 17:00:00,100.75677027536963
2024-09-30 18:00:00,100.753174121317
2024-09-30 19:00:00,100.70679172593559
2024-09-30 20:00:00,100.75556863170556
2024-09-30 21:00:00,100.81024709363875
2024-09-30 22:00:00,100.70177126102271
2024-09-30 23:00:00,100.76917364652091
2024-10-01 00:00:00,100.81747146923728
2024-10-01 01:00:00,100.78707463858636
2024-10-01 02:00:00,100.80723067865101
2024-10-01 03:00:00,100.83148290315013
2024-10-01 04:00:00,100.96551979099999
2024-10-01 05:00:00,101.00913054734605
2024-10-01 06:00:00,101.04482706541509
2024-10-01 07:00:00,101.09336104088509
2024-10-01 08:00:00,101.10630156150386
2024-10-01 09:00:00,101.21483028778438
2024-10-01 10:00:00,101.16260382015149
2024-10-01 11:00:00,101.16331683313628
2024-10-01 12:00:00,101.23645009432147
2024-10-01 13:00:00,101.33227173544644
2024-10-01 14:00:00,101.2994042116677
2024-10-01 15:00:00,101.1945135429092
2024-10-01 16:00:00,101.21425037508875
2024-10-01 17:00:00,101.209763195834
2024-10-01 18:00:00,101.20435229967349
2024-10-01 19:00:00,101.21905077799774
2024-10-01 20:00:00,101.25814402246075
2024-10-01 21:00:00,101.25394632710844
2024-10-01 22:00:00,101.19989595549798
2024-10-01 23:00:00,101.2479712672312
2024-10-02 00:00:00,101.23713550502374
2024-10-02 01:00:00,101.25909804174721
2024-10-02 02:00:00,101.26504306192939
2024-10-02 03:00:00,101.24551770648054
2024-10-02 04:00:00,101.25390495092483
2024-10-02 05:00:00,101.23842960852426
2024-10-02 06:00:00,101.24398817990102
2024-10-02 07:00:00,101.33379475467838
2024-10-02 08:00:00,101.26313869643715
2024-10-02 09:00:00,101.48476142493452
2024-10-02 10:00:00,101.53016676418738
2024-10-02 11:00:00,101.67340803526456
2024-10-02 12:00:00,101.56165752436675
2024-10-02 13:00:00,101.57935602033201
2024-10-02 14:00:00,101.59220799451612
2024-10-02 15:00:00,101.67669924515695
2024-10-02 16:00:00,101.60818653764821
2024-10-02 17:00:00,101.64711919609809
2024-10-02 18:00:00,101.61330370356869
2024-10-02 19:00:00,101.65308577813222
2024-10-02 20:00:00,101.65817909262356
2024-10-02 21:00:00,101.74528546484063
2024-10-02 22:00:00,101.73150648754232
2024-10-02 23:00:00,101.75888222549924
2024-10-03 00:00:00,101.7676761179867
2024-10-03 01:00:00,101.77923618220946
2024-10-03 02:00:00,101.84447448355608
2024-10-03 03:00:00,101.8266771606059
2024-10-03 04:00:00,101.84875244093296
2024-10-03 05:00:00,101.88438437517097
2024-10-03 06:00:00,101.912385358831
2024-10-03 07:00:00,101.86107654601982
2024-10-03 08:00:00,101.84400115635796
2024-10-03 09:00:00,101.91814763599936
2024-10-03 10:00:00,101.87907808529171
2024-10-03 11:00:00,102.03268417535362
2024-10-03 12:00:00,102.0440124349229
2024-10-03 13:00:00,101.92248918782617
2024-10-03 14:00:00,101.91479660284536
2024-10-03 15:00:00,101.98715844469942
2024-10-03 16:00:00,101.9724617615154
2024-10-03 17:00:00,101.9704487669753
2024-10-03 18:00:00,101.94239885293719
2024-10-03 19:00:00,101.92817868780544
2024-10-03 20:00:00,101.9148686856031
2024-10-03 21:00:00,101.89627649773612
2024-10-03 22:00:00,101.91717397205728
2024-10-03 23:00:00,101.90048611701734
2024-10-04 00:00:00,101.9195128064935
2024-10-04 01:00:00,101.89988120882795
2024-10-04 02:00:00,101.83890492861082
2024-10-04 03:00:00,101.85996916468609
2024-10-04 04:00:00,101.87944044165341
2024-10-04 05:00:00,101.89654507060504
2024-10-04 06:00:00,101.8910324202928
2024-10-04 07:00:00,101.88071415271989
2024-10-04 08:00:00,101.8583250371325
2024-10-04 09:00:00,102.61472560425408
2024-10-04 10:00:00,102.5013731588098
2024-10-04 11:00:00,102.5129060002013
2024-10-04 12:00:00,102.59583863516805
2024-10-04 13:00:00,102.61728224294005
2024-10-04 14:00:00,102.54536434409907
2024-10-04 15:00:00,102.52053205530588
2024-10-04 16:00:00,102.48457519887005
2024-10-04 17:00:00,102.49132985513955
2024-10-06 18:00:00,102.5415473479411
2024-10-06 19:00:00,102.55634686605516
2024-10-06 20:00:00,102.53306192899831
2024-10-06 21:00:00,102.49859545216788
2024-10-06 22:00:00,102.46565232094629
2024-10-06 23:00:00,102.49712757429853
2024-10-07 00:00:00,102.47145175865842
2024-10-07 01:00:00,102.52017313412455
2024-10-07 02:00:00,102.51661964177163
2024-10-07 03:00:00,102.49052407857754
2024-10-07 04:00:00,102.49686512828214
2024-10-07 05:00:00,102.52317380516178
2024-10-07 06:00:00,102.60097451080664
2024-10-07 07:00:00,102.5998703014794
2024-10-07 08:00:00,102.46532984055737
2024-10-07 09:00:00,102.45888608621854
2024-10-07 10:00:00,102.43042974681767
2024-10-07 11:00:00,102.50163625497485
2024-10-07 12:00:00,102.47843622591188
2024-10-07 13:00:00,102.40553191004473
2024-10-07 14:00:00,102.42094348389962
2024-10-07 15:00:00,102.53803456118345
2024-10-07 16:00:00,102.49407118657412
2024-10-07 17:00:00,102.48968400876376
2024-10-07 18:00:00,102.48774610459598
2024-10-07 19:00:00,102.4167083271533
2024-10-07 20:00:00,102.48538933355022
2024-10-07 21:00:00,102.38885139065137
2024-10-07 22:00:00,102.38479589275948
2024-10-07 23:00:00,102.39595044341065
2024-10-08 00:00:00,102.40744389558769
2024-10-08 01:00:00,102.41110078369677
2024-10-08 02:00:00,102.41828814774321
2024-10-08 03:00:00,102.43722674280427
2024-10-08 04:00:00,102.30510882783003
2024-10-08 05:00:00,102.34476076560838
2024-10-08 06:00:00,102.38905840535207
2024-10-08 07:00:00,102.39900951881555
2024-10-08 08:00:00,102.3763990366909
2024-10-08 09:00:00,102.47573517413794
2024-10-08 10:00:00,102.48962210832882
2024-10-08 11:00:00,102.56288930302397
2024-10-08 12:00:00,102.55569961396084
2024-10-08 13:00:00,102.51691310631702
2024-10-08 14:00:00,102.5247645795672
2024-10-08 15:00:00,102.54741585370692
2024-10-08 16:00:00,102.49191352311831
2024-10-08 17:00:00,102.46163091588669
2024-10-08 18:00:00,102.46930739534564
2024-10-08 19:00:00,102.45474413249336
2024-10-08 20:00:00,102.49671969156414
2024-10-08 21:00:00,102.49862790604094
2024-10-08 22:00:00,102.50701155960029
2024-10-08 23:00:00,102.54318447994092
2024-10-09 00:00:00,102.57617745159176
2024-10-09 01:00:00,102.60518529099927
2024-10-09 02:00:00,102.5576246523646
2024-10-09 03:00:00,102.62802375431515
2024-10-09 04:00:00,102.65240986299234
2024-10-09 05:00:00,102.69057009232526
2024-10-09 06:00:00,102.61387678554014
2024-10-09 07:00:00,102.62092400484819
2024-10-09 08:00:00,102.71494001179596
2024-10-09 09:00:00,102.72413622273851
2024-10-09 10:00:00,102.77143953524377
2024-10-09 11:00:00,102.81506748641789
2024-10-09 12:00:00,102.796166599609
2024-10-09 13:00:00,102.87000080490523
2024-10-09 14:00:00,102.88098994898742
2024-10-09 15:00:00,102.92981409937256
2024-10-09 16:00:00,102.91487049758405
2024-10-09 17:00:00,102.89635830668759
2024-10-09 18:00:00,102.87626945535116
2024-10-09 19:00:00,102.89362615271071
2024-10-09 20:00:00,102.87862624511027
2024-10-09 21:00:00,102.88993128548762
2024-10-09 22:00:00,102.86105425838252
2024-10-09 23:00:00,102.875758604615
2024-10-10 00:00:00,102.8606156649416
2024-10-10 01:00:00,102.89624145648067
2024-10-10 02:00:00,102.89536961510416
2024-10-10 03:00:00,102.89009999918015
2024-10-10 04:00:00,102.87738866974975
2024-10-10 05:00:00,102.92608883632592
2024-10-10 06:00:00,102.89789234540588
2024-10-10 07:00:00,102.84953372046355
2024-10-10 08:00:00,102.94155239874678
2024-10-10 09:00:00,102.80813182329527
2024-10-10 10:00:00,102.87353312430804
2024-10-10 11:00:00,102.98382388913156
2024-10-10 12:00:00,102.94531331211125
2024-10-10 13:00:00,103.11529852896393
2024-10-10 14:00:00,103.00615491984233
2024-10-10 15:00:00,102.98888537222645
2024-10-10 16:00:00,102.87845759481094
2024-10-10 17:00:00,102.85623905915187
2024-10-10 18:00:00,102.85826548091264
2024-10-10 19:00:00,102.88744213512176
2024-10-10 20:00:00,102.89082195193458
2024-10-10 21:00:00,102.84377069558035
2024-10-10 22:00:00,102.91646892733381
2024-10-10 23:00:00,102.8748570560615
2024-10-11 00:00:00,102.86608519994041
2024-10-11 01:00:00,102.89843726983177
2024-10-11 02:00:00,102.89631603189642
2024-10-11 03:00:00,102.88187899995609
2024-10-11 04:00:00,102.83570483876552
2024-10-11 05:00:00,102.80159877341686
2024-10-11 06:00:00,102.89110866800614
2024-10-11 07:00:00,102.93540378900528
2024-10-11 08:00:00,102.95577745334805
2024-10-11 09:00:00,102.92593581338353
2024-10-11 10:00:00,102.88755763210204
2024-10-11 11:00:00,102.8955383525152
2024-10-11 12:00:00,102.8887318610206
2024-10-11 13:00:00,102.84080669089815
2024-10-11 14:00:00,102.84918993078792
2024-10-11 15:00:00,102.89002078662556
2024-10-11 16:00:00,102.9352765420653
2024-10-11 17:00:00,102.91212324147449
2024-10-13 18:00:00,102.93922561870318
2024-10-13 19:00:00,103.02335604831225
2024-10-13 20:00:00,103.05001254939211
2024-10-13 21:00:00,103.04232088979386
2024-10-13 22:00:00,103.03727609227896
2024-10-13 23:00:00,103.0324275359305
2024-10-14 00:00:00,103.01820545787706
2024-10-14 01:00:00,103.02609793343073
2024-10-14 02:00:00,103.00193047028267
2024-10-14 03:00:00,103.01715674938987
2024-10-14 04:00:00,103.01718249140116
2024-10-14 05:00:00,103.03436238849301
2024-10-14 06:00:00,103.03956436368878
2024-10-14 07:00:00,103.09389684104245
2024-10-14 08:00:00,103.1758902172311
2024-10-14 09:00:00,103.22588769154939
2024-10-14 10:00:00,103.14542760390538
2024-10-14 11:00:00,103.17201574027776
2024-10-14 12:00:00,103.22912563345989
2024-10-14 13:00:00,103.26471798231947
2024-10-14 14:00:00,103.24270468770737
2024-10-14 15:00:00,103.29636407261856
2024-10-14 16:00:00,103.23295961206888
2024-10-14 17:00:00,103.20361085204311
2024-10-14 18:00:00,103.19440202671947
2024-10-14 19:00:00,103.19721709358218
2024-10-14 20:00:00,103.19238432157347
2024-10-14 21:00:00,103.18229253848139
2024-10-14 22:00:00,103.17649746005101
2024-10-14 23:00:00,103.22299343273632
2024-10-15 00:00:00,103.27995603079866
2024-10-15 01:00:00,103.30283220540585
2024-10-15 02:00:00,103.31330517349127
2024-10-15 03:00:00,103.26875713505649
2024-10-15 04:00:00,103.19567822829343
2024-10-15 05:00:00,103.1039117344745
2024-10-15 06:00:00,103.05070655881917
2024-10-15 07:00:00,103.13983226895905
2024-10-15 08:00:00,103.17633691221538
2024-10-15 09:00:00,103.09172399491632
2024-10-15 10:00:00,103.09510789849732
2024-10-15 11:00:00,103.12981608488268
2024-10-15 12:00:00,103.16997719123817
2024-10-15 13:00:00,103.26340284123467
2024-10-15 14:00:00,103.30102799091874
2024-10-15 15:00:00,103.26055758758265
2024-10-15 16:00:00,103.25347823766654
2024-10-15 17:00:00,103.20509382729944
2024-10-15 18:00:00,103.20086055417954
2024-10-15 19:00:00,103.22822593475077
2024-10-15 20:00:00,103.26151458604724
2024-10-15 21:00:00,103.2681904857078
2024-10-15 22:00:00,103.18950430598613
2024-10-15 23:00:00,103.18810692479735
2024-10-16 00:00:00,103.20973954460823
2024-10-16 01:00:00,103.22736707476686
2024-10-16 02:00:00,103.2444334096942
2024-10-16 03:00:00,103.37982204070283
2024-10-16 04:00:00,103.36143459075029
2024-10-16 05:00:00,103.35995935808448
2024-10-16 06:00:00,103.26391597788147
2024-10-16 07:00:00,103.30283312634505
2024-10-16 08:00:00,103.23279716169371
2024-10-16 09:00:00,103.31949006593395
2024-10-16 10:00:00,103.28742045278325
2024-10-16 11:00:00,103.4075677481402
2024-10-16 12:00:00,103.47345673019443
2024-10-16 13:00:00,103.49136597430532
2024-10-16 14:00:00,103.53828719085459
2024-10-16 15:00:00,103.58941825016421
2024-10-16 16:00:00,103.56428928622967
2024-10-16 17:00:00,103.52664657550278
2024-10-16 18:00:00,103.5109212195687
2024-10-16 19:00:00,103.54732960878799
2024-10-16 20:00:00,103.53970537276697
2024-10-16 21:00:00,103.51831085128543
2024-10-16 22:00:00,103.49418929080672
2024-10-16 23:00:00,103.50835210791377
2024-10-17 00:00:00,103.58875281985483
2024-10-17 01:00:00,103.589167780132
2024-10-17 02:00:00,103.57620638278473
2024-10-17 03:00:00,103.62496729133112
2024-10-17 04:00:00,103.6163639929014
2024-10-17 05:00:00,103.64029387779465
2024-10-17 06:00:00,103.56470339847418
2024-10-17 07:00:00,103.5081211420202
2024-10-17 08:00:00,103.49292838971054
2024-10-17 09:00:00,103.6544195454678
2024-10-17 10:00:00,103.70886380252063
2024-10-17 11:00:00,103.77000521835946
2024-10-17 12:00:00,103.72987041831833
2024-10-17 13:00:00,103.80567347491636
2024-10-17 14:00:00,103.80779755590974
2024-10-17 15:00:00,103.82583565017497
2024-10-17 16:00:00,103.79806120166278
2024-10-17 17:00:00,103.77499548790588
2024-10-17 18:00:00,103.76304904850772
2024-10-17 19:00:00,103.79164104082763
2024-10-17 20:00:00,103.77729603553088
2024-10-17 21:00:00,103.77581084289011
2024-10-17 22:00:00,103.72883660369132
2024-10-17 23:00:00,103.69076516466203
2024-10-18 00:00:00,103.69235539473017
2024-10-18 01:00:00,103.68028277465675
2024-10-18 02:00:00,103.65835093882546
2024-10-18 03:00:00,103.62453420593933
2024-10-18 04:00:00,103.66074658415246
2024-10-18 05:00:00,103.67191167831085
2024-10-18 06:00:00,103.64218975326787
2024-10-18 07:00:00,103.63233941015248
2024-10-18 08:00:00,103.62181290890183
2024-10-18 09:00:00,103.54065779143934
2024-10-18 10:00:00,103.54724866153286
2024-10-18 11:00:00,103.55347921613279
2024-10-18 12:00:00,103.58655523801269
2024-10-18 13:00:00,103.46505008097765
2024-10-18 14:00:00,103.5192178774005
2024-10-18 15:00:00,103.49304973332607
2024-10-18 16:00:00,103.50199204890887
2024-10-18 17:00:00,103.46659840507996
2024-10-20 18:00:00,103.4781991233961
2024-10-20 19:00:00,103.4599828972959
2024-10-20 20:00:00,103.46752585401185
2024-10-20 21:00:00,103.48189486832896
2024-10-20 22:00:00,103.45700429359408
2024-10-20 23:00:00,103.45922308484404
2024-10-21 00:00:00,103.44736754005704
2024-10-21 01:00:00,103.51490001212001
2024-10-21 02:00:00,103.51064514758284
2024-10-21 03:00:00,103.6080259071426
2024-10-21 04:00:00,103.64529956900475
2024-10-21 05:00:00,103.6083753532744
2024-10-21 06:00:00,103.67948214755687
2024-10-21 07:00:00,103.6614857249213
2024-10-21 08:00:00,103.60561564613958
2024-10-21 09:00:00,103.58374001521021
2024-10-21 10:00:00,103.6743916656219
2024-10-21 11:00:00,103.79173529510089
2024-10-21 12:00:00,103.9356842843847
2024-10-21 13:00:00,103.93535459354146
2024-10-21 14:00:00,103.96423210931904
2024-10-21 15:00:00,104.00893765949961
2024-10-21 16:00:00,103.97864341720188
2024-10-21 17:00:00,103.99138450010516
2024-10-21 18:00:00,103.96566781111407
2024-10-21 19:00:00,103.97062435771471
2024-10-21 20:00:00,103.9626860783398
2024-10-21 21:00:00,103.96176642309132
2024-10-21 22:00:00,103.93305723415816
2024-10-21 23:00:00,103.97496877960322
2024-10-22 00:00:00,103.94970017842725
2024-10-22 01:00:00,103.93330163620556
2024-10-22 02:00:00,103.94293572817007
2024-10-22 03:00:00,103.89042287983963
2024-10-22 04:00:00,103.83409696059566
2024-10-22 05:00:00,103.91625942557752
2024-10-22 06:00:00,103.99309332000752
2024-10-22 07:00:00,103.9047422007805
2024-10-22 08:00:00,103.96588000523259
2024-10-22 09:00:00,104.02316661104
2024-10-22 10:00:00,104.0431841898355
2024-10-22 11:00:00,104.01706162472546
2024-10-22 12:00:00,104.0711128368675
2024-10-22 13:00:00,104.04209567903195
2024-10-22 14:00:00,104.0456987342275
2024-10-22 15:00:00,104.0761487250659
2024-10-22 16:00:00,104.10631761435344
2024-10-22 17:00:00,104.07501418603691
2024-10-22 18:00:00,104.07114280727164
2024-10-22 19:00:00,104.077849390122
2024-10-22 20:00:00,104.10189850866522
2024-10-22 21:00:00,104.15356025135195
2024-10-22 22:00:00,104.17086635037394
2024-10-22 23:00:00,104.1054056006946
2024-10-23 00:00:00,104.12463896706045
2024-10-23 01:00:00,104.15461138150586
2024-10-23 02:00:00,104.13017014960653
2024-10-23 03:00:00,104.26074272903638
2024-10-23 04:00:00,104.34027445252764
2024-10-23 05:00:00,104.286111694876
2024-10-23 06:00:00,104.36038026409142
2024-10-23 07:00:00,104.40298989345047
2024-10-23 08:00:00,104.5386301660051
2024-10-23 09:00:00,104.47831269536509
2024-10-23 10:00:00,104.47179200793978
2024-10-23 11:00:00,104.4806519392149
2024-10-23 12:00:00,104.42958987685068
2024-10-23 13:00:00,104.4874691701139
2024-10-23 14:00:00,104.52295125179481
2024-10-23 15:00:00,104.43246304609686
2024-10-23 16:00:00,104.37474043875619
2024-10-23 17:00:00,104.42376113774732
2024-10-23 18:00:00,104.41365352602925
2024-10-23 19:00:00,104.43827729405214
2024-10-23 20:00:00,104.44348392607492
2024-10-23 21:00:00,104.35875769966522
2024-10-23 22:00:00,104.40424142247115
2024-10-23 23:00:00,104.34869924197865
2024-10-24 00:00:00,104.350247510768
2024-10-24 01:00:00,104.28745879409554
2024-10-24 02:00:00,104.33186620476066
2024-10-24 03:00:00,104.32123956717938
2024-10-24 04:00:00,104.22892130166623
2024-10-24 05:00:00,104.17081210541977
2024-10-24 06:00:00,104.20269734421669
2024-10-24 07:00:00,104.17303212164325
2024-10-24 08:00:00,104.21132352017861
2024-10-24 09:00:00,104.20851648295815
2024-10-24 10:00:00,104.20548628413417
2024-10-24 11:00:00,104.22402892487257
2024-10-24 12:00:00,104.1852508730457
2024-10-24 13:00:00,104.13686703702011
2024-10-24 14:00:00,104.05629753793679
2024-10-24 15:00:00,104.05939155933123
2024-10-24 16:00:00,104.02030799396164
2024-10-24 17:00:00,104.02266161379723
2024-10-24 18:00:00,104.02066362155462
2024-10-24 19:00:00,104.03723560181264
2024-10-24 20:00:00,104.05144677300412
2024-10-24 21:00:00,104.08822668924746
2024-10-24 22:00:00,104.06211201628535
2024-10-24 23:00:00,104.03989259404386
2024-10-25 00:00:00,104.08046695317142
2024-10-25 01:00:00,104.06175924689519
2024-10-25 02:00:00,104.06111735988343
2024-10-25 03:00:00,104.11733925608046
2024-10-25 04:00:00,104.06718340338453
2024-10-25 05:00:00,104.06985080236366
2024-10-25 06:00:00,104.07095789793516
2024-10-25 07:00:00,104.04960350198178
2024-10-25 08:00:00,104.05537471823237
2024-10-25 09:00:00,103.9513149246629
2024-10-25 10:00:00,104.00260343154656
2024-10-25 11:00:00,104.02864263532555
2024-10-25 12:00:00,104.17242847378648
2024-10-25 13:00:00,104.22550925676828
2024-10-25 14:00:00,104.24914003265825
2024-10-25 15:00:00,104.2584690939419
2024-10-25 16:00:00,104.31768699726155
2024-10-25 17:00:00,104.3201102639434
2024-10-27 18:00:00,104.38400011941016
2024-10-27 19:00:00,104.39032846575097
2024-10-27 20:00:00,104.3900006305699
2024-10-27 21:00:00,104.4590594139156
2024-10-27 22:00:00,104.51527758420988
2024-10-27 23:00:00,104.50785636273226
2024-10-28 00:00:00,104.56143387057597
2024-10-28 01:00:00,104.5240703096763
2024-10-28 02:00:00,104.50822787044852
2024-10-28 03:00:00,104.44031956271424
2024-10-28 04:00:00,104.35481159793105
2024-10-28 05:00:00,104.24342207378417
2024-10-28 06:00:00,104.26788763813593
2024-10-28 07:00:00,104.19516579123486
2024-10-28 08:00:00,104.18752508473871
2024-10-28 09:00:00,104.20326455507507
2024-10-28 10:00:00,104.1844204590852
2024-10-28 11:00:00,104.17955788974346
2024-10-28 12:00:00,104.26617368683223
2024-10-28 13:00:00,104.28797313676021
2024-10-28 14:00:00,104.29710256903043
2024-10-28 15:00:00,104.31544257023596
2024-10-28 16:00:00,104.28456145872855
2024-10-28 17:00:00,104.31533950935918
2024-10-28 18:00:00,104.2972239351937
2024-10-28 19:00:00,104.31825353690061
2024-10-28 20:00:00,104.25942567451824
2024-10-28 21:00:00,104.2654821628273
2024-10-28 22:00:00,104.25359076791383
2024-10-28 23:00:00,104.28445428839161
2024-10-29 00:00:00,104.3290891238406
2024-10-29 01:00:00,104.31323211272472
2024-10-29 02:00:00,104.286409462244
2024-10-29 03:00:00,104.29045971867482
2024-10-29 04:00:00,104.3252636920369
2024-10-29 05:00:00,104.27388075219756
2024-10-29 06:00:00,104.27657780820097
2024-10-29 07:00:00,104.34495990411834
2024-10-29 08:00:00,104.42392829204128
2024-10-29 09:00:00,104.58749666837764
2024-10-29 10:00:00,104.50950676109143
2024-10-29 11:00:00,104.38474264526734
2024-10-29 12:00:00,104.41138616026176
2024-10-29 13:00:00,104.42724223180218
2024-10-29 14:00:00,104.37022647858996
2024-10-29 15:00:00,104.31694798399167
2024-10-29 16:00:00,104.31089062115511
2024-10-29 17:00:00,104.27042286594302
2024-10-29 18:00:00,104.2852742519477
2024-10-29 19:00:00,104.2435685420686
2024-10-29 20:00:00,104.2509761983102
2024-10-29 21:00:00,104.23586434526702
2024-10-29 22:00:00,104.23319161182958
2024-10-29 23:00:00,104.27083084648473
2024-10-30 00:00:00,104.31083407212704
2024-10-30 01:00:00,104.29604554684246
2024-10-30 02:00:00,104.28658332403816
2024-10-30 03:00:00,104.22658483993489
2024-10-30 04:00:00,104.2694688589933
2024-10-30 05:00:00,104.11460805945751
2024-10-30 06:00:00,104.12816708687359
2024-10-30 07:00:00,104.18111537069471
2024-10-30 08:00:00,104.26788718980028
2024-10-30 09:00:00,104.3923923851432
2024-10-30 10:00:00,104.11633162961084
2024-10-30 11:00:00,104.12341960321311
2024-10-30 12:00:00,104.00343389135837
2024-10-30 13:00:00,104.02126738195176
2024-10-30 14:00:00,104.01814206192557
2024-10-30 15:00:00,103.99356834957507
2024-10-30 16:00:00,104.06663831370439
2024-10-30 17:00:00,104.11809108626265
2024-10-30 18:00:00,104.08711168051705
2024-10-30 19:00:00,104.09827696629871
2024-10-30 20:00:00,104.09609360265988
2024-10-30 21:00:00,104.16303734004921
2024-10-30 22:00:00,104.21589710164828
2024-10-30 23:00:00,104.18186134047161
2024-10-31 00:00:00,104.13902507394471
2024-10-31 01:00:00,104.13878398682306
2024-10-31 02:00:00,104.10305323806179
2024-10-31 03:00:00,104.01780734038876
2024-10-31 04:00:00,103.96122200383131
2024-10-31 05:00:00,104.01189135154863
2024-10-31 06:00:00,103.96590595858338
2024-10-31 07:00:00,103.9639173057376
2024-10-31 08:00:00,103.97884947484818
2024-10-31 09:00:00,103.90287792086049
2024-10-31 10:00:00,104.09031262213445
2024-10-31 11:00:00,104.05779278393798
2024-10-31 12:00:00,104.15075075751243
2024-10-31 13:00:00,104.12565719725988
2024-10-31 14:00:00,104.07783354006507
2024-10-31 15:00:00,103.97459684258483
2024-10-31 16:00:00,103.91986454797687
2024-10-31 17:00:00,103.89040615295865
2024-10-31 18:00:00,103.90143452084727
2024-10-31 19:00:00,103.87438248961377
2024-10-31 20:00:00,103.88929053331518
2024-10-31 21:00:00,103.87623215932435
2024-10-31 22:00:00,103.9205760213433
2024-10-31 23:00:00,103.95076434052523
2024-11-01 00:00:00,103.9706143462534
2024-11-01 01:00:00,103.97271941893703
2024-11-01 02:00:00,104.02570202134596
2024-11-01 03:00:00,103.99846149593542
2024-11-01 04:00:00,104.06745046417912
2024-11-01 05:00:00,104.0957221676157
2024-11-01 06:00:00,104.12744394588015
2024-11-01 07:00:00,104.10512314741737
2024-11-01 08:00:00,104.04967912688053
2024-11-01 09:00:00,103.82574142850892
2024-11-01 10:00:00,103.9578257253018
2024-11-01 11:00:00,104.10663612487656
2024-11-01 12:00:00,104.16932990006993
2024-11-01 13:00:00,104.15368717519355
2024-11-01 14:00:00,104.29096184777049
2024-11-01 15:00:00,104.27900093780202
2024-11-01 16:00:00,104.30872487705186
2024-11-01 17:00:00,104.3091638471084
2024-11-03 18:00:00,103.90338806296471
2024-11-03 19:00:00,103.95126295103643
2024-11-03 20:00:00,103.88883580850964
2024-11-03 21:00:00,103.76915824315878
2024-11-03 22:00:00,103.73099897187761
2024-11-03 23:00:00,103.65877900707333
2024-11-04 00:00:00,103.70239037244538
2024-11-04 01:00:00,103.69427987354494
2024-11-04 02:00:00,103.77456667842752
2024-11-04 03:00:00,103.81547637804185
2024-11-04 04:00:00,103.79124532443582
2024-11-04 05:00:00,103.73614086531701
2024-11-04 06:00:00,103.70632862919766
2024-11-04 07:00:00,103.5820052594465
2024-11-04 08:00:00,103.68012044198429
2024-11-04 09:00:00,103.67769621790781
2024-11-04 10:00:00,103.69100358869689
2024-11-04 11:00:00,103.70590316134296
2024-11-04 12:00:00,103.84648837888076
2024-11-04 13:00:00,103.79946399956276
2024-11-04 14:00:00,103.83066787617086
2024-11-04 15:00:00,103.88281568921413
2024-11-04 16:00:00,103.90773605705245
2024-11-04 17:00:00,103.898777209035
2024-11-04 18:00:00,103.88025571172562
2024-11-04 19:00:00,103.92871359821915
2024-11-04 20:00:00,103.91482809480912
2024-11-04 21:00:00,103.90436779644222
2024-11-04 22:00:00,103.90338211315297
2024-11-04 23:00:00,103.93068080215298
2024-11-05 00:00:00,103.937257592233
2024-11-05 01:00:00,103.90651087269833
2024-11-05 02:00:00,103.8768413021445
2024-11-05 03:00:00,103.806617775805
2024-11-05 04:00:00,103.76227292316918
2024-11-05 05:00:00,103.7590696331125
2024-11-05 06:00:00,103.75771687252255
2024-11-05 07:00:00,103.70582909456023
2024-11-05 08:00:00,103.75221936932923
2024-11-05 09:00:00,103.75466745633656
2024-11-05 10:00:00,103.6203109530937
2024-11-05 11:00:00,103.67052215704354
2024-11-05 12:00:00,103.54429629908412
2024-11-05 13:00:00,103.4385275517062
2024-11-05 14:00:00,103.43530861504651
2024-11-05 15:00:00,103.42369850244042
2024-11-05 16:00:00,103.453952651061
2024-11-05 17:00:00,103.41440280532656
2024-11-05 18:00:00,103.44306262884409
2024-11-05 19:00:00,103.37224279357548
2024-11-05 20:00:00,104.21438680492476
2024-11-05 21:00:00,104.2138181470412
2024-11-05 22:00:00,104.85734388326584
2024-11-05 23:00:00,104.97704581912825
2024-11-06 00:00:00,104.70072115616831
2024-11-06 01:00:00,104.85053558501974
2024-11-06 02:00:00,105.12552552359081
2024-11-06 03:00:00,105.06866727616061
2024-11-06 04:00:00,104.74592966106788
2024-11-06 05:00:00,104.88975216326368
2024-11-06 06:00:00,104.94195481328697
2024-11-06 07:00:00,105.25755158686414
2024-11-06 08:00:00,105.39804693578705
2024-11-06 09:00:00,105.26742715056173
2024-11-06 10:00:00,105.2413905483943
2024-11-06 11:00:00,105.05329081681036
2024-11-06 12:00:00,105.11628913347124
2024-11-06 13:00:00,105.16091659418454
2024-11-06 14:00:00,104.95788526564922
2024-11-06 15:00:00,105.08291338598497
2024-11-06 16:00:00,105.1045167246052
2024-11-06 17:00:00,105.15858693670494
2024-11-06 18:00:00,105.14580161665198
2024-11-06 19:00:00,105.11151321026365
2024-11-06 20:00:00,105.19991604816781
2024-11-06 21:00:00,105.19685851144934
2024-11-06 22:00:00,105.02752454005577
2024-11-06 23:00:00,104.98161500914357
2024-11-07 00:00:00,104.98338638534983
2024-11-07 01:00:00,104.90242029290519
2024-11-07 02:00:00,104.86760748297205
2024-11-07 03:00:00,104.86577846991541
2024-11-07 04:00:00,104.76651472390203
2024-11-07 05:00:00,104.91773490378645
2024-11-07 06:00:00,104.86385291619892
2024-11-07 07:00:00,104.86152072832974
2024-11-07 08:00:00,104.66931686750573
2024-11-07 09:00:00,104.51185099208885
2024-11-07 10:00:00,104.3357074913266
2024-11-07 11:00:00,104.28932747150697
2024-11-07 12:00:00,104.44012791654103
2024-11-07 13:00:00,104.33190843881778
2024-11-07 14:00:00,104.40187823034887
2024-11-07 15:00:00,104.5120902851558
2024-11-07 16:00:00,104.33845371560024
2024-11-07 17:00:00,104.34007345240188
2024-11-07 18:00:00,104.3342854657539
2024-11-07 19:00:00,104.41696311512139
2024-11-07 20:00:00,104.45470195691222
2024-11-07 21:00:00,104.47685290234436
2024-11-07 22:00:00,104.53017578487881
2024-11-07 23:00:00,104.52134642756823
2024-11-08 00:00:00,104.47989634584586
2024-11-08 01:00:00,104.49105874311866
2024-11-08 02:00:00,104.51459865325391
2024-11-08 03:00:00,104.49892770597525
2024-11-08 04:00:00,104.48671615066328
2024-11-08 05:00:00,104.4722402302517
2024-11-08 06:00:00,104.45987334299076
2024-11-08 07:00:00,104.45898459403956
2024-11-08 08:00:00,104.56074856670281
2024-11-08 09:00:00,104.73304682925678
2024-11-08 10:00:00,104.73124983349895
2024-11-08 11:00:00,104.72762666593587
2024-11-08 12:00:00,105.03488417294012
2024-11-08 13:00:00,105.04948659896496
2024-11-08 14:00:00,105.058956849951
2024-11-08 15:00:00,104.9995363989958
2024-11-08 16:00:00,104.95009616906403
2024-11-08 17:00:00,104.95687199952751
2024-11-10 18:00:00,105.01740583626815
2024-11-10 19:00:00,105.018566986972
2024-11-10 20:00:00,105.02243748672473
2024-11-10 21:00:00,105.00633658594882
2024-11-10 22:00:00,105.01055927462284
2024-11-10 23:00:00,105.05889015727283
2024-11-11 00:00:00,105.09293055469838
2024-11-11 01:00:00,105.05976693524634
2024-11-11 02:00:00,105.01985600982361
2024-11-11 03:00:00,105.26816849284091
2024-11-11 04:00:00,105.29614157537503
2024-11-11 05:00:00,105.3167471756363
2024-11-11 06:00:00,105.40163627554249
2024-11-11 07:00:00,105.45583036788503
2024-11-11 08:00:00,105.5360803278566
2024-11-11 09:00:00,105.57977912656331
2024-11-11 10:00:00,105.60587630537141
2024-11-11 11:00:00,105.56811340088652
2024-11-11 12:00:00,105.52745007890033
2024-11-11 13:00:00,105.56018645325344
2024-11-11 14:00:00,105.5466350514749
2024-11-11 15:00:00,105.54315428500783
2024-11-11 16:00:00,105.49807914191364
2024-11-11 17:00:00,105.5004354432131
2024-11-11 18:00:00,105.49846609291033
2024-11-11 19:00:00,105.4290157680546
2024-11-11 20:00:00,105.49341952563712
2024-11-11 21:00:00,105.58636398382735
2024-11-11 22:00:00,105.6202926567078
2024-11-11 23:00:00,105.65041203070479
2024-11-12 00:00:00,105.5930358088023
2024-11-12 01:00:00,105.64774303786164
2024-11-12 02:00:00,105.70366027709684
2024-11-12 03:00:00,105.73535685737448
2024-11-12 04:00:00,105.74168837862864
2024-11-12 05:00:00,105.8005042157883
2024-11-12 06:00:00,105.85430001534516
2024-11-12 07:00:00,105.83338153718721
2024-11-12 08:00:00,105.80974589936939
2024-11-12 09:00:00,105.8219833953337
2024-11-12 10:00:00,105.90297596333892
2024-11-12 11:00:00,105.99925995768818
2024-11-12 12:00:00,106.13053943843428
2024-11-12 13:00:00,106.07697570718695
2024-11-12 14:00:00,105.99756780385775
2024-11-12 15:00:00,106.02427463371544
2024-11-12 16:00:00,105.93430010515773
2024-11-12 17:00:00,105.9226790844603
2024-11-12 18:00:00,105.93885298412712
2024-11-12 19:00:00,105.99105111773657
2024-11-12 20:00:00,106.04652131251575
2024-11-12 21:00:00,105.89887030462012
2024-11-12 22:00:00,105.92329643407204
2024-11-12 23:00:00,105.98604881770574
2024-11-13 00:00:00,105.99708087888291
2024-11-13 01:00:00,106.03921903086533
2024-11-13 02:00:00,106.05524598708007
2024-11-13 03:00:00,106.13886486618264
2024-11-13 04:00:00,106.05084605756164
2024-11-13 05:00:00,105.93400583944542
2024-11-13 06:00:00,106.04103970330549
2024-11-13 07:00:00,105.86093737243372
2024-11-13 08:00:00,105.92603243567676
2024-11-13 09:00:00,105.83650525498633
2024-11-13 10:00:00,106.26396280237843
2024-11-13 11:00:00,106.24132076089809
2024-11-13 12:00:00,106.4419919359669
2024-11-13 13:00:00,106.43274417221272
2024-11-13 14:00:00,106.51886879983573
2024-11-13 15:00:00,106.48357364719982
2024-11-13 16:00:00,106.51252218764081
2024-11-13 17:00:00,106.47745818978782
2024-11-13 18:00:00,106.47858394681501
2024-11-13 19:00:00,106.46399629132625
2024-11-13 20:00:00,106.49448680333924
2024-11-13 21:00:00,106.5872463502192
2024-11-13 22:00:00,106.65946222346
2024-11-13 23:00:00,106.66608116571881
2024-11-14 00:00:00,106.67528811429806
2024-11-14 01:00:00,106.6738695423165
2024-11-14 02:00:00,106.68064091803564
2024-11-14 03:00:00,106.616542172354
2024-11-14 04:00:00,106.74290067523819
2024-11-14 05:00:00,106.88848929010805
2024-11-14 06:00:00,106.9635784914077
2024-11-14 07:00:00,106.81741777676027
2024-11-14 08:00:00,106.77635634620992
2024-11-14 09:00:00,106.82539309678066
2024-11-14 10:00:00,106.62663713642227
2024-11-14 11:00:00,106.46786229471962
2024-11-14 12:00:00,106.56335334988124
2024-11-14 13:00:00,106.55689506210766
2024-11-14 14:00:00,106.67597698494666
2024-11-14 15:00:00,106.67298230767756
2024-11-14 16:00:00,106.93840458148512
2024-11-14 17:00:00,106.86958913468571
2024-11-14 18:00:00,106.85977565180836
2024-11-14 19:00:00,106.88822607563557
2024-11-14 20:00:00,106.89999968306816
2024-11-14 21:00:00,106.88345492064221
2024-11-14 22:00:00,106.78951585086529
2024-11-14 23:00:00,106.80769202555281
2024-11-15 00:00:00,106.7799947241755
2024-11-15 01:00:00,106.8067776072791
2024-11-15 02:00:00,106.6649937812405
2024-11-15 03:00:00,106.64465424833107
2024-11-15 04:00:00,106.53267240610018
2024-11-15 05:00:00,106.58297448840342
2024-11-15 06:00:00,106.46997973479644
2024-11-15 07:00:00,106.45135785715142
2024-11-15 08:00:00,106.46460257238266
2024-11-15 09:00:00,106.61026841660116
2024-11-15 10:00:00,106.8387552266262
2024-11-15 11:00:00,106.75095316311709
2024-11-15 12:00:00,106.61500240900689
2024-11-15 13:00:00,106.59671930144836
2024-11-15 14:00:00,106.54453837000338
2024-11-15 15:00:00,106.68788529587299
2024-11-15 16:00:00,106.76073634827475
2024-11-15 17:00:00,106.67908994760852
2024-11-17 18:00:00,106.74073247507958
2024-11-17 19:00:00,106.72593170322226
2024-11-17 20:00:00,106.5790500218467
2024-11-17 21:00:00,106.655625728036
2024-11-17 22:00:00,106.67629469790542
2024-11-17 23:00:00,106.73066425644502
2024-11-18 00:00:00,106.67117861212677
2024-11-18 01:00:00,106.69406020968093
2024-11-18 02:00:00,106.65605199741279
2024-11-18 03:00:00,106.64989090220992
2024-11-18 04:00:00,106.70564890506292
2024-11-18 05:00:00,106.54653589548903
2024-11-18 06:00:00,106.68556948939522
2024-11-18 07:00:00,106.74501087468951
2024-11-18 08:00:00,106.72470144192847
2024-11-18 09:00:00,106.5460369363545
2024-11-18 10:00:00,106.51967729211452
2024-11-18 11:00:00,106.47610284046833
2024-11-18 12:00:00,106.33834680823719
2024-11-18 13:00:00,106.2751455499736
2024-11-18 14:00:00,106.20672771510282
2024-11-18 15:00:00,106.2719665956055
2024-11-18 16:00:00,106.23839565007057
2024-11-18 17:00:00,106.20246252489956
2024-11-18 18:00:00,106.2043591868484
2024-11-18 19:00:00,106.23005642012181
2024-11-18 20:00:00,106.25365004757073
2024-11-18 21:00:00,106.1922748914055
2024-11-18 22:00:00,106.2069187834075
2024-11-18 23:00:00,106.16315175719092
2024-11-19 00:00:00,106.26549227530606
2024-11-19 01:00:00,106.29223620029045
2024-11-19 02:00:00,106.22746364136643
2024-11-19 03:00:00,106.34200322133225
2024-11-19 04:00:00,106.31623448270919
2024-11-19 05:00:00,106.49596363499889
2024-11-19 06:00:00,106.4123443265553
2024-11-19 07:00:00,106.44146033318982
2024-11-19 08:00:00,106.34643896369494
2024-11-19 09:00:00,106.26323324279849
2024-11-19 10:00:00,106.34596337651655
2024-11-19 11:00:00,106.20572399379822
2024-11-19 12:00:00,106.2943308482505
2024-11-19 13:00:00,106.30832361475755
2024-11-19 14:00:00,106.2236820868781
2024-11-19 15:00:00,106.2072131600883
2024-11-19 16:00:00,106.20414524105105
2024-11-19 17:00:00,106.17370371943215
2024-11-19 18:00:00,106.1768396938443
2024-11-19 19:00:00,106.10086073097357
2024-11-19 20:00:00,106.17845568630892
2024-11-19 21:00:00,106.15797610667933
2024-11-19 22:00:00,106.19678177251315
2024-11-19 23:00:00,106.2549767842867
2024-11-20 00:00:00,106.23375651234383
2024-11-20 01:00:00,106.2874866552286
2024-11-20 02:00:00,106.29586867953009
2024-11-20 03:00:00,106.38313115075677
2024-11-20 04:00:00,106.49377723630036
2024-11-20 05:00:00,106.58106584694367
2024-11-20 06:00:00,106.64500314318694
2024-11-20 07:00:00,106.61984410217559
2024-11-20 08:00:00,106.55977439450432
2024-11-20 09:00:00,106.57505813778647
2024-11-20 10:00:00,106.809759031645
2024-11-20 11:00:00,106.81819261676355
2024-11-20 12:00:00,106.82027555636778
2024-11-20 13:00:00,106.70522949099355
2024-11-20 14:00:00,106.69905055947702
2024-11-20 15:00:00,106.67937329594946
2024-11-20 16:00:00,106.68938745735238
2024-11-20 17:00:00,106.64599543350752
2024-11-20 18:00:00,106.64583773796227
2024-11-20 19:00:00,106.61071849500527
2024-11-20 20:00:00,106.59021094345094
2024-11-20 21:00:00,106.58773131908065
2024-11-20 22:00:00,106.55491273040326
2024-11-20 23:00:00,106.52096193746551
2024-11-21 00:00:00,106.5460149809151
2024-11-21 01:00:00,106.59737069391765
2024-11-21 02:00:00,106.55888860332571
2024-11-21 03:00:00,106.63343728689236
2024-11-21 04:00:00,106.55489699309209
2024-11-21 05:00:00,106.72652920280142
2024-11-21 06:00:00,106.69917896170035
2024-11-21 07:00:00,106.70830814752449
2024-11-21 08:00:00,106.64495192821614
2024-11-21 09:00:00,106.58744107393275
2024-11-21 10:00:00,106.56017825121344
2024-11-21 11:00:00,106.7571639927584
2024-11-21 12:00:00,107.07112075171578
2024-11-21 13:00:00,106.94199460982131
2024-11-21 14:00:00,106.96140704845217
2024-11-21 15:00:00,106.96902870698828
2024-11-21 16:00:00,107.01388802367224
2024-11-21 17:00:00,107.06299042745623
2024-11-21 18:00:00,107.0428054037127
2024-11-21 19:00:00,107.0678795726406
2024-11-21 20:00:00,107.0285889249315
2024-11-21 21:00:00,107.05823821794905
2024-11-21 22:00:00,107.05138180090789
2024-11-21 23:00:00,107.02962661597874
2024-11-22 00:00:00,107.04860421951702
2024-11-22 01:00:00,107.16719296048969
2024-11-22 02:00:00,107.15413012217522
2024-11-22 03:00:00,107.01123953677907
2024-11-22 04:00:00,107.28953002308825
2024-11-22 05:00:00,107.6202955138462
2024-11-22 06:00:00,107.37670047773999
2024-11-22 07:00:00,107.48702974880756
2024-11-22 08:00:00,107.56739679279595
2024-11-22 09:00:00,107.3977591679433
2024-11-22 10:00:00,107.62690174346494
2024-11-22 11:00:00,107.55828540072018
2024-11-22 12:00:00,107.6470114363661
2024-11-22 13:00:00,107.48703622350905
2024-11-22 14:00:00,107.51090365919733
2024-11-22 15:00:00,107.554249585773
2024-11-22 16:00:00,107.52648875258922
2024-11-22 17:00:00,107.480874485422
2024-11-24 18:00:00,106.95370147645494
2024-11-24 19:00:00,106.93820429039599
2024-11-24 20:00:00,106.93018178848945
2024-11-24 21:00:00,106.90914866704733
2024-11-24 22:00:00,106.84435967523099
2024-11-24 23:00:00,106.9350677341819
2024-11-25 00:00:00,106.94309659176713
2024-11-25 01:00:00,106.96141134010705
2024-11-25 02:00:00,106.92374035394866
2024-11-25 03:00:00,107.20747528653997
2024-11-25 04:00:00,107.14136989747497
2024-11-25 05:00:00,106.93899416843804
2024-11-25 06:00:00,106.95837933509108
2024-11-25 07:00:00,107.03521665135528
2024-11-25 08:00:00,106.92213343002605
2024-11-25 09:00:00,106.59494368632441
2024-11-25 10:00:00,106.74358147187301
2024-11-25 11:00:00,106.97904730713907
2024-11-25 12:00:00,107.04958469681517
2024-11-25 13:00:00,106.99243083937388
2024-11-25 14:00:00,106.80006922777453
2024-11-25 15:00:00,106.81371096035046
2024-11-25 16:00:00,106.91144855355985
2024-11-25 17:00:00,106.89998620336382
2024-11-25 18:00:00,106.88902961858129
2024-11-25 19:00:00,107.37356141147954
2024-11-25 20:00:00,107.46255202081682
2024-11-25 21:00:00,107.30896145995177
2024-11-25 22:00:00,107.23356780175423
2024-11-25 23:00:00,107.0676456350558
2024-11-26 00:00:00,107.06574418357856
2024-11-26 01:00:00,107.09090301241874
2024-11-26 02:00:00,107.11884339650467
2024-11-26 03:00:00,107.16157616758784
2024-11-26 04:00:00,107.02191090044005
2024-11-26 05:00:00,106.8750139415997
2024-11-26 06:00:00,106.7682225219257
2024-11-26 07:00:00,106.79762861749317
2024-11-26 08:00:00,106.65834947652819
2024-11-26 09:00:00,106.84971587769095
2024-11-26 10:00:00,106.8557706188632
2024-11-26 11:00:00,106.99323599265863
2024-11-26 12:00:00,107.00948143165716
2024-11-26 13:00:00,107.07617170294806
2024-11-26 14:00:00,107.10860515881218
2024-11-26 15:00:00,107.01734008200401
2024-11-26 16:00:00,106.94945605510499
2024-11-26 17:00:00,106.87581837323921
2024-11-26 18:00:00,106.89106392114608
2024-11-26 19:00:00,106.8406387725706
2024-11-26 20:00:00,106.84960407302081
2024-11-26 21:00:00,106.83537357766683
2024-11-26 22:00:00,106.85073516585136
2024-11-26 23:00:00,106.85376027917141
2024-11-27 00:00:00,106.87285780957667
2024-11-27 01:00:00,106.90470209763036
2024-11-27 02:00:00,106.83686473414829
2024-11-27 03:00:00,106.67825161789314
2024-11-27 04:00:00,106.55586011082083
2024-11-27 05:00:00,106.49261035694677
2024-11-27 06:00:00,106.3994169990504
2024-11-27 07:00:00,106.42948278123127
2024-11-27 08:00:00,106.4113181368823
2024-11-27 09:00:00,106.06670123575938
2024-11-27 10:00:00,106.18351705826507
2024-11-27 11:00:00,106.0314009529684
2024-11-27 12:00:00,105.97310233048681
2024-11-27 13:00:00,105.96456635383495
2024-11-27 14:00:00,106.03947697619496
2024-11-27 15:00:00,106.08115401718895
2024-11-27 16:00:00,106.06376637557138
2024-11-27 17:00:00,106.05768885372699
2024-11-27 18:00:00,106.03472922709273
2024-11-27 19:00:00,106.11341037561878
2024-11-27 20:00:00,106.20891332012529
2024-11-27 21:00:00,106.14666090052661
2024-11-27 22:00:00,106.15241801827113
2024-11-27 23:00:00,106.2183060145277
2024-11-28 00:00:00,106.20064877459261
2024-11-28 01:00:00,106.22397117036601
2024-11-28 02:00:00,106.23806449521139
2024-11-28 03:00:00,106.31259082261816
2024-11-28 04:00:00,106.2947676808641
2024-11-28 05:00:00,106.37209145277382
2024-11-28 06:00:00,106.22979169236297
2024-11-28 07:00:00,106.24114049720131
2024-11-28 08:00:00,106.26495487586217
2024-11-28 09:00:00,106.31581826214737
2024-11-28 10:00:00,106.20027337779986
2024-11-28 11:00:00,106.17556548840803
2024-11-28 12:00:00,106.15592187781328
2024-11-28 13:00:00,106.16379992703145
2024-11-28 14:00:00,106.15143355128876
2024-11-28 15:00:00,106.13814808953865
2024-11-28 16:00:00,106.15090377934168
2024-11-28 17:00:00,106.16217903070445
2024-11-28 18:00:00,106.16176423309429
2024-11-28 19:00:00,106.0797608988566
2024-11-28 20:00:00,105.99296066677448
2024-11-28 21:00:00,105.9412154426212
2024-11-28 22:00:00,105.88416368219112
2024-11-28 23:00:00,105.84926897417319
2024-11-29 00:00:00,105.86910578632173
2024-11-29 01:00:00,105.89875645682666
2024-11-29 02:00:00,105.78595646037431
2024-11-29 03:00:00,105.79881100072797
2024-11-29 04:00:00,105.90947911357713
2024-11-29 05:00:00,105.97839867327255
2024-11-29 06:00:00,105.91978518722571
2024-11-29 07:00:00,105.93993956259727
2024-11-29 08:00:00,105.94164914541074
2024-11-29 09:00:00,105.95476398436789
2024-11-29 10:00:00,106.00638068568342
2024-11-29 11:00:00,105.95510795328015
2024-11-29 12:00:00,106.08939486579418
2024-11-29 13:00:00,105.83570798661484
2024-11-29 14:00:00,105.79043353132445
2024-11-29 15:00:00,105.73557547395727
2024-11-29 16:00:00,105.728222404355
2024-11-29 17:00:00,105.78176444423801
